{
    "description": "",
    "tags": [
        {
            "id": 85749001,
            "tagId": 28285101,
            "name": "Frame",
            "value": 493,
            "labelerLogin": "kyn.emre",
            "createdAt": "2020-08-08T17:40:49.280Z",
            "updatedAt": "2020-08-08T17:40:49.280Z"
        }
    ],
    "size": {
        "height": 1912,
        "width": 2568
    },
    "objects": [
        {
            "id": 498639694,
            "classId": 1663235,
            "description": "",
            "geometryType": "polygon",
            "labelerLogin": "kyn.emre",
            "createdAt": "2020-08-08T17:40:49.280Z",
            "updatedAt": "2020-08-10T15:13:30.584Z",
            "tags": [
                {
                    "id": 97536570,
                    "tagId": 28285099,
                    "name": "Cell_4",
                    "value": null,
                    "labelerLogin": "kyn.emre",
                    "createdAt": "2020-08-08T17:40:49.280Z",
                    "updatedAt": "2020-08-08T17:40:49.280Z"
                }
            ],
            "classTitle": "Cell",
            "points": {
                "exterior": [
                    [
                        428,
                        1214
                    ],
                    [
                        442,
                        1225
                    ],
                    [
                        458,
                        1226
                    ],
                    [
                        474,
                        1227
                    ],
                    [
                        484,
                        1210
                    ],
                    [
                        503,
                        1193
                    ],
                    [
                        521,
                        1189
                    ],
                    [
                        527,
                        1152
                    ],
                    [
                        521,
                        1138
                    ],
                    [
                        526,
                        1119
                    ],
                    [
                        546,
                        1080
                    ],
                    [
                        557,
                        1045
                    ],
                    [
                        565,
                        1011
                    ],
                    [
                        563,
                        985
                    ],
                    [
                        567,
                        965
                    ],
                    [
                        562,
                        949
                    ],
                    [
                        548,
                        933
                    ],
                    [
                        541,
                        916
                    ],
                    [
                        526,
                        884
                    ],
                    [
                        504,
                        845
                    ],
                    [
                        508,
                        827
                    ],
                    [
                        496,
                        808
                    ],
                    [
                        487,
                        783
                    ],
                    [
                        467,
                        781
                    ],
                    [
                        456,
                        811
                    ],
                    [
                        452,
                        834
                    ],
                    [
                        437,
                        833
                    ],
                    [
                        422,
                        837
                    ],
                    [
                        404,
                        838
                    ],
                    [
                        396,
                        824
                    ],
                    [
                        388,
                        855
                    ],
                    [
                        374,
                        849
                    ],
                    [
                        362,
                        839
                    ],
                    [
                        367,
                        872
                    ],
                    [
                        368,
                        882
                    ],
                    [
                        354,
                        883
                    ],
                    [
                        344,
                        881
                    ],
                    [
                        339,
                        893
                    ],
                    [
                        345,
                        912
                    ],
                    [
                        357,
                        929
                    ],
                    [
                        355,
                        937
                    ],
                    [
                        353,
                        948
                    ],
                    [
                        361,
                        958
                    ],
                    [
                        354,
                        974
                    ],
                    [
                        335,
                        979
                    ],
                    [
                        329,
                        986
                    ],
                    [
                        344,
                        1001
                    ],
                    [
                        351,
                        1015
                    ],
                    [
                        340,
                        1024
                    ],
                    [
                        330,
                        1034
                    ],
                    [
                        330,
                        1046
                    ],
                    [
                        319,
                        1053
                    ],
                    [
                        319,
                        1070
                    ],
                    [
                        326,
                        1077
                    ],
                    [
                        335,
                        1079
                    ],
                    [
                        328,
                        1093
                    ],
                    [
                        322,
                        1101
                    ],
                    [
                        323,
                        1114
                    ],
                    [
                        331,
                        1119
                    ],
                    [
                        337,
                        1128
                    ],
                    [
                        333,
                        1137
                    ],
                    [
                        344,
                        1137
                    ],
                    [
                        338,
                        1145
                    ],
                    [
                        351,
                        1157
                    ],
                    [
                        352,
                        1165
                    ],
                    [
                        352,
                        1179
                    ],
                    [
                        352,
                        1196
                    ],
                    [
                        371,
                        1196
                    ],
                    [
                        386,
                        1200
                    ],
                    [
                        380,
                        1206
                    ],
                    [
                        375,
                        1216
                    ],
                    [
                        393,
                        1224
                    ],
                    [
                        407,
                        1235
                    ],
                    [
                        413,
                        1219
                    ]
                ],
                "interior": []
            }
        },
        {
            "id": 498639695,
            "classId": 1663235,
            "description": "",
            "geometryType": "polygon",
            "labelerLogin": "kyn.emre",
            "createdAt": "2020-08-08T17:40:49.280Z",
            "updatedAt": "2020-08-10T15:13:30.584Z",
            "tags": [
                {
                    "id": 97550053,
                    "tagId": 28298741,
                    "name": "Cell_7A",
                    "value": null,
                    "labelerLogin": "kyn.emre",
                    "createdAt": "2020-08-10T15:07:33.810Z",
                    "updatedAt": "2020-08-10T15:07:33.810Z"
                }
            ],
            "classTitle": "Cell",
            "points": {
                "exterior": [
                    [
                        1702,
                        549
                    ],
                    [
                        1725,
                        525
                    ],
                    [
                        1732,
                        503
                    ],
                    [
                        1733,
                        482
                    ],
                    [
                        1730,
                        468
                    ],
                    [
                        1718,
                        444
                    ],
                    [
                        1687,
                        435
                    ],
                    [
                        1649,
                        435
                    ],
                    [
                        1621,
                        445
                    ],
                    [
                        1594,
                        470
                    ],
                    [
                        1592,
                        492
                    ],
                    [
                        1598,
                        516
                    ],
                    [
                        1616,
                        537
                    ],
                    [
                        1640,
                        548
                    ],
                    [
                        1661,
                        551
                    ],
                    [
                        1688,
                        551
                    ]
                ],
                "interior": []
            }
        },
        {
            "id": 498639696,
            "classId": 1663235,
            "description": "",
            "geometryType": "polygon",
            "labelerLogin": "kyn.emre",
            "createdAt": "2020-08-08T17:40:49.280Z",
            "updatedAt": "2020-08-10T15:13:30.584Z",
            "tags": [
                {
                    "id": 97536572,
                    "tagId": 28285096,
                    "name": "Cell_8",
                    "value": null,
                    "labelerLogin": "kyn.emre",
                    "createdAt": "2020-08-08T17:40:49.280Z",
                    "updatedAt": "2020-08-08T17:40:49.280Z"
                }
            ],
            "classTitle": "Cell",
            "points": {
                "exterior": [
                    [
                        1964,
                        743
                    ],
                    [
                        2008,
                        741
                    ],
                    [
                        1995,
                        705
                    ],
                    [
                        1985,
                        634
                    ],
                    [
                        1993,
                        519
                    ],
                    [
                        2051,
                        371
                    ],
                    [
                        2100,
                        304
                    ],
                    [
                        2176,
                        246
                    ],
                    [
                        2268,
                        228
                    ],
                    [
                        2298,
                        223
                    ],
                    [
                        2365,
                        214
                    ],
                    [
                        2399,
                        202
                    ],
                    [
                        2406,
                        179
                    ],
                    [
                        2407,
                        129
                    ],
                    [
                        2385,
                        105
                    ],
                    [
                        2344,
                        56
                    ],
                    [
                        2313,
                        36
                    ],
                    [
                        2281,
                        15
                    ],
                    [
                        2264,
                        5
                    ],
                    [
                        2076,
                        6
                    ],
                    [
                        2047,
                        23
                    ],
                    [
                        2032,
                        83
                    ],
                    [
                        2070,
                        122
                    ],
                    [
                        2028,
                        160
                    ],
                    [
                        2006,
                        121
                    ],
                    [
                        1913,
                        114
                    ],
                    [
                        1833,
                        175
                    ],
                    [
                        1799,
                        222
                    ],
                    [
                        1789,
                        266
                    ],
                    [
                        1799,
                        274
                    ],
                    [
                        1807,
                        314
                    ],
                    [
                        1849,
                        348
                    ],
                    [
                        1884,
                        361
                    ],
                    [
                        1925,
                        357
                    ],
                    [
                        1922,
                        445
                    ],
                    [
                        1911,
                        505
                    ],
                    [
                        1890,
                        541
                    ],
                    [
                        1894,
                        570
                    ],
                    [
                        1875,
                        590
                    ],
                    [
                        1866,
                        615
                    ],
                    [
                        1845,
                        624
                    ],
                    [
                        1865,
                        637
                    ],
                    [
                        1891,
                        641
                    ],
                    [
                        1895,
                        662
                    ],
                    [
                        1883,
                        695
                    ],
                    [
                        1904,
                        699
                    ],
                    [
                        1912,
                        718
                    ],
                    [
                        1918,
                        735
                    ],
                    [
                        1937,
                        743
                    ]
                ],
                "interior": []
            }
        },
        {
            "id": 498639697,
            "classId": 1663235,
            "description": "",
            "geometryType": "polygon",
            "labelerLogin": "kyn.emre",
            "createdAt": "2020-08-08T17:40:49.280Z",
            "updatedAt": "2020-08-10T15:22:14.365Z",
            "tags": [
                {
                    "id": 97536573,
                    "tagId": 28285092,
                    "name": "Cell_6",
                    "value": null,
                    "labelerLogin": "kyn.emre",
                    "createdAt": "2020-08-08T17:40:49.280Z",
                    "updatedAt": "2020-08-08T17:40:49.280Z"
                }
            ],
            "classTitle": "Cell",
            "points": {
                "exterior": [
                    [
                        1736,
                        1499
                    ],
                    [
                        1674,
                        1510
                    ],
                    [
                        1553,
                        1518
                    ],
                    [
                        1427,
                        1518
                    ],
                    [
                        1315,
                        1516
                    ],
                    [
                        1226,
                        1504
                    ],
                    [
                        1134,
                        1484
                    ],
                    [
                        1000,
                        1457
                    ],
                    [
                        889,
                        1436
                    ],
                    [
                        791,
                        1410
                    ],
                    [
                        723,
                        1398
                    ],
                    [
                        679,
                        1382
                    ],
                    [
                        627,
                        1378
                    ],
                    [
                        579,
                        1398
                    ],
                    [
                        632,
                        1412
                    ],
                    [
                        711,
                        1437
                    ],
                    [
                        781,
                        1440
                    ],
                    [
                        879,
                        1459
                    ],
                    [
                        961,
                        1479
                    ],
                    [
                        1048,
                        1499
                    ],
                    [
                        1124,
                        1510
                    ],
                    [
                        1228,
                        1535
                    ],
                    [
                        1359,
                        1558
                    ],
                    [
                        1458,
                        1588
                    ],
                    [
                        1548,
                        1619
                    ],
                    [
                        1629,
                        1647
                    ],
                    [
                        1671,
                        1667
                    ],
                    [
                        1677,
                        1718
                    ],
                    [
                        1733,
                        1732
                    ],
                    [
                        1764,
                        1706
                    ],
                    [
                        1825,
                        1692
                    ],
                    [
                        1870,
                        1670
                    ],
                    [
                        1873,
                        1614
                    ],
                    [
                        1839,
                        1574
                    ],
                    [
                        1831,
                        1532
                    ],
                    [
                        1851,
                        1493
                    ],
                    [
                        1825,
                        1454
                    ],
                    [
                        1800,
                        1438
                    ],
                    [
                        1782,
                        1430
                    ],
                    [
                        1755,
                        1429
                    ],
                    [
                        1750,
                        1457
                    ],
                    [
                        1742,
                        1473
                    ]
                ],
                "interior": []
            }
        },
        {
            "id": 498639698,
            "classId": 1663235,
            "description": "",
            "geometryType": "polygon",
            "labelerLogin": "kyn.emre",
            "createdAt": "2020-08-08T17:40:49.280Z",
            "updatedAt": "2020-08-10T15:13:30.584Z",
            "tags": [
                {
                    "id": 97536574,
                    "tagId": 28285093,
                    "name": "Cell_5",
                    "value": null,
                    "labelerLogin": "kyn.emre",
                    "createdAt": "2020-08-08T17:40:49.280Z",
                    "updatedAt": "2020-08-08T17:40:49.280Z"
                }
            ],
            "classTitle": "Cell",
            "points": {
                "exterior": [
                    [
                        1701,
                        1505
                    ],
                    [
                        1689,
                        1481
                    ],
                    [
                        1587,
                        1471
                    ],
                    [
                        1540,
                        1442
                    ],
                    [
                        1525,
                        1463
                    ],
                    [
                        1480,
                        1474
                    ],
                    [
                        1369,
                        1459
                    ],
                    [
                        1260,
                        1428
                    ],
                    [
                        1201,
                        1397
                    ],
                    [
                        1157,
                        1364
                    ],
                    [
                        1153,
                        1332
                    ],
                    [
                        1150,
                        1308
                    ],
                    [
                        1139,
                        1290
                    ],
                    [
                        1122,
                        1282
                    ],
                    [
                        1098,
                        1257
                    ],
                    [
                        1085,
                        1257
                    ],
                    [
                        1059,
                        1254
                    ],
                    [
                        1023,
                        1266
                    ],
                    [
                        1003,
                        1284
                    ],
                    [
                        979,
                        1295
                    ],
                    [
                        969,
                        1311
                    ],
                    [
                        948,
                        1318
                    ],
                    [
                        938,
                        1322
                    ],
                    [
                        919,
                        1327
                    ],
                    [
                        904,
                        1347
                    ],
                    [
                        865,
                        1363
                    ],
                    [
                        833,
                        1373
                    ],
                    [
                        801,
                        1389
                    ],
                    [
                        800,
                        1406
                    ],
                    [
                        696,
                        1438
                    ],
                    [
                        623,
                        1426
                    ],
                    [
                        569,
                        1412
                    ],
                    [
                        520,
                        1398
                    ],
                    [
                        490,
                        1394
                    ],
                    [
                        465,
                        1373
                    ],
                    [
                        449,
                        1374
                    ],
                    [
                        436,
                        1364
                    ],
                    [
                        419,
                        1353
                    ],
                    [
                        405,
                        1354
                    ],
                    [
                        390,
                        1351
                    ],
                    [
                        372,
                        1339
                    ],
                    [
                        363,
                        1332
                    ],
                    [
                        348,
                        1319
                    ],
                    [
                        339,
                        1322
                    ],
                    [
                        315,
                        1306
                    ],
                    [
                        296,
                        1306
                    ],
                    [
                        285,
                        1306
                    ],
                    [
                        285,
                        1319
                    ],
                    [
                        285,
                        1330
                    ],
                    [
                        299,
                        1335
                    ],
                    [
                        315,
                        1336
                    ],
                    [
                        333,
                        1342
                    ],
                    [
                        349,
                        1349
                    ],
                    [
                        363,
                        1359
                    ],
                    [
                        376,
                        1360
                    ],
                    [
                        386,
                        1368
                    ],
                    [
                        401,
                        1370
                    ],
                    [
                        416,
                        1374
                    ],
                    [
                        427,
                        1382
                    ],
                    [
                        443,
                        1387
                    ],
                    [
                        458,
                        1395
                    ],
                    [
                        480,
                        1401
                    ],
                    [
                        524,
                        1416
                    ],
                    [
                        547,
                        1424
                    ],
                    [
                        568,
                        1436
                    ],
                    [
                        585,
                        1452
                    ],
                    [
                        599,
                        1468
                    ],
                    [
                        607,
                        1490
                    ],
                    [
                        611,
                        1513
                    ],
                    [
                        612,
                        1528
                    ],
                    [
                        636,
                        1528
                    ],
                    [
                        669,
                        1552
                    ],
                    [
                        691,
                        1564
                    ],
                    [
                        727,
                        1572
                    ],
                    [
                        756,
                        1554
                    ],
                    [
                        773,
                        1579
                    ],
                    [
                        806,
                        1561
                    ],
                    [
                        824,
                        1542
                    ],
                    [
                        841,
                        1533
                    ],
                    [
                        898,
                        1523
                    ],
                    [
                        948,
                        1521
                    ],
                    [
                        999,
                        1513
                    ],
                    [
                        1110,
                        1510
                    ],
                    [
                        1291,
                        1517
                    ],
                    [
                        1540,
                        1519
                    ],
                    [
                        1655,
                        1512
                    ]
                ],
                "interior": []
            }
        },
        {
            "id": 498639699,
            "classId": 1663235,
            "description": "",
            "geometryType": "polygon",
            "labelerLogin": "kyn.emre",
            "createdAt": "2020-08-08T17:40:49.280Z",
            "updatedAt": "2020-08-10T15:13:30.584Z",
            "tags": [
                {
                    "id": 97550044,
                    "tagId": 28285098,
                    "name": "Cell_3",
                    "value": null,
                    "labelerLogin": "kyn.emre",
                    "createdAt": "2020-08-10T15:04:51.889Z",
                    "updatedAt": "2020-08-10T15:04:51.889Z"
                }
            ],
            "classTitle": "Cell",
            "points": {
                "exterior": [
                    [
                        0,
                        701
                    ],
                    [
                        60,
                        647
                    ],
                    [
                        120,
                        601
                    ],
                    [
                        140,
                        560
                    ],
                    [
                        181,
                        530
                    ],
                    [
                        227,
                        504
                    ],
                    [
                        251,
                        504
                    ],
                    [
                        264,
                        463
                    ],
                    [
                        274,
                        441
                    ],
                    [
                        260,
                        404
                    ],
                    [
                        230,
                        389
                    ],
                    [
                        211,
                        360
                    ],
                    [
                        153,
                        406
                    ],
                    [
                        105,
                        379
                    ],
                    [
                        82,
                        351
                    ],
                    [
                        124,
                        330
                    ],
                    [
                        149,
                        280
                    ],
                    [
                        165,
                        247
                    ],
                    [
                        149,
                        224
                    ],
                    [
                        126,
                        211
                    ],
                    [
                        78,
                        224
                    ],
                    [
                        46,
                        228
                    ],
                    [
                        28,
                        195
                    ],
                    [
                        0,
                        159
                    ]
                ],
                "interior": []
            }
        },
        {
            "id": 498970858,
            "classId": 1663235,
            "description": "",
            "geometryType": "polygon",
            "labelerLogin": "kyn.emre",
            "createdAt": "2020-08-10T15:05:01.179Z",
            "updatedAt": "2020-08-10T15:13:30.584Z",
            "tags": [
                {
                    "id": 97550045,
                    "tagId": 28285095,
                    "name": "Cell_2",
                    "value": null,
                    "labelerLogin": "kyn.emre",
                    "createdAt": "2020-08-10T15:05:20.671Z",
                    "updatedAt": "2020-08-10T15:05:20.671Z"
                }
            ],
            "classTitle": "Cell",
            "points": {
                "exterior": [
                    [
                        0,
                        707
                    ],
                    [
                        27,
                        686
                    ],
                    [
                        65,
                        642
                    ],
                    [
                        119,
                        606
                    ],
                    [
                        140,
                        567
                    ],
                    [
                        164,
                        541
                    ],
                    [
                        191,
                        528
                    ],
                    [
                        219,
                        511
                    ],
                    [
                        252,
                        506
                    ],
                    [
                        276,
                        520
                    ],
                    [
                        290,
                        534
                    ],
                    [
                        281,
                        555
                    ],
                    [
                        294,
                        578
                    ],
                    [
                        247,
                        595
                    ],
                    [
                        212,
                        623
                    ],
                    [
                        159,
                        658
                    ],
                    [
                        111,
                        702
                    ],
                    [
                        80,
                        738
                    ],
                    [
                        49,
                        756
                    ],
                    [
                        26,
                        777
                    ],
                    [
                        0,
                        809
                    ]
                ],
                "interior": []
            }
        },
        {
            "id": 498970991,
            "classId": 1663235,
            "description": "",
            "geometryType": "polygon",
            "labelerLogin": "kyn.emre",
            "createdAt": "2020-08-10T15:07:42.000Z",
            "updatedAt": "2020-08-10T15:13:30.584Z",
            "tags": [
                {
                    "id": 97550054,
                    "tagId": 28298742,
                    "name": "Cell_7B",
                    "value": null,
                    "labelerLogin": "kyn.emre",
                    "createdAt": "2020-08-10T15:08:04.916Z",
                    "updatedAt": "2020-08-10T15:08:04.916Z"
                }
            ],
            "classTitle": "Cell",
            "points": {
                "exterior": [
                    [
                        1624,
                        546
                    ],
                    [
                        1605,
                        562
                    ],
                    [
                        1586,
                        585
                    ],
                    [
                        1577,
                        614
                    ],
                    [
                        1586,
                        646
                    ],
                    [
                        1604,
                        662
                    ],
                    [
                        1626,
                        667
                    ],
                    [
                        1659,
                        670
                    ],
                    [
                        1682,
                        661
                    ],
                    [
                        1701,
                        645
                    ],
                    [
                        1713,
                        616
                    ],
                    [
                        1713,
                        591
                    ],
                    [
                        1710,
                        573
                    ],
                    [
                        1702,
                        556
                    ],
                    [
                        1690,
                        551
                    ],
                    [
                        1671,
                        548
                    ],
                    [
                        1658,
                        545
                    ],
                    [
                        1640,
                        544
                    ]
                ],
                "interior": []
            }
        },
        {
            "id": 498971156,
            "classId": 1663235,
            "description": "",
            "geometryType": "polygon",
            "labelerLogin": "kyn.emre",
            "createdAt": "2020-08-10T15:11:21.461Z",
            "updatedAt": "2020-08-10T15:13:30.584Z",
            "tags": [
                {
                    "id": 97550060,
                    "tagId": 28298783,
                    "name": "Cell_11",
                    "value": null,
                    "labelerLogin": "kyn.emre",
                    "createdAt": "2020-08-10T15:12:08.650Z",
                    "updatedAt": "2020-08-10T15:12:08.650Z"
                }
            ],
            "classTitle": "Cell",
            "points": {
                "exterior": [
                    [
                        0,
                        1655
                    ],
                    [
                        26,
                        1658
                    ],
                    [
                        29,
                        1678
                    ],
                    [
                        34,
                        1700
                    ],
                    [
                        51,
                        1699
                    ],
                    [
                        63,
                        1702
                    ],
                    [
                        77,
                        1710
                    ],
                    [
                        77,
                        1725
                    ],
                    [
                        78,
                        1740
                    ],
                    [
                        77,
                        1753
                    ],
                    [
                        77,
                        1767
                    ],
                    [
                        85,
                        1782
                    ],
                    [
                        93,
                        1790
                    ],
                    [
                        100,
                        1799
                    ],
                    [
                        91,
                        1809
                    ],
                    [
                        80,
                        1816
                    ],
                    [
                        72,
                        1832
                    ],
                    [
                        79,
                        1853
                    ],
                    [
                        108,
                        1881
                    ],
                    [
                        133,
                        1895
                    ],
                    [
                        151,
                        1912
                    ],
                    [
                        0,
                        1912
                    ]
                ],
                "interior": []
            }
        },
        {
            "id": 498971238,
            "classId": 1663235,
            "description": "",
            "geometryType": "polygon",
            "labelerLogin": "kyn.emre",
            "createdAt": "2020-08-10T15:13:30.244Z",
            "updatedAt": "2020-08-10T15:16:01.501Z",
            "tags": [
                {
                    "id": 97550069,
                    "tagId": 28285100,
                    "name": "Cell_9",
                    "value": null,
                    "labelerLogin": "kyn.emre",
                    "createdAt": "2020-08-10T15:16:08.169Z",
                    "updatedAt": "2020-08-10T15:16:08.169Z"
                }
            ],
            "classTitle": "Cell",
            "points": {
                "exterior": [
                    [
                        2562,
                        1059
                    ],
                    [
                        2489,
                        1230
                    ],
                    [
                        2482,
                        1248
                    ],
                    [
                        2472,
                        1260
                    ],
                    [
                        2466,
                        1276
                    ],
                    [
                        2456,
                        1290
                    ],
                    [
                        2434,
                        1306
                    ],
                    [
                        2410,
                        1323
                    ],
                    [
                        2388,
                        1332
                    ],
                    [
                        2392,
                        1350
                    ],
                    [
                        2416,
                        1352
                    ],
                    [
                        2429,
                        1369
                    ],
                    [
                        2436,
                        1377
                    ],
                    [
                        2439,
                        1387
                    ],
                    [
                        2440,
                        1402
                    ],
                    [
                        2436,
                        1415
                    ],
                    [
                        2442,
                        1420
                    ],
                    [
                        2448,
                        1420
                    ],
                    [
                        2453,
                        1415
                    ],
                    [
                        2450,
                        1398
                    ],
                    [
                        2452,
                        1378
                    ],
                    [
                        2462,
                        1365
                    ],
                    [
                        2452,
                        1351
                    ],
                    [
                        2444,
                        1335
                    ],
                    [
                        2447,
                        1322
                    ],
                    [
                        2451,
                        1315
                    ],
                    [
                        2459,
                        1308
                    ],
                    [
                        2469,
                        1302
                    ],
                    [
                        2490,
                        1293
                    ],
                    [
                        2493,
                        1280
                    ],
                    [
                        2492,
                        1261
                    ],
                    [
                        2495,
                        1240
                    ]
                ],
                "interior": []
            }
        }
    ]
}