{
    "description": "",
    "tags": [
        {
            "id": 85748999,
            "tagId": 28285101,
            "name": "Frame",
            "value": 213,
            "labelerLogin": "kyn.emre",
            "createdAt": "2020-08-08T17:40:49.280Z",
            "updatedAt": "2020-08-08T17:40:49.280Z"
        }
    ],
    "size": {
        "height": 1912,
        "width": 2568
    },
    "objects": [
        {
            "id": 498639654,
            "classId": 1663235,
            "description": "",
            "geometryType": "polygon",
            "labelerLogin": "kyn.emre",
            "createdAt": "2020-08-08T17:40:49.280Z",
            "updatedAt": "2020-08-08T17:40:49.280Z",
            "tags": [
                {
                    "id": 97536530,
                    "tagId": 28285092,
                    "name": "Cell_6",
                    "value": null,
                    "labelerLogin": "kyn.emre",
                    "createdAt": "2020-08-08T17:40:49.280Z",
                    "updatedAt": "2020-08-08T17:40:49.280Z"
                }
            ],
            "classTitle": "Cell",
            "points": {
                "exterior": [
                    [
                        1275,
                        1764
                    ],
                    [
                        1317,
                        1750
                    ],
                    [
                        1362,
                        1783
                    ],
                    [
                        1397,
                        1767
                    ],
                    [
                        1409,
                        1726
                    ],
                    [
                        1390,
                        1699
                    ],
                    [
                        1413,
                        1661
                    ],
                    [
                        1449,
                        1637
                    ],
                    [
                        1503,
                        1611
                    ],
                    [
                        1568,
                        1588
                    ],
                    [
                        1632,
                        1588
                    ],
                    [
                        1679,
                        1604
                    ],
                    [
                        1723,
                        1593
                    ],
                    [
                        1761,
                        1572
                    ],
                    [
                        1791,
                        1563
                    ],
                    [
                        1772,
                        1522
                    ],
                    [
                        1742,
                        1494
                    ],
                    [
                        1690,
                        1506
                    ],
                    [
                        1652,
                        1502
                    ],
                    [
                        1604,
                        1506
                    ],
                    [
                        1597,
                        1537
                    ],
                    [
                        1540,
                        1550
                    ],
                    [
                        1489,
                        1555
                    ],
                    [
                        1425,
                        1562
                    ],
                    [
                        1367,
                        1563
                    ],
                    [
                        1303,
                        1536
                    ],
                    [
                        1240,
                        1506
                    ],
                    [
                        1209,
                        1520
                    ],
                    [
                        1184,
                        1551
                    ],
                    [
                        1150,
                        1583
                    ],
                    [
                        1127,
                        1619
                    ],
                    [
                        1127,
                        1675
                    ],
                    [
                        1155,
                        1703
                    ],
                    [
                        1160,
                        1727
                    ],
                    [
                        1165,
                        1760
                    ],
                    [
                        1142,
                        1803
                    ],
                    [
                        1174,
                        1808
                    ],
                    [
                        1187,
                        1825
                    ],
                    [
                        1201,
                        1817
                    ],
                    [
                        1206,
                        1794
                    ],
                    [
                        1251,
                        1785
                    ]
                ],
                "interior": []
            }
        },
        {
            "id": 498639655,
            "classId": 1663235,
            "description": "",
            "geometryType": "polygon",
            "labelerLogin": "kyn.emre",
            "createdAt": "2020-08-08T17:40:49.280Z",
            "updatedAt": "2020-08-08T17:40:49.280Z",
            "tags": [
                {
                    "id": 97536531,
                    "tagId": 28285093,
                    "name": "Cell_5",
                    "value": null,
                    "labelerLogin": "kyn.emre",
                    "createdAt": "2020-08-08T17:40:49.280Z",
                    "updatedAt": "2020-08-08T17:40:49.280Z"
                }
            ],
            "classTitle": "Cell",
            "points": {
                "exterior": [
                    [
                        1263,
                        1517
                    ],
                    [
                        1268,
                        1476
                    ],
                    [
                        1274,
                        1444
                    ],
                    [
                        1239,
                        1425
                    ],
                    [
                        1206,
                        1401
                    ],
                    [
                        1182,
                        1365
                    ],
                    [
                        1135,
                        1343
                    ],
                    [
                        1082,
                        1358
                    ],
                    [
                        1065,
                        1385
                    ],
                    [
                        1066,
                        1415
                    ],
                    [
                        1075,
                        1437
                    ],
                    [
                        989,
                        1431
                    ],
                    [
                        893,
                        1417
                    ],
                    [
                        875,
                        1404
                    ],
                    [
                        875,
                        1373
                    ],
                    [
                        849,
                        1356
                    ],
                    [
                        820,
                        1333
                    ],
                    [
                        804,
                        1322
                    ],
                    [
                        764,
                        1296
                    ],
                    [
                        729,
                        1281
                    ],
                    [
                        696,
                        1300
                    ],
                    [
                        657,
                        1316
                    ],
                    [
                        617,
                        1329
                    ],
                    [
                        595,
                        1333
                    ],
                    [
                        621,
                        1355
                    ],
                    [
                        605,
                        1366
                    ],
                    [
                        611,
                        1388
                    ],
                    [
                        595,
                        1398
                    ],
                    [
                        621,
                        1401
                    ],
                    [
                        650,
                        1407
                    ],
                    [
                        680,
                        1421
                    ],
                    [
                        712,
                        1444
                    ],
                    [
                        726,
                        1467
                    ],
                    [
                        702,
                        1512
                    ],
                    [
                        706,
                        1546
                    ],
                    [
                        736,
                        1568
                    ],
                    [
                        765,
                        1569
                    ],
                    [
                        798,
                        1581
                    ],
                    [
                        811,
                        1605
                    ],
                    [
                        855,
                        1613
                    ],
                    [
                        899,
                        1632
                    ],
                    [
                        947,
                        1676
                    ],
                    [
                        986,
                        1725
                    ],
                    [
                        1010,
                        1765
                    ],
                    [
                        987,
                        1784
                    ],
                    [
                        987,
                        1819
                    ],
                    [
                        1010,
                        1855
                    ],
                    [
                        1045,
                        1871
                    ],
                    [
                        1086,
                        1883
                    ],
                    [
                        1133,
                        1875
                    ],
                    [
                        1173,
                        1860
                    ],
                    [
                        1187,
                        1825
                    ],
                    [
                        1174,
                        1808
                    ],
                    [
                        1142,
                        1803
                    ],
                    [
                        1153,
                        1783
                    ],
                    [
                        1165,
                        1760
                    ],
                    [
                        1158,
                        1706
                    ],
                    [
                        1127,
                        1675
                    ],
                    [
                        1127,
                        1620
                    ],
                    [
                        1150,
                        1583
                    ],
                    [
                        1186,
                        1549
                    ],
                    [
                        1210,
                        1520
                    ],
                    [
                        1241,
                        1506
                    ]
                ],
                "interior": []
            }
        },
        {
            "id": 498639656,
            "classId": 1663235,
            "description": "",
            "geometryType": "polygon",
            "labelerLogin": "kyn.emre",
            "createdAt": "2020-08-08T17:40:49.280Z",
            "updatedAt": "2020-08-08T17:40:49.280Z",
            "tags": [
                {
                    "id": 97536532,
                    "tagId": 28285100,
                    "name": "Cell_9",
                    "value": null,
                    "labelerLogin": "kyn.emre",
                    "createdAt": "2020-08-08T17:40:49.280Z",
                    "updatedAt": "2020-08-08T17:40:49.280Z"
                }
            ],
            "classTitle": "Cell",
            "points": {
                "exterior": [
                    [
                        2563,
                        700
                    ],
                    [
                        2519,
                        680
                    ],
                    [
                        2472,
                        646
                    ],
                    [
                        2441,
                        589
                    ],
                    [
                        2428,
                        535
                    ],
                    [
                        2411,
                        502
                    ],
                    [
                        2381,
                        496
                    ],
                    [
                        2365,
                        516
                    ],
                    [
                        2369,
                        542
                    ],
                    [
                        2358,
                        570
                    ],
                    [
                        2362,
                        610
                    ],
                    [
                        2382,
                        632
                    ],
                    [
                        2384,
                        673
                    ],
                    [
                        2381,
                        726
                    ],
                    [
                        2339,
                        805
                    ],
                    [
                        2292,
                        868
                    ],
                    [
                        2241,
                        920
                    ],
                    [
                        2206,
                        922
                    ],
                    [
                        2189,
                        916
                    ],
                    [
                        2184,
                        946
                    ],
                    [
                        2163,
                        968
                    ],
                    [
                        2167,
                        998
                    ],
                    [
                        2170,
                        1038
                    ],
                    [
                        2179,
                        1077
                    ],
                    [
                        2211,
                        1076
                    ],
                    [
                        2238,
                        1046
                    ],
                    [
                        2271,
                        985
                    ],
                    [
                        2287,
                        946
                    ],
                    [
                        2325,
                        906
                    ],
                    [
                        2373,
                        855
                    ],
                    [
                        2419,
                        841
                    ],
                    [
                        2488,
                        816
                    ],
                    [
                        2537,
                        801
                    ],
                    [
                        2567,
                        800
                    ]
                ],
                "interior": []
            }
        },
        {
            "id": 498639657,
            "classId": 1663235,
            "description": "",
            "geometryType": "polygon",
            "labelerLogin": "kyn.emre",
            "createdAt": "2020-08-08T17:40:49.280Z",
            "updatedAt": "2020-08-08T17:40:49.280Z",
            "tags": [
                {
                    "id": 97536533,
                    "tagId": 28285094,
                    "name": "Cell_7",
                    "value": null,
                    "labelerLogin": "kyn.emre",
                    "createdAt": "2020-08-08T17:40:49.280Z",
                    "updatedAt": "2020-08-08T17:40:49.280Z"
                }
            ],
            "classTitle": "Cell",
            "points": {
                "exterior": [
                    [
                        1915,
                        769
                    ],
                    [
                        1938,
                        764
                    ],
                    [
                        1947,
                        749
                    ],
                    [
                        1946,
                        727
                    ],
                    [
                        1938,
                        711
                    ],
                    [
                        1968,
                        715
                    ],
                    [
                        1987,
                        716
                    ],
                    [
                        2014,
                        702
                    ],
                    [
                        2020,
                        689
                    ],
                    [
                        2000,
                        677
                    ],
                    [
                        1983,
                        662
                    ],
                    [
                        1952,
                        665
                    ],
                    [
                        1955,
                        644
                    ],
                    [
                        1963,
                        608
                    ],
                    [
                        1959,
                        563
                    ],
                    [
                        1935,
                        528
                    ],
                    [
                        1898,
                        511
                    ],
                    [
                        1857,
                        507
                    ],
                    [
                        1829,
                        517
                    ],
                    [
                        1802,
                        526
                    ],
                    [
                        1799,
                        509
                    ],
                    [
                        1805,
                        491
                    ],
                    [
                        1784,
                        486
                    ],
                    [
                        1776,
                        477
                    ],
                    [
                        1760,
                        493
                    ],
                    [
                        1739,
                        498
                    ],
                    [
                        1715,
                        501
                    ],
                    [
                        1698,
                        525
                    ],
                    [
                        1682,
                        540
                    ],
                    [
                        1681,
                        559
                    ],
                    [
                        1672,
                        565
                    ],
                    [
                        1661,
                        587
                    ],
                    [
                        1667,
                        612
                    ],
                    [
                        1675,
                        637
                    ],
                    [
                        1684,
                        651
                    ],
                    [
                        1698,
                        673
                    ],
                    [
                        1707,
                        698
                    ],
                    [
                        1728,
                        701
                    ],
                    [
                        1734,
                        718
                    ],
                    [
                        1751,
                        706
                    ],
                    [
                        1763,
                        680
                    ],
                    [
                        1787,
                        677
                    ],
                    [
                        1804,
                        692
                    ],
                    [
                        1805,
                        721
                    ],
                    [
                        1815,
                        738
                    ],
                    [
                        1835,
                        754
                    ],
                    [
                        1847,
                        781
                    ],
                    [
                        1862,
                        807
                    ],
                    [
                        1871,
                        784
                    ],
                    [
                        1876,
                        760
                    ],
                    [
                        1886,
                        734
                    ],
                    [
                        1900,
                        746
                    ],
                    [
                        1896,
                        760
                    ],
                    [
                        1902,
                        767
                    ]
                ],
                "interior": []
            }
        },
        {
            "id": 498639658,
            "classId": 1663235,
            "description": "",
            "geometryType": "polygon",
            "labelerLogin": "kyn.emre",
            "createdAt": "2020-08-08T17:40:49.280Z",
            "updatedAt": "2020-08-08T17:40:49.280Z",
            "tags": [
                {
                    "id": 97536534,
                    "tagId": 28285095,
                    "name": "Cell_2",
                    "value": null,
                    "labelerLogin": "kyn.emre",
                    "createdAt": "2020-08-08T17:40:49.280Z",
                    "updatedAt": "2020-08-08T17:40:49.280Z"
                }
            ],
            "classTitle": "Cell",
            "points": {
                "exterior": [
                    [
                        108,
                        384
                    ],
                    [
                        88,
                        436
                    ],
                    [
                        101,
                        492
                    ],
                    [
                        84,
                        531
                    ],
                    [
                        48,
                        560
                    ],
                    [
                        57,
                        603
                    ],
                    [
                        50,
                        660
                    ],
                    [
                        75,
                        645
                    ],
                    [
                        62,
                        698
                    ],
                    [
                        140,
                        708
                    ],
                    [
                        168,
                        696
                    ],
                    [
                        248,
                        685
                    ],
                    [
                        318,
                        717
                    ],
                    [
                        347,
                        741
                    ],
                    [
                        400,
                        771
                    ],
                    [
                        457,
                        763
                    ],
                    [
                        496,
                        779
                    ],
                    [
                        523,
                        737
                    ],
                    [
                        553,
                        743
                    ],
                    [
                        572,
                        760
                    ],
                    [
                        598,
                        783
                    ],
                    [
                        623,
                        748
                    ],
                    [
                        671,
                        748
                    ],
                    [
                        684,
                        767
                    ],
                    [
                        739,
                        758
                    ],
                    [
                        760,
                        746
                    ],
                    [
                        790,
                        746
                    ],
                    [
                        811,
                        723
                    ],
                    [
                        844,
                        723
                    ],
                    [
                        858,
                        703
                    ],
                    [
                        898,
                        701
                    ],
                    [
                        874,
                        680
                    ],
                    [
                        854,
                        669
                    ],
                    [
                        825,
                        627
                    ],
                    [
                        795,
                        625
                    ],
                    [
                        755,
                        638
                    ],
                    [
                        698,
                        649
                    ],
                    [
                        612,
                        650
                    ],
                    [
                        513,
                        626
                    ],
                    [
                        420,
                        588
                    ],
                    [
                        342,
                        567
                    ],
                    [
                        294,
                        530
                    ],
                    [
                        271,
                        499
                    ],
                    [
                        279,
                        476
                    ],
                    [
                        253,
                        469
                    ],
                    [
                        241,
                        443
                    ],
                    [
                        178,
                        429
                    ],
                    [
                        147,
                        417
                    ]
                ],
                "interior": []
            }
        },
        {
            "id": 498639659,
            "classId": 1663235,
            "description": "",
            "geometryType": "polygon",
            "labelerLogin": "kyn.emre",
            "createdAt": "2020-08-08T17:40:49.280Z",
            "updatedAt": "2020-08-08T17:40:49.280Z",
            "tags": [
                {
                    "id": 97536535,
                    "tagId": 28285096,
                    "name": "Cell_8",
                    "value": null,
                    "labelerLogin": "kyn.emre",
                    "createdAt": "2020-08-08T17:40:49.280Z",
                    "updatedAt": "2020-08-08T17:40:49.280Z"
                }
            ],
            "classTitle": "Cell",
            "points": {
                "exterior": [
                    [
                        1539,
                        525
                    ],
                    [
                        1557,
                        514
                    ],
                    [
                        1573,
                        483
                    ],
                    [
                        1609,
                        471
                    ],
                    [
                        1637,
                        459
                    ],
                    [
                        1667,
                        413
                    ],
                    [
                        1719,
                        396
                    ],
                    [
                        1771,
                        363
                    ],
                    [
                        1804,
                        347
                    ],
                    [
                        1843,
                        314
                    ],
                    [
                        1883,
                        291
                    ],
                    [
                        1909,
                        256
                    ],
                    [
                        1895,
                        246
                    ],
                    [
                        1918,
                        223
                    ],
                    [
                        1953,
                        206
                    ],
                    [
                        1946,
                        180
                    ],
                    [
                        1940,
                        150
                    ],
                    [
                        1939,
                        119
                    ],
                    [
                        1918,
                        101
                    ],
                    [
                        1883,
                        89
                    ],
                    [
                        1840,
                        69
                    ],
                    [
                        1785,
                        52
                    ],
                    [
                        1703,
                        56
                    ],
                    [
                        1653,
                        84
                    ],
                    [
                        1614,
                        119
                    ],
                    [
                        1600,
                        161
                    ],
                    [
                        1588,
                        188
                    ],
                    [
                        1536,
                        185
                    ],
                    [
                        1503,
                        173
                    ],
                    [
                        1461,
                        148
                    ],
                    [
                        1426,
                        129
                    ],
                    [
                        1393,
                        129
                    ],
                    [
                        1376,
                        150
                    ],
                    [
                        1398,
                        183
                    ],
                    [
                        1416,
                        218
                    ],
                    [
                        1438,
                        255
                    ],
                    [
                        1437,
                        295
                    ],
                    [
                        1403,
                        345
                    ],
                    [
                        1329,
                        384
                    ],
                    [
                        1339,
                        403
                    ],
                    [
                        1360,
                        442
                    ],
                    [
                        1400,
                        473
                    ],
                    [
                        1431,
                        473
                    ],
                    [
                        1449,
                        495
                    ],
                    [
                        1482,
                        506
                    ],
                    [
                        1512,
                        516
                    ]
                ],
                "interior": []
            }
        },
        {
            "id": 498639660,
            "classId": 1663235,
            "description": "",
            "geometryType": "polygon",
            "labelerLogin": "kyn.emre",
            "createdAt": "2020-08-08T17:40:49.280Z",
            "updatedAt": "2020-08-08T17:40:49.280Z",
            "tags": [
                {
                    "id": 97536536,
                    "tagId": 28285097,
                    "name": "Cell_1",
                    "value": null,
                    "labelerLogin": "kyn.emre",
                    "createdAt": "2020-08-08T17:40:49.280Z",
                    "updatedAt": "2020-08-08T17:40:49.280Z"
                }
            ],
            "classTitle": "Cell",
            "points": {
                "exterior": [
                    [
                        1,
                        69
                    ],
                    [
                        0,
                        305
                    ],
                    [
                        25,
                        362
                    ],
                    [
                        32,
                        415
                    ],
                    [
                        24,
                        505
                    ],
                    [
                        1,
                        581
                    ],
                    [
                        0,
                        655
                    ],
                    [
                        23,
                        663
                    ],
                    [
                        44,
                        653
                    ],
                    [
                        51,
                        631
                    ],
                    [
                        53,
                        605
                    ],
                    [
                        45,
                        547
                    ],
                    [
                        61,
                        491
                    ],
                    [
                        76,
                        422
                    ],
                    [
                        87,
                        367
                    ],
                    [
                        128,
                        355
                    ],
                    [
                        154,
                        311
                    ],
                    [
                        174,
                        282
                    ],
                    [
                        227,
                        267
                    ],
                    [
                        252,
                        240
                    ],
                    [
                        258,
                        190
                    ],
                    [
                        246,
                        175
                    ],
                    [
                        246,
                        148
                    ],
                    [
                        225,
                        114
                    ],
                    [
                        191,
                        100
                    ],
                    [
                        162,
                        123
                    ],
                    [
                        137,
                        146
                    ],
                    [
                        93,
                        138
                    ],
                    [
                        61,
                        114
                    ]
                ],
                "interior": []
            }
        },
        {
            "id": 498639661,
            "classId": 1663235,
            "description": "",
            "geometryType": "polygon",
            "labelerLogin": "kyn.emre",
            "createdAt": "2020-08-08T17:40:49.280Z",
            "updatedAt": "2020-08-08T17:40:49.280Z",
            "tags": [
                {
                    "id": 97536537,
                    "tagId": 28285099,
                    "name": "Cell_4",
                    "value": null,
                    "labelerLogin": "kyn.emre",
                    "createdAt": "2020-08-08T17:40:49.280Z",
                    "updatedAt": "2020-08-08T17:40:49.280Z"
                }
            ],
            "classTitle": "Cell",
            "points": {
                "exterior": [
                    [
                        0,
                        789
                    ],
                    [
                        51,
                        781
                    ],
                    [
                        93,
                        765
                    ],
                    [
                        135,
                        721
                    ],
                    [
                        177,
                        706
                    ],
                    [
                        222,
                        701
                    ],
                    [
                        239,
                        723
                    ],
                    [
                        239,
                        748
                    ],
                    [
                        220,
                        777
                    ],
                    [
                        247,
                        787
                    ],
                    [
                        260,
                        799
                    ],
                    [
                        220,
                        821
                    ],
                    [
                        301,
                        835
                    ],
                    [
                        291,
                        856
                    ],
                    [
                        256,
                        867
                    ],
                    [
                        199,
                        867
                    ],
                    [
                        153,
                        867
                    ],
                    [
                        101,
                        879
                    ],
                    [
                        32,
                        903
                    ],
                    [
                        0,
                        909
                    ]
                ],
                "interior": []
            }
        },
        {
            "id": 498639662,
            "classId": 1663235,
            "description": "",
            "geometryType": "polygon",
            "labelerLogin": "kyn.emre",
            "createdAt": "2020-08-08T17:40:49.280Z",
            "updatedAt": "2020-08-08T17:40:49.280Z",
            "tags": [
                {
                    "id": 97536538,
                    "tagId": 28285098,
                    "name": "Cell_3",
                    "value": null,
                    "labelerLogin": "kyn.emre",
                    "createdAt": "2020-08-08T17:40:49.280Z",
                    "updatedAt": "2020-08-08T17:40:49.280Z"
                }
            ],
            "classTitle": "Cell",
            "points": {
                "exterior": [
                    [
                        75,
                        645
                    ],
                    [
                        0,
                        690
                    ],
                    [
                        0,
                        756
                    ],
                    [
                        63,
                        699
                    ]
                ],
                "interior": []
            }
        }
    ]
}