{
    "description": "",
    "tags": [
        {
            "id": 85748993,
            "tagId": 28285101,
            "name": "Frame",
            "value": 217,
            "labelerLogin": "kyn.emre",
            "createdAt": "2020-08-08T17:40:49.280Z",
            "updatedAt": "2020-08-08T17:40:49.280Z"
        }
    ],
    "size": {
        "height": 1912,
        "width": 2568
    },
    "objects": [
        {
            "id": 498639672,
            "classId": 1663235,
            "description": "",
            "geometryType": "polygon",
            "labelerLogin": "kyn.emre",
            "createdAt": "2020-08-08T17:40:49.280Z",
            "updatedAt": "2020-08-08T17:40:49.280Z",
            "tags": [
                {
                    "id": 97536548,
                    "tagId": 28285092,
                    "name": "Cell_6",
                    "value": null,
                    "labelerLogin": "kyn.emre",
                    "createdAt": "2020-08-08T17:40:49.280Z",
                    "updatedAt": "2020-08-08T17:40:49.280Z"
                }
            ],
            "classTitle": "Cell",
            "points": {
                "exterior": [
                    [
                        1258,
                        1501
                    ],
                    [
                        1209,
                        1509
                    ],
                    [
                        1217,
                        1547
                    ],
                    [
                        1195,
                        1556
                    ],
                    [
                        1159,
                        1565
                    ],
                    [
                        1118,
                        1602
                    ],
                    [
                        1118,
                        1615
                    ],
                    [
                        1112,
                        1656
                    ],
                    [
                        1119,
                        1698
                    ],
                    [
                        1126,
                        1730
                    ],
                    [
                        1137,
                        1762
                    ],
                    [
                        1156,
                        1799
                    ],
                    [
                        1169,
                        1831
                    ],
                    [
                        1177,
                        1848
                    ],
                    [
                        1207,
                        1846
                    ],
                    [
                        1208,
                        1831
                    ],
                    [
                        1229,
                        1806
                    ],
                    [
                        1253,
                        1774
                    ],
                    [
                        1291,
                        1764
                    ],
                    [
                        1317,
                        1762
                    ],
                    [
                        1354,
                        1778
                    ],
                    [
                        1383,
                        1783
                    ],
                    [
                        1402,
                        1770
                    ],
                    [
                        1389,
                        1742
                    ],
                    [
                        1389,
                        1706
                    ],
                    [
                        1398,
                        1678
                    ],
                    [
                        1409,
                        1654
                    ],
                    [
                        1451,
                        1633
                    ],
                    [
                        1484,
                        1622
                    ],
                    [
                        1525,
                        1609
                    ],
                    [
                        1566,
                        1600
                    ],
                    [
                        1615,
                        1595
                    ],
                    [
                        1658,
                        1589
                    ],
                    [
                        1693,
                        1602
                    ],
                    [
                        1727,
                        1583
                    ],
                    [
                        1749,
                        1564
                    ],
                    [
                        1773,
                        1549
                    ],
                    [
                        1752,
                        1525
                    ],
                    [
                        1747,
                        1510
                    ],
                    [
                        1724,
                        1502
                    ],
                    [
                        1674,
                        1515
                    ],
                    [
                        1656,
                        1507
                    ],
                    [
                        1620,
                        1505
                    ],
                    [
                        1607,
                        1524
                    ],
                    [
                        1575,
                        1544
                    ],
                    [
                        1504,
                        1558
                    ],
                    [
                        1435,
                        1566
                    ],
                    [
                        1362,
                        1561
                    ],
                    [
                        1301,
                        1542
                    ],
                    [
                        1278,
                        1534
                    ]
                ],
                "interior": []
            }
        },
        {
            "id": 498639673,
            "classId": 1663235,
            "description": "",
            "geometryType": "polygon",
            "labelerLogin": "kyn.emre",
            "createdAt": "2020-08-08T17:40:49.280Z",
            "updatedAt": "2020-08-08T17:40:49.280Z",
            "tags": [
                {
                    "id": 97536549,
                    "tagId": 28285093,
                    "name": "Cell_5",
                    "value": null,
                    "labelerLogin": "kyn.emre",
                    "createdAt": "2020-08-08T17:40:49.280Z",
                    "updatedAt": "2020-08-08T17:40:49.280Z"
                }
            ],
            "classTitle": "Cell",
            "points": {
                "exterior": [
                    [
                        1183,
                        1865
                    ],
                    [
                        1179,
                        1848
                    ],
                    [
                        1159,
                        1803
                    ],
                    [
                        1136,
                        1759
                    ],
                    [
                        1122,
                        1705
                    ],
                    [
                        1111,
                        1656
                    ],
                    [
                        1118,
                        1601
                    ],
                    [
                        1158,
                        1565
                    ],
                    [
                        1215,
                        1547
                    ],
                    [
                        1208,
                        1509
                    ],
                    [
                        1258,
                        1500
                    ],
                    [
                        1275,
                        1441
                    ],
                    [
                        1260,
                        1422
                    ],
                    [
                        1242,
                        1417
                    ],
                    [
                        1220,
                        1422
                    ],
                    [
                        1218,
                        1389
                    ],
                    [
                        1205,
                        1373
                    ],
                    [
                        1186,
                        1369
                    ],
                    [
                        1171,
                        1353
                    ],
                    [
                        1148,
                        1335
                    ],
                    [
                        1105,
                        1352
                    ],
                    [
                        1063,
                        1386
                    ],
                    [
                        1064,
                        1431
                    ],
                    [
                        1001,
                        1429
                    ],
                    [
                        926,
                        1416
                    ],
                    [
                        891,
                        1404
                    ],
                    [
                        896,
                        1368
                    ],
                    [
                        877,
                        1342
                    ],
                    [
                        853,
                        1332
                    ],
                    [
                        828,
                        1325
                    ],
                    [
                        809,
                        1312
                    ],
                    [
                        783,
                        1307
                    ],
                    [
                        767,
                        1313
                    ],
                    [
                        755,
                        1304
                    ],
                    [
                        754,
                        1290
                    ],
                    [
                        738,
                        1302
                    ],
                    [
                        723,
                        1301
                    ],
                    [
                        719,
                        1293
                    ],
                    [
                        704,
                        1295
                    ],
                    [
                        694,
                        1317
                    ],
                    [
                        679,
                        1311
                    ],
                    [
                        665,
                        1314
                    ],
                    [
                        681,
                        1337
                    ],
                    [
                        651,
                        1357
                    ],
                    [
                        630,
                        1342
                    ],
                    [
                        633,
                        1364
                    ],
                    [
                        649,
                        1386
                    ],
                    [
                        683,
                        1404
                    ],
                    [
                        704,
                        1424
                    ],
                    [
                        714,
                        1453
                    ],
                    [
                        704,
                        1479
                    ],
                    [
                        693,
                        1522
                    ],
                    [
                        699,
                        1557
                    ],
                    [
                        718,
                        1579
                    ],
                    [
                        747,
                        1573
                    ],
                    [
                        775,
                        1556
                    ],
                    [
                        824,
                        1578
                    ],
                    [
                        889,
                        1624
                    ],
                    [
                        956,
                        1688
                    ],
                    [
                        1008,
                        1744
                    ],
                    [
                        990,
                        1769
                    ],
                    [
                        973,
                        1779
                    ],
                    [
                        985,
                        1788
                    ],
                    [
                        984,
                        1806
                    ],
                    [
                        987,
                        1827
                    ],
                    [
                        1007,
                        1846
                    ],
                    [
                        1025,
                        1852
                    ],
                    [
                        1034,
                        1863
                    ],
                    [
                        1055,
                        1868
                    ],
                    [
                        1068,
                        1873
                    ],
                    [
                        1096,
                        1885
                    ],
                    [
                        1126,
                        1887
                    ],
                    [
                        1153,
                        1878
                    ]
                ],
                "interior": []
            }
        },
        {
            "id": 498639674,
            "classId": 1663235,
            "description": "",
            "geometryType": "polygon",
            "labelerLogin": "kyn.emre",
            "createdAt": "2020-08-08T17:40:49.280Z",
            "updatedAt": "2020-08-08T17:40:49.280Z",
            "tags": [
                {
                    "id": 97536550,
                    "tagId": 28285094,
                    "name": "Cell_7",
                    "value": null,
                    "labelerLogin": "kyn.emre",
                    "createdAt": "2020-08-08T17:40:49.280Z",
                    "updatedAt": "2020-08-08T17:40:49.280Z"
                }
            ],
            "classTitle": "Cell",
            "points": {
                "exterior": [
                    [
                        1822,
                        713
                    ],
                    [
                        1839,
                        750
                    ],
                    [
                        1832,
                        792
                    ],
                    [
                        1850,
                        823
                    ],
                    [
                        1881,
                        799
                    ],
                    [
                        1886,
                        757
                    ],
                    [
                        1904,
                        774
                    ],
                    [
                        1925,
                        797
                    ],
                    [
                        1963,
                        781
                    ],
                    [
                        1954,
                        758
                    ],
                    [
                        1975,
                        738
                    ],
                    [
                        1996,
                        713
                    ],
                    [
                        2003,
                        689
                    ],
                    [
                        1974,
                        687
                    ],
                    [
                        1967,
                        663
                    ],
                    [
                        1975,
                        626
                    ],
                    [
                        1963,
                        579
                    ],
                    [
                        1934,
                        546
                    ],
                    [
                        1885,
                        518
                    ],
                    [
                        1846,
                        495
                    ],
                    [
                        1812,
                        488
                    ],
                    [
                        1791,
                        464
                    ],
                    [
                        1780,
                        440
                    ],
                    [
                        1761,
                        454
                    ],
                    [
                        1763,
                        494
                    ],
                    [
                        1733,
                        473
                    ],
                    [
                        1717,
                        476
                    ],
                    [
                        1709,
                        490
                    ],
                    [
                        1690,
                        495
                    ],
                    [
                        1681,
                        520
                    ],
                    [
                        1697,
                        542
                    ],
                    [
                        1681,
                        560
                    ],
                    [
                        1653,
                        569
                    ],
                    [
                        1636,
                        598
                    ],
                    [
                        1649,
                        623
                    ],
                    [
                        1630,
                        649
                    ],
                    [
                        1648,
                        670
                    ],
                    [
                        1679,
                        684
                    ],
                    [
                        1688,
                        713
                    ],
                    [
                        1728,
                        710
                    ],
                    [
                        1749,
                        684
                    ],
                    [
                        1786,
                        679
                    ],
                    [
                        1810,
                        682
                    ]
                ],
                "interior": []
            }
        },
        {
            "id": 498639675,
            "classId": 1663235,
            "description": "",
            "geometryType": "polygon",
            "labelerLogin": "kyn.emre",
            "createdAt": "2020-08-08T17:40:49.280Z",
            "updatedAt": "2020-08-08T17:40:49.280Z",
            "tags": [
                {
                    "id": 97536551,
                    "tagId": 28285096,
                    "name": "Cell_8",
                    "value": null,
                    "labelerLogin": "kyn.emre",
                    "createdAt": "2020-08-08T17:40:49.280Z",
                    "updatedAt": "2020-08-08T17:40:49.280Z"
                }
            ],
            "classTitle": "Cell",
            "points": {
                "exterior": [
                    [
                        1714,
                        12
                    ],
                    [
                        1653,
                        29
                    ],
                    [
                        1615,
                        43
                    ],
                    [
                        1594,
                        74
                    ],
                    [
                        1577,
                        113
                    ],
                    [
                        1561,
                        148
                    ],
                    [
                        1548,
                        163
                    ],
                    [
                        1504,
                        165
                    ],
                    [
                        1446,
                        138
                    ],
                    [
                        1428,
                        125
                    ],
                    [
                        1413,
                        142
                    ],
                    [
                        1405,
                        129
                    ],
                    [
                        1397,
                        160
                    ],
                    [
                        1407,
                        181
                    ],
                    [
                        1432,
                        227
                    ],
                    [
                        1445,
                        270
                    ],
                    [
                        1433,
                        304
                    ],
                    [
                        1390,
                        360
                    ],
                    [
                        1353,
                        377
                    ],
                    [
                        1362,
                        396
                    ],
                    [
                        1349,
                        415
                    ],
                    [
                        1380,
                        440
                    ],
                    [
                        1403,
                        477
                    ],
                    [
                        1432,
                        469
                    ],
                    [
                        1450,
                        486
                    ],
                    [
                        1472,
                        499
                    ],
                    [
                        1497,
                        499
                    ],
                    [
                        1515,
                        482
                    ],
                    [
                        1539,
                        494
                    ],
                    [
                        1561,
                        497
                    ],
                    [
                        1577,
                        469
                    ],
                    [
                        1603,
                        445
                    ],
                    [
                        1623,
                        438
                    ],
                    [
                        1636,
                        418
                    ],
                    [
                        1659,
                        406
                    ],
                    [
                        1678,
                        408
                    ],
                    [
                        1697,
                        421
                    ],
                    [
                        1718,
                        413
                    ],
                    [
                        1739,
                        402
                    ],
                    [
                        1742,
                        387
                    ],
                    [
                        1742,
                        367
                    ],
                    [
                        1759,
                        352
                    ],
                    [
                        1784,
                        358
                    ],
                    [
                        1797,
                        338
                    ],
                    [
                        1817,
                        317
                    ],
                    [
                        1837,
                        301
                    ],
                    [
                        1861,
                        291
                    ],
                    [
                        1878,
                        270
                    ],
                    [
                        1878,
                        252
                    ],
                    [
                        1893,
                        234
                    ],
                    [
                        1908,
                        228
                    ],
                    [
                        1937,
                        208
                    ],
                    [
                        1950,
                        195
                    ],
                    [
                        1941,
                        174
                    ],
                    [
                        1934,
                        152
                    ],
                    [
                        1920,
                        149
                    ],
                    [
                        1917,
                        121
                    ],
                    [
                        1916,
                        102
                    ],
                    [
                        1896,
                        97
                    ],
                    [
                        1873,
                        79
                    ],
                    [
                        1852,
                        80
                    ],
                    [
                        1847,
                        64
                    ],
                    [
                        1843,
                        56
                    ],
                    [
                        1835,
                        56
                    ],
                    [
                        1827,
                        50
                    ],
                    [
                        1790,
                        50
                    ],
                    [
                        1779,
                        34
                    ],
                    [
                        1770,
                        29
                    ],
                    [
                        1750,
                        26
                    ],
                    [
                        1732,
                        22
                    ]
                ],
                "interior": []
            }
        },
        {
            "id": 498639676,
            "classId": 1663235,
            "description": "",
            "geometryType": "polygon",
            "labelerLogin": "kyn.emre",
            "createdAt": "2020-08-08T17:40:49.280Z",
            "updatedAt": "2020-08-08T17:40:49.280Z",
            "tags": [
                {
                    "id": 97536552,
                    "tagId": 28285100,
                    "name": "Cell_9",
                    "value": null,
                    "labelerLogin": "kyn.emre",
                    "createdAt": "2020-08-08T17:40:49.280Z",
                    "updatedAt": "2020-08-08T17:40:49.280Z"
                }
            ],
            "classTitle": "Cell",
            "points": {
                "exterior": [
                    [
                        2567,
                        702
                    ],
                    [
                        2526,
                        684
                    ],
                    [
                        2483,
                        650
                    ],
                    [
                        2443,
                        609
                    ],
                    [
                        2437,
                        563
                    ],
                    [
                        2421,
                        533
                    ],
                    [
                        2408,
                        507
                    ],
                    [
                        2388,
                        481
                    ],
                    [
                        2362,
                        494
                    ],
                    [
                        2358,
                        526
                    ],
                    [
                        2375,
                        563
                    ],
                    [
                        2390,
                        585
                    ],
                    [
                        2394,
                        632
                    ],
                    [
                        2387,
                        694
                    ],
                    [
                        2359,
                        771
                    ],
                    [
                        2303,
                        849
                    ],
                    [
                        2238,
                        913
                    ],
                    [
                        2208,
                        912
                    ],
                    [
                        2202,
                        897
                    ],
                    [
                        2178,
                        919
                    ],
                    [
                        2191,
                        953
                    ],
                    [
                        2187,
                        974
                    ],
                    [
                        2179,
                        1024
                    ],
                    [
                        2182,
                        1056
                    ],
                    [
                        2198,
                        1073
                    ],
                    [
                        2221,
                        1043
                    ],
                    [
                        2246,
                        989
                    ],
                    [
                        2286,
                        935
                    ],
                    [
                        2333,
                        887
                    ],
                    [
                        2385,
                        853
                    ],
                    [
                        2434,
                        827
                    ],
                    [
                        2492,
                        815
                    ],
                    [
                        2567,
                        798
                    ]
                ],
                "interior": []
            }
        },
        {
            "id": 498639677,
            "classId": 1663235,
            "description": "",
            "geometryType": "polygon",
            "labelerLogin": "kyn.emre",
            "createdAt": "2020-08-08T17:40:49.280Z",
            "updatedAt": "2020-08-08T17:40:49.280Z",
            "tags": [
                {
                    "id": 97536553,
                    "tagId": 28285095,
                    "name": "Cell_2",
                    "value": null,
                    "labelerLogin": "kyn.emre",
                    "createdAt": "2020-08-08T17:40:49.280Z",
                    "updatedAt": "2020-08-08T17:40:49.280Z"
                }
            ],
            "classTitle": "Cell",
            "points": {
                "exterior": [
                    [
                        1,
                        801
                    ],
                    [
                        0,
                        744
                    ],
                    [
                        35,
                        712
                    ],
                    [
                        41,
                        678
                    ],
                    [
                        64,
                        636
                    ],
                    [
                        69,
                        598
                    ],
                    [
                        69,
                        562
                    ],
                    [
                        73,
                        535
                    ],
                    [
                        88,
                        518
                    ],
                    [
                        88,
                        474
                    ],
                    [
                        86,
                        444
                    ],
                    [
                        86,
                        413
                    ],
                    [
                        92,
                        387
                    ],
                    [
                        117,
                        394
                    ],
                    [
                        145,
                        417
                    ],
                    [
                        176,
                        415
                    ],
                    [
                        195,
                        421
                    ],
                    [
                        237,
                        450
                    ],
                    [
                        254,
                        472
                    ],
                    [
                        277,
                        480
                    ],
                    [
                        277,
                        516
                    ],
                    [
                        305,
                        551
                    ],
                    [
                        387,
                        585
                    ],
                    [
                        478,
                        615
                    ],
                    [
                        558,
                        632
                    ],
                    [
                        649,
                        651
                    ],
                    [
                        744,
                        655
                    ],
                    [
                        792,
                        642
                    ],
                    [
                        843,
                        638
                    ],
                    [
                        866,
                        674
                    ],
                    [
                        855,
                        704
                    ],
                    [
                        849,
                        735
                    ],
                    [
                        800,
                        723
                    ],
                    [
                        796,
                        742
                    ],
                    [
                        741,
                        735
                    ],
                    [
                        708,
                        725
                    ],
                    [
                        659,
                        731
                    ],
                    [
                        606,
                        737
                    ],
                    [
                        560,
                        737
                    ],
                    [
                        543,
                        748
                    ],
                    [
                        526,
                        779
                    ],
                    [
                        486,
                        803
                    ],
                    [
                        425,
                        779
                    ],
                    [
                        387,
                        786
                    ],
                    [
                        353,
                        752
                    ],
                    [
                        301,
                        714
                    ],
                    [
                        227,
                        704
                    ],
                    [
                        155,
                        708
                    ],
                    [
                        109,
                        739
                    ],
                    [
                        56,
                        771
                    ]
                ],
                "interior": []
            }
        },
        {
            "id": 498639678,
            "classId": 1663235,
            "description": "",
            "geometryType": "polygon",
            "labelerLogin": "kyn.emre",
            "createdAt": "2020-08-08T17:40:49.280Z",
            "updatedAt": "2020-08-10T14:30:10.276Z",
            "tags": [
                {
                    "id": 97536554,
                    "tagId": 28285097,
                    "name": "Cell_1",
                    "value": null,
                    "labelerLogin": "kyn.emre",
                    "createdAt": "2020-08-08T17:40:49.280Z",
                    "updatedAt": "2020-08-08T17:40:49.280Z"
                }
            ],
            "classTitle": "Cell",
            "points": {
                "exterior": [
                    [
                        1,
                        741
                    ],
                    [
                        42,
                        702
                    ],
                    [
                        40,
                        659
                    ],
                    [
                        57,
                        631
                    ],
                    [
                        54,
                        584
                    ],
                    [
                        53,
                        545
                    ],
                    [
                        57,
                        472
                    ],
                    [
                        73,
                        413
                    ],
                    [
                        89,
                        375
                    ],
                    [
                        96,
                        357
                    ],
                    [
                        148,
                        345
                    ],
                    [
                        181,
                        307
                    ],
                    [
                        188,
                        277
                    ],
                    [
                        192,
                        259
                    ],
                    [
                        206,
                        250
                    ],
                    [
                        222,
                        256
                    ],
                    [
                        234,
                        257
                    ],
                    [
                        243,
                        240
                    ],
                    [
                        244,
                        211
                    ],
                    [
                        252,
                        178
                    ],
                    [
                        244,
                        155
                    ],
                    [
                        233,
                        125
                    ],
                    [
                        197,
                        110
                    ],
                    [
                        167,
                        110
                    ],
                    [
                        136,
                        124
                    ],
                    [
                        120,
                        132
                    ],
                    [
                        92,
                        120
                    ],
                    [
                        56,
                        87
                    ],
                    [
                        1,
                        54
                    ],
                    [
                        0,
                        139
                    ],
                    [
                        12,
                        165
                    ],
                    [
                        0,
                        169
                    ],
                    [
                        3,
                        312
                    ],
                    [
                        29,
                        337
                    ],
                    [
                        34,
                        368
                    ],
                    [
                        36,
                        426
                    ],
                    [
                        22,
                        503
                    ],
                    [
                        15,
                        564
                    ],
                    [
                        0,
                        597
                    ]
                ],
                "interior": []
            }
        },
        {
            "id": 498639679,
            "classId": 1663235,
            "description": "",
            "geometryType": "polygon",
            "labelerLogin": "kyn.emre",
            "createdAt": "2020-08-08T17:40:49.280Z",
            "updatedAt": "2020-08-08T17:40:49.280Z",
            "tags": [
                {
                    "id": 97536555,
                    "tagId": 28285099,
                    "name": "Cell_4",
                    "value": null,
                    "labelerLogin": "kyn.emre",
                    "createdAt": "2020-08-08T17:40:49.280Z",
                    "updatedAt": "2020-08-08T17:40:49.280Z"
                }
            ],
            "classTitle": "Cell",
            "points": {
                "exterior": [
                    [
                        1,
                        805
                    ],
                    [
                        52,
                        780
                    ],
                    [
                        103,
                        761
                    ],
                    [
                        141,
                        723
                    ],
                    [
                        193,
                        699
                    ],
                    [
                        228,
                        711
                    ],
                    [
                        254,
                        730
                    ],
                    [
                        233,
                        760
                    ],
                    [
                        252,
                        779
                    ],
                    [
                        277,
                        802
                    ],
                    [
                        230,
                        821
                    ],
                    [
                        273,
                        835
                    ],
                    [
                        300,
                        835
                    ],
                    [
                        272,
                        859
                    ],
                    [
                        211,
                        857
                    ],
                    [
                        169,
                        856
                    ],
                    [
                        134,
                        856
                    ],
                    [
                        64,
                        878
                    ],
                    [
                        0,
                        908
                    ]
                ],
                "interior": []
            }
        }
    ]
}