{
    "description": "",
    "tags": [
        {
            "id": 85749000,
            "tagId": 28285101,
            "name": "Frame",
            "value": 312,
            "labelerLogin": "kyn.emre",
            "createdAt": "2020-08-08T17:40:49.280Z",
            "updatedAt": "2020-08-08T17:40:49.280Z"
        }
    ],
    "size": {
        "height": 1912,
        "width": 2568
    },
    "objects": [
        {
            "id": 498639680,
            "classId": 1663235,
            "description": "",
            "geometryType": "polygon",
            "labelerLogin": "kyn.emre",
            "createdAt": "2020-08-08T17:40:49.280Z",
            "updatedAt": "2020-08-10T16:00:56.243Z",
            "tags": [
                {
                    "id": 97536556,
                    "tagId": 28285094,
                    "name": "Cell_7",
                    "value": null,
                    "labelerLogin": "kyn.emre",
                    "createdAt": "2020-08-08T17:40:49.280Z",
                    "updatedAt": "2020-08-08T17:40:49.280Z"
                }
            ],
            "classTitle": "Cell",
            "points": {
                "exterior": [
                    [
                        1538,
                        642
                    ],
                    [
                        1523,
                        635
                    ],
                    [
                        1514,
                        630
                    ],
                    [
                        1505,
                        630
                    ],
                    [
                        1495,
                        623
                    ],
                    [
                        1499,
                        617
                    ],
                    [
                        1507,
                        620
                    ],
                    [
                        1517,
                        618
                    ],
                    [
                        1523,
                        609
                    ],
                    [
                        1531,
                        602
                    ],
                    [
                        1544,
                        602
                    ],
                    [
                        1554,
                        601
                    ],
                    [
                        1560,
                        600
                    ],
                    [
                        1561,
                        582
                    ],
                    [
                        1561,
                        575
                    ],
                    [
                        1559,
                        557
                    ],
                    [
                        1568,
                        554
                    ],
                    [
                        1578,
                        569
                    ],
                    [
                        1578,
                        582
                    ],
                    [
                        1587,
                        585
                    ],
                    [
                        1606,
                        586
                    ],
                    [
                        1610,
                        576
                    ],
                    [
                        1600,
                        564
                    ],
                    [
                        1596,
                        553
                    ],
                    [
                        1601,
                        540
                    ],
                    [
                        1615,
                        533
                    ],
                    [
                        1622,
                        542
                    ],
                    [
                        1628,
                        560
                    ],
                    [
                        1642,
                        562
                    ],
                    [
                        1651,
                        563
                    ],
                    [
                        1653,
                        555
                    ],
                    [
                        1653,
                        541
                    ],
                    [
                        1652,
                        529
                    ],
                    [
                        1659,
                        516
                    ],
                    [
                        1667,
                        513
                    ],
                    [
                        1677,
                        522
                    ],
                    [
                        1680,
                        534
                    ],
                    [
                        1682,
                        544
                    ],
                    [
                        1693,
                        541
                    ],
                    [
                        1708,
                        537
                    ],
                    [
                        1722,
                        536
                    ],
                    [
                        1734,
                        544
                    ],
                    [
                        1738,
                        559
                    ],
                    [
                        1734,
                        567
                    ],
                    [
                        1742,
                        576
                    ],
                    [
                        1738,
                        586
                    ],
                    [
                        1716,
                        590
                    ],
                    [
                        1706,
                        591
                    ],
                    [
                        1694,
                        600
                    ],
                    [
                        1698,
                        614
                    ],
                    [
                        1707,
                        630
                    ],
                    [
                        1716,
                        633
                    ],
                    [
                        1727,
                        636
                    ],
                    [
                        1739,
                        632
                    ],
                    [
                        1752,
                        626
                    ],
                    [
                        1766,
                        618
                    ],
                    [
                        1773,
                        630
                    ],
                    [
                        1758,
                        636
                    ],
                    [
                        1750,
                        642
                    ],
                    [
                        1746,
                        647
                    ],
                    [
                        1746,
                        659
                    ],
                    [
                        1751,
                        665
                    ],
                    [
                        1757,
                        668
                    ],
                    [
                        1766,
                        665
                    ],
                    [
                        1778,
                        659
                    ],
                    [
                        1789,
                        658
                    ],
                    [
                        1802,
                        664
                    ],
                    [
                        1810,
                        676
                    ],
                    [
                        1815,
                        687
                    ],
                    [
                        1820,
                        694
                    ],
                    [
                        1829,
                        701
                    ],
                    [
                        1807,
                        701
                    ],
                    [
                        1791,
                        699
                    ],
                    [
                        1781,
                        706
                    ],
                    [
                        1766,
                        711
                    ],
                    [
                        1751,
                        714
                    ],
                    [
                        1731,
                        726
                    ],
                    [
                        1712,
                        741
                    ],
                    [
                        1700,
                        760
                    ],
                    [
                        1680,
                        771
                    ],
                    [
                        1660,
                        779
                    ],
                    [
                        1652,
                        791
                    ],
                    [
                        1636,
                        809
                    ],
                    [
                        1622,
                        804
                    ],
                    [
                        1622,
                        817
                    ],
                    [
                        1618,
                        826
                    ],
                    [
                        1608,
                        833
                    ],
                    [
                        1594,
                        833
                    ],
                    [
                        1589,
                        825
                    ],
                    [
                        1589,
                        815
                    ],
                    [
                        1591,
                        805
                    ],
                    [
                        1601,
                        800
                    ],
                    [
                        1607,
                        794
                    ],
                    [
                        1611,
                        780
                    ],
                    [
                        1606,
                        766
                    ],
                    [
                        1594,
                        758
                    ],
                    [
                        1583,
                        754
                    ],
                    [
                        1575,
                        749
                    ],
                    [
                        1573,
                        730
                    ],
                    [
                        1569,
                        711
                    ],
                    [
                        1569,
                        694
                    ],
                    [
                        1564,
                        687
                    ],
                    [
                        1568,
                        666
                    ],
                    [
                        1562,
                        662
                    ],
                    [
                        1553,
                        672
                    ],
                    [
                        1550,
                        686
                    ],
                    [
                        1548,
                        694
                    ],
                    [
                        1539,
                        697
                    ],
                    [
                        1533,
                        695
                    ],
                    [
                        1533,
                        685
                    ],
                    [
                        1541,
                        676
                    ],
                    [
                        1546,
                        675
                    ],
                    [
                        1545,
                        664
                    ],
                    [
                        1545,
                        655
                    ],
                    [
                        1543,
                        649
                    ],
                    [
                        1538,
                        646
                    ]
                ],
                "interior": []
            }
        },
        {
            "id": 498639681,
            "classId": 1663235,
            "description": "",
            "geometryType": "polygon",
            "labelerLogin": "kyn.emre",
            "createdAt": "2020-08-08T17:40:49.280Z",
            "updatedAt": "2020-08-10T14:57:30.057Z",
            "tags": [
                {
                    "id": 97536557,
                    "tagId": 28285096,
                    "name": "Cell_8",
                    "value": null,
                    "labelerLogin": "kyn.emre",
                    "createdAt": "2020-08-08T17:40:49.280Z",
                    "updatedAt": "2020-08-08T17:40:49.280Z"
                }
            ],
            "classTitle": "Cell",
            "points": {
                "exterior": [
                    [
                        1692,
                        1
                    ],
                    [
                        1691,
                        14
                    ],
                    [
                        1696,
                        35
                    ],
                    [
                        1721,
                        68
                    ],
                    [
                        1754,
                        95
                    ],
                    [
                        1807,
                        128
                    ],
                    [
                        1843,
                        150
                    ],
                    [
                        1899,
                        160
                    ],
                    [
                        1931,
                        151
                    ],
                    [
                        1968,
                        133
                    ],
                    [
                        1996,
                        117
                    ],
                    [
                        2022,
                        130
                    ],
                    [
                        2022,
                        152
                    ],
                    [
                        2031,
                        182
                    ],
                    [
                        2029,
                        193
                    ],
                    [
                        2037,
                        220
                    ],
                    [
                        2048,
                        249
                    ],
                    [
                        2042,
                        275
                    ],
                    [
                        2034,
                        300
                    ],
                    [
                        2032,
                        338
                    ],
                    [
                        2024,
                        381
                    ],
                    [
                        2000,
                        411
                    ],
                    [
                        1949,
                        423
                    ],
                    [
                        1936,
                        445
                    ],
                    [
                        1893,
                        466
                    ],
                    [
                        1846,
                        467
                    ],
                    [
                        1810,
                        448
                    ],
                    [
                        1785,
                        423
                    ],
                    [
                        1759,
                        407
                    ],
                    [
                        1722,
                        393
                    ],
                    [
                        1708,
                        375
                    ],
                    [
                        1680,
                        356
                    ],
                    [
                        1646,
                        356
                    ],
                    [
                        1601,
                        370
                    ],
                    [
                        1567,
                        388
                    ],
                    [
                        1540,
                        396
                    ],
                    [
                        1520,
                        394
                    ],
                    [
                        1493,
                        385
                    ],
                    [
                        1486,
                        360
                    ],
                    [
                        1510,
                        355
                    ],
                    [
                        1539,
                        353
                    ],
                    [
                        1579,
                        330
                    ],
                    [
                        1599,
                        305
                    ],
                    [
                        1625,
                        267
                    ],
                    [
                        1643,
                        211
                    ],
                    [
                        1644,
                        183
                    ],
                    [
                        1591,
                        212
                    ],
                    [
                        1564,
                        212
                    ],
                    [
                        1543,
                        212
                    ],
                    [
                        1525,
                        197
                    ],
                    [
                        1517,
                        185
                    ],
                    [
                        1508,
                        155
                    ],
                    [
                        1507,
                        126
                    ],
                    [
                        1515,
                        82
                    ],
                    [
                        1529,
                        49
                    ],
                    [
                        1542,
                        20
                    ],
                    [
                        1552,
                        3
                    ]
                ],
                "interior": []
            }
        },
        {
            "id": 498639682,
            "classId": 1663235,
            "description": "",
            "geometryType": "polygon",
            "labelerLogin": "kyn.emre",
            "createdAt": "2020-08-08T17:40:49.280Z",
            "updatedAt": "2020-08-10T14:57:30.057Z",
            "tags": [
                {
                    "id": 97536558,
                    "tagId": 28285095,
                    "name": "Cell_2",
                    "value": null,
                    "labelerLogin": "kyn.emre",
                    "createdAt": "2020-08-08T17:40:49.280Z",
                    "updatedAt": "2020-08-08T17:40:49.280Z"
                }
            ],
            "classTitle": "Cell",
            "points": {
                "exterior": [
                    [
                        282,
                        513
                    ],
                    [
                        252,
                        538
                    ],
                    [
                        231,
                        577
                    ],
                    [
                        195,
                        590
                    ],
                    [
                        176,
                        627
                    ],
                    [
                        174,
                        640
                    ],
                    [
                        163,
                        671
                    ],
                    [
                        157,
                        708
                    ],
                    [
                        150,
                        739
                    ],
                    [
                        154,
                        755
                    ],
                    [
                        131,
                        787
                    ],
                    [
                        97,
                        816
                    ],
                    [
                        85,
                        846
                    ],
                    [
                        56,
                        866
                    ],
                    [
                        35,
                        891
                    ],
                    [
                        46,
                        922
                    ],
                    [
                        36,
                        955
                    ],
                    [
                        3,
                        957
                    ],
                    [
                        0,
                        648
                    ],
                    [
                        31,
                        635
                    ],
                    [
                        62,
                        601
                    ],
                    [
                        86,
                        567
                    ],
                    [
                        104,
                        546
                    ],
                    [
                        118,
                        517
                    ],
                    [
                        127,
                        499
                    ],
                    [
                        141,
                        480
                    ],
                    [
                        160,
                        471
                    ],
                    [
                        169,
                        441
                    ],
                    [
                        184,
                        453
                    ],
                    [
                        203,
                        458
                    ],
                    [
                        223,
                        467
                    ],
                    [
                        252,
                        469
                    ],
                    [
                        262,
                        487
                    ],
                    [
                        280,
                        494
                    ]
                ],
                "interior": []
            }
        },
        {
            "id": 498639684,
            "classId": 1663235,
            "description": "",
            "geometryType": "polygon",
            "labelerLogin": "kyn.emre",
            "createdAt": "2020-08-08T17:40:49.280Z",
            "updatedAt": "2020-08-10T14:57:30.057Z",
            "tags": [
                {
                    "id": 97536560,
                    "tagId": 28285097,
                    "name": "Cell_1",
                    "value": null,
                    "labelerLogin": "kyn.emre",
                    "createdAt": "2020-08-08T17:40:49.280Z",
                    "updatedAt": "2020-08-08T17:40:49.280Z"
                }
            ],
            "classTitle": "Cell",
            "points": {
                "exterior": [
                    [
                        214,
                        40
                    ],
                    [
                        249,
                        48
                    ],
                    [
                        301,
                        42
                    ],
                    [
                        326,
                        38
                    ],
                    [
                        336,
                        70
                    ],
                    [
                        343,
                        106
                    ],
                    [
                        319,
                        125
                    ],
                    [
                        319,
                        150
                    ],
                    [
                        307,
                        176
                    ],
                    [
                        280,
                        184
                    ],
                    [
                        255,
                        186
                    ],
                    [
                        244,
                        173
                    ],
                    [
                        217,
                        172
                    ],
                    [
                        201,
                        161
                    ],
                    [
                        194,
                        143
                    ],
                    [
                        194,
                        126
                    ],
                    [
                        173,
                        122
                    ],
                    [
                        139,
                        118
                    ],
                    [
                        113,
                        118
                    ],
                    [
                        92,
                        119
                    ],
                    [
                        71,
                        119
                    ],
                    [
                        57,
                        133
                    ],
                    [
                        51,
                        162
                    ],
                    [
                        9,
                        470
                    ],
                    [
                        10,
                        449
                    ],
                    [
                        34,
                        261
                    ],
                    [
                        36,
                        246
                    ],
                    [
                        42,
                        197
                    ],
                    [
                        44,
                        165
                    ],
                    [
                        45,
                        150
                    ],
                    [
                        32,
                        149
                    ],
                    [
                        18,
                        159
                    ],
                    [
                        0,
                        159
                    ],
                    [
                        0,
                        1
                    ],
                    [
                        44,
                        0
                    ],
                    [
                        69,
                        9
                    ],
                    [
                        95,
                        10
                    ],
                    [
                        120,
                        12
                    ],
                    [
                        145,
                        24
                    ],
                    [
                        170,
                        26
                    ],
                    [
                        198,
                        32
                    ]
                ],
                "interior": []
            }
        },
        {
            "id": 498639683,
            "classId": 1663235,
            "description": "",
            "geometryType": "polygon",
            "labelerLogin": "kyn.emre",
            "createdAt": "2020-08-08T17:40:49.280Z",
            "updatedAt": "2020-08-10T14:57:30.057Z",
            "tags": [
                {
                    "id": 97536559,
                    "tagId": 28285099,
                    "name": "Cell_4",
                    "value": null,
                    "labelerLogin": "kyn.emre",
                    "createdAt": "2020-08-08T17:40:49.280Z",
                    "updatedAt": "2020-08-08T17:40:49.280Z"
                }
            ],
            "classTitle": "Cell",
            "points": {
                "exterior": [
                    [
                        167,
                        738
                    ],
                    [
                        190,
                        751
                    ],
                    [
                        216,
                        784
                    ],
                    [
                        239,
                        793
                    ],
                    [
                        258,
                        798
                    ],
                    [
                        262,
                        787
                    ],
                    [
                        274,
                        803
                    ],
                    [
                        288,
                        790
                    ],
                    [
                        304,
                        817
                    ],
                    [
                        343,
                        807
                    ],
                    [
                        372,
                        790
                    ],
                    [
                        389,
                        774
                    ],
                    [
                        416,
                        758
                    ],
                    [
                        424,
                        736
                    ],
                    [
                        434,
                        705
                    ],
                    [
                        445,
                        669
                    ],
                    [
                        465,
                        641
                    ],
                    [
                        460,
                        630
                    ],
                    [
                        447,
                        621
                    ],
                    [
                        447,
                        604
                    ],
                    [
                        432,
                        590
                    ],
                    [
                        419,
                        585
                    ],
                    [
                        419,
                        561
                    ],
                    [
                        399,
                        548
                    ],
                    [
                        385,
                        541
                    ],
                    [
                        379,
                        523
                    ],
                    [
                        369,
                        503
                    ],
                    [
                        341,
                        522
                    ],
                    [
                        317,
                        526
                    ],
                    [
                        303,
                        526
                    ],
                    [
                        293,
                        523
                    ],
                    [
                        271,
                        541
                    ],
                    [
                        236,
                        577
                    ],
                    [
                        212,
                        586
                    ],
                    [
                        188,
                        610
                    ],
                    [
                        173,
                        647
                    ],
                    [
                        164,
                        682
                    ],
                    [
                        163,
                        708
                    ]
                ],
                "interior": []
            }
        },
        {
            "id": 498639685,
            "classId": 1663235,
            "description": "",
            "geometryType": "polygon",
            "labelerLogin": "kyn.emre",
            "createdAt": "2020-08-08T17:40:49.280Z",
            "updatedAt": "2020-08-10T14:57:30.057Z",
            "tags": [
                {
                    "id": 97536561,
                    "tagId": 28285092,
                    "name": "Cell_6",
                    "value": null,
                    "labelerLogin": "kyn.emre",
                    "createdAt": "2020-08-08T17:40:49.280Z",
                    "updatedAt": "2020-08-08T17:40:49.280Z"
                }
            ],
            "classTitle": "Cell",
            "points": {
                "exterior": [
                    [
                        1710,
                        1540
                    ],
                    [
                        1688,
                        1516
                    ],
                    [
                        1651,
                        1520
                    ],
                    [
                        1610,
                        1538
                    ],
                    [
                        1541,
                        1555
                    ],
                    [
                        1438,
                        1576
                    ],
                    [
                        1373,
                        1587
                    ],
                    [
                        1252,
                        1603
                    ],
                    [
                        1192,
                        1602
                    ],
                    [
                        1153,
                        1580
                    ],
                    [
                        1137,
                        1557
                    ],
                    [
                        1118,
                        1530
                    ],
                    [
                        1077,
                        1538
                    ],
                    [
                        1037,
                        1578
                    ],
                    [
                        1024,
                        1621
                    ],
                    [
                        1036,
                        1668
                    ],
                    [
                        1050,
                        1708
                    ],
                    [
                        1073,
                        1740
                    ],
                    [
                        1105,
                        1747
                    ],
                    [
                        1145,
                        1735
                    ],
                    [
                        1164,
                        1694
                    ],
                    [
                        1202,
                        1665
                    ],
                    [
                        1255,
                        1640
                    ],
                    [
                        1313,
                        1630
                    ],
                    [
                        1370,
                        1619
                    ],
                    [
                        1436,
                        1614
                    ],
                    [
                        1494,
                        1600
                    ],
                    [
                        1565,
                        1587
                    ],
                    [
                        1598,
                        1584
                    ],
                    [
                        1634,
                        1581
                    ],
                    [
                        1664,
                        1585
                    ],
                    [
                        1697,
                        1575
                    ]
                ],
                "interior": []
            }
        },
        {
            "id": 498639686,
            "classId": 1663235,
            "description": "",
            "geometryType": "polygon",
            "labelerLogin": "kyn.emre",
            "createdAt": "2020-08-08T17:40:49.280Z",
            "updatedAt": "2020-08-10T14:57:30.057Z",
            "tags": [
                {
                    "id": 97536562,
                    "tagId": 28285093,
                    "name": "Cell_5",
                    "value": null,
                    "labelerLogin": "kyn.emre",
                    "createdAt": "2020-08-08T17:40:49.280Z",
                    "updatedAt": "2020-08-08T17:40:49.280Z"
                }
            ],
            "classTitle": "Cell",
            "points": {
                "exterior": [
                    [
                        1118,
                        1532
                    ],
                    [
                        1145,
                        1535
                    ],
                    [
                        1182,
                        1547
                    ],
                    [
                        1214,
                        1556
                    ],
                    [
                        1243,
                        1576
                    ],
                    [
                        1334,
                        1676
                    ],
                    [
                        1378,
                        1673
                    ],
                    [
                        1399,
                        1641
                    ],
                    [
                        1432,
                        1557
                    ],
                    [
                        1411,
                        1515
                    ],
                    [
                        1384,
                        1494
                    ],
                    [
                        1359,
                        1467
                    ],
                    [
                        1309,
                        1479
                    ],
                    [
                        1254,
                        1485
                    ],
                    [
                        1196,
                        1470
                    ],
                    [
                        1164,
                        1457
                    ],
                    [
                        1174,
                        1437
                    ],
                    [
                        1189,
                        1419
                    ],
                    [
                        1185,
                        1392
                    ],
                    [
                        1165,
                        1370
                    ],
                    [
                        1142,
                        1343
                    ],
                    [
                        1105,
                        1330
                    ],
                    [
                        1069,
                        1340
                    ],
                    [
                        1033,
                        1353
                    ],
                    [
                        1020,
                        1380
                    ],
                    [
                        1001,
                        1393
                    ],
                    [
                        945,
                        1392
                    ],
                    [
                        910,
                        1387
                    ],
                    [
                        878,
                        1397
                    ],
                    [
                        842,
                        1389
                    ],
                    [
                        801,
                        1386
                    ],
                    [
                        750,
                        1375
                    ],
                    [
                        722,
                        1353
                    ],
                    [
                        709,
                        1335
                    ],
                    [
                        682,
                        1322
                    ],
                    [
                        640,
                        1318
                    ],
                    [
                        622,
                        1337
                    ],
                    [
                        591,
                        1337
                    ],
                    [
                        585,
                        1350
                    ],
                    [
                        572,
                        1375
                    ],
                    [
                        549,
                        1385
                    ],
                    [
                        528,
                        1401
                    ],
                    [
                        527,
                        1425
                    ],
                    [
                        517,
                        1476
                    ],
                    [
                        518,
                        1507
                    ],
                    [
                        529,
                        1530
                    ],
                    [
                        543,
                        1563
                    ],
                    [
                        554,
                        1590
                    ],
                    [
                        566,
                        1590
                    ],
                    [
                        577,
                        1604
                    ],
                    [
                        586,
                        1615
                    ],
                    [
                        595,
                        1609
                    ],
                    [
                        614,
                        1614
                    ],
                    [
                        621,
                        1628
                    ],
                    [
                        632,
                        1612
                    ],
                    [
                        651,
                        1623
                    ],
                    [
                        673,
                        1617
                    ],
                    [
                        685,
                        1602
                    ],
                    [
                        685,
                        1588
                    ],
                    [
                        699,
                        1567
                    ],
                    [
                        739,
                        1553
                    ],
                    [
                        762,
                        1548
                    ],
                    [
                        813,
                        1546
                    ],
                    [
                        863,
                        1568
                    ],
                    [
                        891,
                        1599
                    ],
                    [
                        900,
                        1639
                    ],
                    [
                        910,
                        1666
                    ],
                    [
                        927,
                        1683
                    ],
                    [
                        961,
                        1708
                    ],
                    [
                        992,
                        1739
                    ],
                    [
                        1024,
                        1780
                    ],
                    [
                        1046,
                        1834
                    ],
                    [
                        1070,
                        1864
                    ],
                    [
                        1097,
                        1900
                    ],
                    [
                        1109,
                        1911
                    ],
                    [
                        1434,
                        1910
                    ],
                    [
                        1421,
                        1880
                    ],
                    [
                        1392,
                        1857
                    ],
                    [
                        1361,
                        1863
                    ],
                    [
                        1364,
                        1891
                    ],
                    [
                        1362,
                        1909
                    ],
                    [
                        1212,
                        1910
                    ],
                    [
                        1189,
                        1886
                    ],
                    [
                        1165,
                        1850
                    ],
                    [
                        1149,
                        1779
                    ],
                    [
                        1145,
                        1737
                    ],
                    [
                        1127,
                        1740
                    ],
                    [
                        1107,
                        1748
                    ],
                    [
                        1074,
                        1742
                    ],
                    [
                        1049,
                        1704
                    ],
                    [
                        1035,
                        1665
                    ],
                    [
                        1025,
                        1622
                    ],
                    [
                        1037,
                        1578
                    ],
                    [
                        1056,
                        1560
                    ],
                    [
                        1077,
                        1536
                    ]
                ],
                "interior": []
            }
        },
        {
            "id": 498970129,
            "classId": 1663235,
            "description": "",
            "geometryType": "polygon",
            "labelerLogin": "kyn.emre",
            "createdAt": "2020-08-10T14:57:29.851Z",
            "updatedAt": "2020-08-10T14:57:54.318Z",
            "tags": [
                {
                    "id": 97549996,
                    "tagId": 28285098,
                    "name": "Cell_3",
                    "value": null,
                    "labelerLogin": "kyn.emre",
                    "createdAt": "2020-08-10T14:58:04.623Z",
                    "updatedAt": "2020-08-10T14:58:04.623Z"
                }
            ],
            "classTitle": "Cell",
            "points": {
                "exterior": [
                    [
                        0,
                        513
                    ],
                    [
                        15,
                        498
                    ],
                    [
                        28,
                        493
                    ],
                    [
                        41,
                        483
                    ],
                    [
                        59,
                        462
                    ],
                    [
                        88,
                        448
                    ],
                    [
                        108,
                        467
                    ],
                    [
                        115,
                        482
                    ],
                    [
                        112,
                        503
                    ],
                    [
                        105,
                        517
                    ],
                    [
                        106,
                        534
                    ],
                    [
                        97,
                        550
                    ],
                    [
                        85,
                        567
                    ],
                    [
                        71,
                        581
                    ],
                    [
                        57,
                        604
                    ],
                    [
                        39,
                        617
                    ],
                    [
                        25,
                        632
                    ],
                    [
                        0,
                        648
                    ]
                ],
                "interior": []
            }
        }
    ]
}