{
    "description": "",
    "tags": [
        {
            "id": 85749002,
            "tagId": 28285101,
            "name": "Frame",
            "value": 579,
            "labelerLogin": "kyn.emre",
            "createdAt": "2020-08-08T17:40:49.280Z",
            "updatedAt": "2020-08-08T17:40:49.280Z"
        }
    ],
    "size": {
        "height": 1912,
        "width": 2568
    },
    "objects": [
        {
            "id": 498639700,
            "classId": 1663235,
            "description": "",
            "geometryType": "polygon",
            "labelerLogin": "kyn.emre",
            "createdAt": "2020-08-08T17:40:49.280Z",
            "updatedAt": "2020-08-10T15:39:08.265Z",
            "tags": [
                {
                    "id": 97536576,
                    "tagId": 28285096,
                    "name": "Cell_8",
                    "value": null,
                    "labelerLogin": "kyn.emre",
                    "createdAt": "2020-08-08T17:40:49.280Z",
                    "updatedAt": "2020-08-08T17:40:49.280Z"
                }
            ],
            "classTitle": "Cell",
            "points": {
                "exterior": [
                    [
                        1640,
                        339
                    ],
                    [
                        1668,
                        339
                    ],
                    [
                        1687,
                        358
                    ],
                    [
                        1724,
                        351
                    ],
                    [
                        1744,
                        350
                    ],
                    [
                        1793,
                        356
                    ],
                    [
                        1842,
                        377
                    ],
                    [
                        1847,
                        408
                    ],
                    [
                        1871,
                        445
                    ],
                    [
                        1911,
                        464
                    ],
                    [
                        1953,
                        491
                    ],
                    [
                        2014,
                        497
                    ],
                    [
                        2071,
                        494
                    ],
                    [
                        2125,
                        486
                    ],
                    [
                        2167,
                        480
                    ],
                    [
                        2208,
                        469
                    ],
                    [
                        2213,
                        435
                    ],
                    [
                        2223,
                        392
                    ],
                    [
                        2247,
                        372
                    ],
                    [
                        2292,
                        380
                    ],
                    [
                        2338,
                        331
                    ],
                    [
                        2351,
                        316
                    ],
                    [
                        2367,
                        309
                    ],
                    [
                        2399,
                        269
                    ],
                    [
                        2392,
                        201
                    ],
                    [
                        2378,
                        156
                    ],
                    [
                        2348,
                        115
                    ],
                    [
                        2311,
                        95
                    ],
                    [
                        2286,
                        79
                    ],
                    [
                        2213,
                        98
                    ],
                    [
                        2217,
                        88
                    ],
                    [
                        2258,
                        75
                    ],
                    [
                        2283,
                        71
                    ],
                    [
                        2283,
                        41
                    ],
                    [
                        2283,
                        9
                    ],
                    [
                        2284,
                        0
                    ],
                    [
                        2163,
                        1
                    ],
                    [
                        2165,
                        37
                    ],
                    [
                        2165,
                        69
                    ],
                    [
                        2187,
                        92
                    ],
                    [
                        2184,
                        102
                    ],
                    [
                        2139,
                        163
                    ],
                    [
                        2044,
                        209
                    ],
                    [
                        1940,
                        242
                    ],
                    [
                        1982,
                        236
                    ],
                    [
                        1892,
                        269
                    ],
                    [
                        1813,
                        290
                    ],
                    [
                        1766,
                        293
                    ],
                    [
                        1720,
                        294
                    ],
                    [
                        1691,
                        282
                    ],
                    [
                        1659,
                        273
                    ],
                    [
                        1637,
                        273
                    ],
                    [
                        1620,
                        290
                    ],
                    [
                        1623,
                        314
                    ]
                ],
                "interior": []
            }
        },
        {
            "id": 498639701,
            "classId": 1663235,
            "description": "",
            "geometryType": "polygon",
            "labelerLogin": "kyn.emre",
            "createdAt": "2020-08-08T17:40:49.280Z",
            "updatedAt": "2020-08-10T15:39:08.265Z",
            "tags": [
                {
                    "id": 97536577,
                    "tagId": 28285099,
                    "name": "Cell_4",
                    "value": null,
                    "labelerLogin": "kyn.emre",
                    "createdAt": "2020-08-08T17:40:49.280Z",
                    "updatedAt": "2020-08-08T17:40:49.280Z"
                }
            ],
            "classTitle": "Cell",
            "points": {
                "exterior": [
                    [
                        632,
                        1019
                    ],
                    [
                        650,
                        1029
                    ],
                    [
                        659,
                        1053
                    ],
                    [
                        674,
                        1047
                    ],
                    [
                        681,
                        1034
                    ],
                    [
                        701,
                        1042
                    ],
                    [
                        702,
                        1028
                    ],
                    [
                        697,
                        1013
                    ],
                    [
                        705,
                        1019
                    ],
                    [
                        712,
                        998
                    ],
                    [
                        712,
                        980
                    ],
                    [
                        737,
                        974
                    ],
                    [
                        746,
                        960
                    ],
                    [
                        731,
                        945
                    ],
                    [
                        723,
                        933
                    ],
                    [
                        721,
                        918
                    ],
                    [
                        708,
                        919
                    ],
                    [
                        717,
                        897
                    ],
                    [
                        734,
                        896
                    ],
                    [
                        734,
                        878
                    ],
                    [
                        716,
                        871
                    ],
                    [
                        715,
                        857
                    ],
                    [
                        726,
                        852
                    ],
                    [
                        738,
                        848
                    ],
                    [
                        720,
                        838
                    ],
                    [
                        707,
                        827
                    ],
                    [
                        724,
                        816
                    ],
                    [
                        726,
                        803
                    ],
                    [
                        715,
                        794
                    ],
                    [
                        716,
                        779
                    ],
                    [
                        723,
                        771
                    ],
                    [
                        730,
                        757
                    ],
                    [
                        709,
                        759
                    ],
                    [
                        701,
                        754
                    ],
                    [
                        709,
                        739
                    ],
                    [
                        709,
                        723
                    ],
                    [
                        707,
                        711
                    ],
                    [
                        698,
                        715
                    ],
                    [
                        682,
                        717
                    ],
                    [
                        683,
                        705
                    ],
                    [
                        675,
                        694
                    ],
                    [
                        664,
                        693
                    ],
                    [
                        658,
                        693
                    ],
                    [
                        659,
                        681
                    ],
                    [
                        654,
                        675
                    ],
                    [
                        645,
                        675
                    ],
                    [
                        631,
                        680
                    ],
                    [
                        621,
                        691
                    ],
                    [
                        617,
                        678
                    ],
                    [
                        601,
                        670
                    ],
                    [
                        585,
                        668
                    ],
                    [
                        585,
                        681
                    ],
                    [
                        582,
                        701
                    ],
                    [
                        579,
                        708
                    ],
                    [
                        559,
                        693
                    ],
                    [
                        554,
                        681
                    ],
                    [
                        544,
                        675
                    ],
                    [
                        521,
                        690
                    ],
                    [
                        524,
                        696
                    ],
                    [
                        508,
                        699
                    ],
                    [
                        502,
                        699
                    ],
                    [
                        500,
                        705
                    ],
                    [
                        497,
                        711
                    ],
                    [
                        489,
                        716
                    ],
                    [
                        488,
                        728
                    ],
                    [
                        481,
                        729
                    ],
                    [
                        467,
                        729
                    ],
                    [
                        459,
                        729
                    ],
                    [
                        459,
                        718
                    ],
                    [
                        456,
                        712
                    ],
                    [
                        451,
                        710
                    ],
                    [
                        443,
                        716
                    ],
                    [
                        437,
                        725
                    ],
                    [
                        430,
                        726
                    ],
                    [
                        425,
                        736
                    ],
                    [
                        426,
                        742
                    ],
                    [
                        427,
                        751
                    ],
                    [
                        413,
                        753
                    ],
                    [
                        410,
                        761
                    ],
                    [
                        407,
                        766
                    ],
                    [
                        406,
                        773
                    ],
                    [
                        400,
                        776
                    ],
                    [
                        395,
                        783
                    ],
                    [
                        390,
                        789
                    ],
                    [
                        383,
                        792
                    ],
                    [
                        376,
                        791
                    ],
                    [
                        365,
                        802
                    ],
                    [
                        364,
                        814
                    ],
                    [
                        375,
                        833
                    ],
                    [
                        384,
                        839
                    ],
                    [
                        394,
                        849
                    ],
                    [
                        400,
                        860
                    ],
                    [
                        406,
                        876
                    ],
                    [
                        415,
                        898
                    ],
                    [
                        421,
                        910
                    ],
                    [
                        435,
                        932
                    ],
                    [
                        442,
                        942
                    ],
                    [
                        468,
                        975
                    ],
                    [
                        530,
                        1003
                    ],
                    [
                        552,
                        1011
                    ],
                    [
                        574,
                        1014
                    ],
                    [
                        599,
                        1016
                    ],
                    [
                        621,
                        1017
                    ]
                ],
                "interior": []
            }
        },
        {
            "id": 498639703,
            "classId": 1663235,
            "description": "",
            "geometryType": "polygon",
            "labelerLogin": "kyn.emre",
            "createdAt": "2020-08-08T17:40:49.280Z",
            "updatedAt": "2020-08-10T15:39:08.265Z",
            "tags": [
                {
                    "id": 97536579,
                    "tagId": 28285092,
                    "name": "Cell_6",
                    "value": null,
                    "labelerLogin": "kyn.emre",
                    "createdAt": "2020-08-08T17:40:49.280Z",
                    "updatedAt": "2020-08-08T17:40:49.280Z"
                }
            ],
            "classTitle": "Cell",
            "points": {
                "exterior": [
                    [
                        1862,
                        1381
                    ],
                    [
                        1814,
                        1388
                    ],
                    [
                        1787,
                        1426
                    ],
                    [
                        1776,
                        1475
                    ],
                    [
                        1684,
                        1508
                    ],
                    [
                        1557,
                        1514
                    ],
                    [
                        1361,
                        1499
                    ],
                    [
                        1255,
                        1478
                    ],
                    [
                        1359,
                        1514
                    ],
                    [
                        1492,
                        1594
                    ],
                    [
                        1538,
                        1627
                    ],
                    [
                        1592,
                        1631
                    ],
                    [
                        1645,
                        1634
                    ],
                    [
                        1682,
                        1667
                    ],
                    [
                        1730,
                        1702
                    ],
                    [
                        1764,
                        1734
                    ],
                    [
                        1829,
                        1732
                    ],
                    [
                        1895,
                        1741
                    ],
                    [
                        1947,
                        1752
                    ],
                    [
                        1957,
                        1686
                    ],
                    [
                        1961,
                        1647
                    ],
                    [
                        1924,
                        1630
                    ],
                    [
                        1882,
                        1577
                    ],
                    [
                        1862,
                        1508
                    ],
                    [
                        1870,
                        1463
                    ],
                    [
                        1889,
                        1451
                    ],
                    [
                        1881,
                        1417
                    ]
                ],
                "interior": []
            }
        },
        {
            "id": 498639704,
            "classId": 1663235,
            "description": "",
            "geometryType": "polygon",
            "labelerLogin": "kyn.emre",
            "createdAt": "2020-08-08T17:40:49.280Z",
            "updatedAt": "2020-08-10T16:04:09.954Z",
            "tags": [
                {
                    "id": 97536580,
                    "tagId": 28285093,
                    "name": "Cell_5",
                    "value": null,
                    "labelerLogin": "kyn.emre",
                    "createdAt": "2020-08-08T17:40:49.280Z",
                    "updatedAt": "2020-08-08T17:40:49.280Z"
                }
            ],
            "classTitle": "Cell",
            "points": {
                "exterior": [
                    [
                        1607,
                        1509
                    ],
                    [
                        1546,
                        1489
                    ],
                    [
                        1507,
                        1438
                    ],
                    [
                        1516,
                        1404
                    ],
                    [
                        1455,
                        1354
                    ],
                    [
                        1421,
                        1362
                    ],
                    [
                        1372,
                        1359
                    ],
                    [
                        1348,
                        1343
                    ],
                    [
                        1307,
                        1343
                    ],
                    [
                        1266,
                        1347
                    ],
                    [
                        1229,
                        1357
                    ],
                    [
                        1027,
                        1337
                    ],
                    [
                        968,
                        1316
                    ],
                    [
                        922,
                        1297
                    ],
                    [
                        889,
                        1299
                    ],
                    [
                        893,
                        1321
                    ],
                    [
                        878,
                        1353
                    ],
                    [
                        821,
                        1365
                    ],
                    [
                        724,
                        1367
                    ],
                    [
                        681,
                        1335
                    ],
                    [
                        649,
                        1327
                    ],
                    [
                        622,
                        1324
                    ],
                    [
                        597,
                        1326
                    ],
                    [
                        605,
                        1354
                    ],
                    [
                        580,
                        1361
                    ],
                    [
                        548,
                        1366
                    ],
                    [
                        551,
                        1389
                    ],
                    [
                        583,
                        1392
                    ],
                    [
                        583,
                        1415
                    ],
                    [
                        614,
                        1407
                    ],
                    [
                        618,
                        1430
                    ],
                    [
                        651,
                        1440
                    ],
                    [
                        679,
                        1446
                    ],
                    [
                        708,
                        1465
                    ],
                    [
                        735,
                        1464
                    ],
                    [
                        774,
                        1483
                    ],
                    [
                        752,
                        1505
                    ],
                    [
                        755,
                        1529
                    ],
                    [
                        803,
                        1511
                    ],
                    [
                        849,
                        1495
                    ],
                    [
                        960,
                        1478
                    ],
                    [
                        1080,
                        1466
                    ],
                    [
                        1158,
                        1463
                    ],
                    [
                        1254,
                        1482
                    ],
                    [
                        1354,
                        1499
                    ],
                    [
                        1407,
                        1504
                    ],
                    [
                        1445,
                        1505
                    ],
                    [
                        1493,
                        1510
                    ],
                    [
                        1533,
                        1512
                    ],
                    [
                        1563,
                        1514
                    ],
                    [
                        1586,
                        1517
                    ]
                ],
                "interior": []
            }
        },
        {
            "id": 498639705,
            "classId": 1663235,
            "description": "",
            "geometryType": "polygon",
            "labelerLogin": "kyn.emre",
            "createdAt": "2020-08-08T17:40:49.280Z",
            "updatedAt": "2020-08-10T15:39:08.265Z",
            "tags": [
                {
                    "id": 97550178,
                    "tagId": 28298783,
                    "name": "Cell_11",
                    "value": null,
                    "labelerLogin": "kyn.emre",
                    "createdAt": "2020-08-10T15:40:34.478Z",
                    "updatedAt": "2020-08-10T15:40:34.478Z"
                }
            ],
            "classTitle": "Cell",
            "points": {
                "exterior": [
                    [
                        12,
                        1587
                    ],
                    [
                        37,
                        1578
                    ],
                    [
                        53,
                        1538
                    ],
                    [
                        87,
                        1587
                    ],
                    [
                        158,
                        1618
                    ],
                    [
                        256,
                        1584
                    ],
                    [
                        303,
                        1575
                    ],
                    [
                        337,
                        1612
                    ],
                    [
                        364,
                        1636
                    ],
                    [
                        361,
                        1655
                    ],
                    [
                        377,
                        1701
                    ],
                    [
                        330,
                        1711
                    ],
                    [
                        278,
                        1711
                    ],
                    [
                        182,
                        1680
                    ],
                    [
                        83,
                        1698
                    ],
                    [
                        0,
                        1754
                    ]
                ],
                "interior": []
            }
        },
        {
            "id": 498639706,
            "classId": 1663235,
            "description": "",
            "geometryType": "polygon",
            "labelerLogin": "kyn.emre",
            "createdAt": "2020-08-08T17:40:49.280Z",
            "updatedAt": "2020-08-10T15:39:08.265Z",
            "tags": [
                {
                    "id": 97536582,
                    "tagId": 28285097,
                    "name": "Cell_1",
                    "value": null,
                    "labelerLogin": "kyn.emre",
                    "createdAt": "2020-08-08T17:40:49.280Z",
                    "updatedAt": "2020-08-08T17:40:49.280Z"
                }
            ],
            "classTitle": "Cell",
            "points": {
                "exterior": [
                    [
                        173,
                        260
                    ],
                    [
                        161,
                        279
                    ],
                    [
                        140,
                        293
                    ],
                    [
                        133,
                        318
                    ],
                    [
                        99,
                        330
                    ],
                    [
                        57,
                        353
                    ],
                    [
                        0,
                        309
                    ],
                    [
                        6,
                        14
                    ],
                    [
                        68,
                        58
                    ],
                    [
                        85,
                        133
                    ],
                    [
                        87,
                        188
                    ],
                    [
                        138,
                        181
                    ],
                    [
                        194,
                        160
                    ],
                    [
                        224,
                        140
                    ],
                    [
                        301,
                        98
                    ],
                    [
                        367,
                        82
                    ],
                    [
                        411,
                        72
                    ],
                    [
                        411,
                        100
                    ],
                    [
                        337,
                        113
                    ],
                    [
                        301,
                        146
                    ],
                    [
                        270,
                        207
                    ],
                    [
                        232,
                        235
                    ]
                ],
                "interior": []
            }
        },
        {
            "id": 498971888,
            "classId": 1663235,
            "description": "",
            "geometryType": "polygon",
            "labelerLogin": "kyn.emre",
            "createdAt": "2020-08-10T15:27:44.774Z",
            "updatedAt": "2020-08-10T15:39:08.265Z",
            "tags": [
                {
                    "id": 97550096,
                    "tagId": 28298741,
                    "name": "Cell_7A",
                    "value": null,
                    "labelerLogin": "kyn.emre",
                    "createdAt": "2020-08-10T15:27:58.807Z",
                    "updatedAt": "2020-08-10T15:27:58.807Z"
                }
            ],
            "classTitle": "Cell",
            "points": {
                "exterior": [
                    [
                        1628,
                        543
                    ],
                    [
                        1608,
                        516
                    ],
                    [
                        1595,
                        477
                    ],
                    [
                        1615,
                        441
                    ],
                    [
                        1638,
                        425
                    ],
                    [
                        1657,
                        422
                    ],
                    [
                        1685,
                        430
                    ],
                    [
                        1704,
                        447
                    ],
                    [
                        1717,
                        468
                    ],
                    [
                        1725,
                        490
                    ],
                    [
                        1718,
                        516
                    ],
                    [
                        1699,
                        538
                    ],
                    [
                        1686,
                        543
                    ],
                    [
                        1656,
                        540
                    ]
                ],
                "interior": []
            }
        },
        {
            "id": 498971895,
            "classId": 1663235,
            "description": "",
            "geometryType": "polygon",
            "labelerLogin": "kyn.emre",
            "createdAt": "2020-08-10T15:28:05.903Z",
            "updatedAt": "2020-08-10T15:39:08.265Z",
            "tags": [
                {
                    "id": 97550098,
                    "tagId": 28298742,
                    "name": "Cell_7B",
                    "value": null,
                    "labelerLogin": "kyn.emre",
                    "createdAt": "2020-08-10T15:28:42.213Z",
                    "updatedAt": "2020-08-10T15:28:42.213Z"
                }
            ],
            "classTitle": "Cell",
            "points": {
                "exterior": [
                    [
                        1626,
                        543
                    ],
                    [
                        1603,
                        570
                    ],
                    [
                        1595,
                        603
                    ],
                    [
                        1604,
                        630
                    ],
                    [
                        1619,
                        649
                    ],
                    [
                        1642,
                        658
                    ],
                    [
                        1664,
                        660
                    ],
                    [
                        1686,
                        655
                    ],
                    [
                        1700,
                        646
                    ],
                    [
                        1719,
                        631
                    ],
                    [
                        1726,
                        604
                    ],
                    [
                        1725,
                        583
                    ],
                    [
                        1721,
                        568
                    ],
                    [
                        1705,
                        550
                    ],
                    [
                        1693,
                        542
                    ],
                    [
                        1654,
                        540
                    ]
                ],
                "interior": []
            }
        },
        {
            "id": 498972135,
            "classId": 1663235,
            "description": "",
            "geometryType": "polygon",
            "labelerLogin": "kyn.emre",
            "createdAt": "2020-08-10T15:34:51.995Z",
            "updatedAt": "2020-08-10T15:39:08.265Z",
            "tags": [
                {
                    "id": 97550108,
                    "tagId": 28285100,
                    "name": "Cell_9",
                    "value": null,
                    "labelerLogin": "kyn.emre",
                    "createdAt": "2020-08-10T15:35:09.088Z",
                    "updatedAt": "2020-08-10T15:35:09.088Z"
                }
            ],
            "classTitle": "Cell",
            "points": {
                "exterior": [
                    [
                        2459,
                        1213
                    ],
                    [
                        2443,
                        1235
                    ],
                    [
                        2409,
                        1239
                    ],
                    [
                        2397,
                        1258
                    ],
                    [
                        2377,
                        1263
                    ],
                    [
                        2377,
                        1279
                    ],
                    [
                        2370,
                        1290
                    ],
                    [
                        2387,
                        1304
                    ],
                    [
                        2386,
                        1321
                    ],
                    [
                        2380,
                        1326
                    ],
                    [
                        2363,
                        1329
                    ],
                    [
                        2353,
                        1321
                    ],
                    [
                        2346,
                        1310
                    ],
                    [
                        2336,
                        1320
                    ],
                    [
                        2320,
                        1322
                    ],
                    [
                        2307,
                        1330
                    ],
                    [
                        2296,
                        1324
                    ],
                    [
                        2297,
                        1302
                    ],
                    [
                        2315,
                        1291
                    ],
                    [
                        2329,
                        1291
                    ],
                    [
                        2341,
                        1276
                    ],
                    [
                        2346,
                        1264
                    ],
                    [
                        2358,
                        1255
                    ],
                    [
                        2358,
                        1222
                    ],
                    [
                        2384,
                        1205
                    ],
                    [
                        2399,
                        1219
                    ],
                    [
                        2422,
                        1223
                    ],
                    [
                        2437,
                        1222
                    ]
                ],
                "interior": []
            }
        },
        {
            "id": 498972469,
            "classId": 1663235,
            "description": "",
            "geometryType": "polygon",
            "labelerLogin": "kyn.emre",
            "createdAt": "2020-08-10T15:39:08.084Z",
            "updatedAt": "2020-08-10T16:04:50.856Z",
            "tags": [
                {
                    "id": 97550143,
                    "tagId": 28285098,
                    "name": "Cell_3",
                    "value": null,
                    "labelerLogin": "kyn.emre",
                    "createdAt": "2020-08-10T15:39:40.780Z",
                    "updatedAt": "2020-08-10T15:39:40.780Z"
                }
            ],
            "classTitle": "Cell",
            "points": {
                "exterior": [
                    [
                        0,
                        547
                    ],
                    [
                        0,
                        656
                    ],
                    [
                        31,
                        628
                    ],
                    [
                        71,
                        587
                    ],
                    [
                        148,
                        549
                    ],
                    [
                        186,
                        518
                    ],
                    [
                        232,
                        455
                    ],
                    [
                        260,
                        376
                    ],
                    [
                        265,
                        350
                    ],
                    [
                        268,
                        309
                    ],
                    [
                        301,
                        266
                    ],
                    [
                        337,
                        230
                    ],
                    [
                        401,
                        202
                    ],
                    [
                        398,
                        171
                    ],
                    [
                        383,
                        136
                    ],
                    [
                        365,
                        108
                    ],
                    [
                        339,
                        110
                    ],
                    [
                        303,
                        145
                    ],
                    [
                        280,
                        215
                    ],
                    [
                        253,
                        255
                    ],
                    [
                        190,
                        355
                    ],
                    [
                        111,
                        464
                    ],
                    [
                        71,
                        497
                    ],
                    [
                        42,
                        526
                    ],
                    [
                        22,
                        540
                    ]
                ],
                "interior": []
            }
        }
    ]
}