{
    "description": "",
    "tags": [
        {
            "id": 85749007,
            "tagId": 28285101,
            "name": "Frame",
            "value": 75,
            "labelerLogin": "kyn.emre",
            "createdAt": "2020-08-08T17:40:49.280Z",
            "updatedAt": "2020-08-08T17:40:49.280Z"
        }
    ],
    "size": {
        "height": 1912,
        "width": 2568
    },
    "objects": [
        {
            "id": 498639663,
            "classId": 1663235,
            "description": "",
            "geometryType": "polygon",
            "labelerLogin": "kyn.emre",
            "createdAt": "2020-08-08T17:40:49.280Z",
            "updatedAt": "2020-08-10T15:45:03.826Z",
            "tags": [
                {
                    "id": 97536539,
                    "tagId": 28285092,
                    "name": "Cell_6",
                    "value": null,
                    "labelerLogin": "kyn.emre",
                    "createdAt": "2020-08-08T17:40:49.280Z",
                    "updatedAt": "2020-08-08T17:40:49.280Z"
                }
            ],
            "classTitle": "Cell",
            "points": {
                "exterior": [
                    [
                        1571,
                        1665
                    ],
                    [
                        1612,
                        1677
                    ],
                    [
                        1664,
                        1715
                    ],
                    [
                        1702,
                        1719
                    ],
                    [
                        1720,
                        1693
                    ],
                    [
                        1746,
                        1693
                    ],
                    [
                        1767,
                        1676
                    ],
                    [
                        1739,
                        1647
                    ],
                    [
                        1739,
                        1614
                    ],
                    [
                        1766,
                        1565
                    ],
                    [
                        1785,
                        1551
                    ],
                    [
                        1816,
                        1552
                    ],
                    [
                        1821,
                        1500
                    ],
                    [
                        1813,
                        1471
                    ],
                    [
                        1769,
                        1471
                    ],
                    [
                        1712,
                        1486
                    ],
                    [
                        1650,
                        1503
                    ],
                    [
                        1553,
                        1508
                    ],
                    [
                        1530,
                        1487
                    ],
                    [
                        1495,
                        1483
                    ],
                    [
                        1474,
                        1498
                    ],
                    [
                        1452,
                        1498
                    ],
                    [
                        1415,
                        1519
                    ],
                    [
                        1392,
                        1563
                    ],
                    [
                        1393,
                        1606
                    ],
                    [
                        1417,
                        1631
                    ],
                    [
                        1438,
                        1652
                    ],
                    [
                        1457,
                        1670
                    ],
                    [
                        1482,
                        1681
                    ],
                    [
                        1518,
                        1677
                    ]
                ],
                "interior": []
            }
        },
        {
            "id": 498639664,
            "classId": 1663235,
            "description": "",
            "geometryType": "polygon",
            "labelerLogin": "kyn.emre",
            "createdAt": "2020-08-08T17:40:49.280Z",
            "updatedAt": "2020-08-08T17:40:49.280Z",
            "tags": [
                {
                    "id": 97536540,
                    "tagId": 28285093,
                    "name": "Cell_5",
                    "value": null,
                    "labelerLogin": "kyn.emre",
                    "createdAt": "2020-08-08T17:40:49.280Z",
                    "updatedAt": "2020-08-08T17:40:49.280Z"
                }
            ],
            "classTitle": "Cell",
            "points": {
                "exterior": [
                    [
                        1013,
                        1776
                    ],
                    [
                        1049,
                        1727
                    ],
                    [
                        1070,
                        1704
                    ],
                    [
                        1114,
                        1668
                    ],
                    [
                        1136,
                        1638
                    ],
                    [
                        1154,
                        1614
                    ],
                    [
                        1173,
                        1568
                    ],
                    [
                        1154,
                        1536
                    ],
                    [
                        1138,
                        1479
                    ],
                    [
                        1094,
                        1441
                    ],
                    [
                        1068,
                        1430
                    ],
                    [
                        1043,
                        1410
                    ],
                    [
                        1016,
                        1373
                    ],
                    [
                        967,
                        1348
                    ],
                    [
                        923,
                        1361
                    ],
                    [
                        892,
                        1353
                    ],
                    [
                        864,
                        1337
                    ],
                    [
                        821,
                        1321
                    ],
                    [
                        763,
                        1316
                    ],
                    [
                        717,
                        1345
                    ],
                    [
                        691,
                        1383
                    ],
                    [
                        702,
                        1406
                    ],
                    [
                        682,
                        1413
                    ],
                    [
                        661,
                        1411
                    ],
                    [
                        637,
                        1422
                    ],
                    [
                        642,
                        1440
                    ],
                    [
                        620,
                        1454
                    ],
                    [
                        588,
                        1487
                    ],
                    [
                        572,
                        1530
                    ],
                    [
                        582,
                        1570
                    ],
                    [
                        591,
                        1622
                    ],
                    [
                        626,
                        1635
                    ],
                    [
                        660,
                        1617
                    ],
                    [
                        694,
                        1611
                    ],
                    [
                        756,
                        1628
                    ],
                    [
                        823,
                        1652
                    ],
                    [
                        899,
                        1690
                    ],
                    [
                        900,
                        1731
                    ],
                    [
                        945,
                        1761
                    ],
                    [
                        975,
                        1784
                    ]
                ],
                "interior": []
            }
        },
        {
            "id": 498639665,
            "classId": 1663235,
            "description": "",
            "geometryType": "polygon",
            "labelerLogin": "kyn.emre",
            "createdAt": "2020-08-08T17:40:49.280Z",
            "updatedAt": "2020-08-08T17:40:49.280Z",
            "tags": [
                {
                    "id": 97536541,
                    "tagId": 28285094,
                    "name": "Cell_7",
                    "value": null,
                    "labelerLogin": "kyn.emre",
                    "createdAt": "2020-08-08T17:40:49.280Z",
                    "updatedAt": "2020-08-08T17:40:49.280Z"
                }
            ],
            "classTitle": "Cell",
            "points": {
                "exterior": [
                    [
                        1752,
                        785
                    ],
                    [
                        1754,
                        773
                    ],
                    [
                        1754,
                        755
                    ],
                    [
                        1741,
                        732
                    ],
                    [
                        1730,
                        702
                    ],
                    [
                        1737,
                        663
                    ],
                    [
                        1757,
                        644
                    ],
                    [
                        1788,
                        637
                    ],
                    [
                        1831,
                        649
                    ],
                    [
                        1869,
                        667
                    ],
                    [
                        1894,
                        661
                    ],
                    [
                        1912,
                        640
                    ],
                    [
                        1921,
                        621
                    ],
                    [
                        1898,
                        606
                    ],
                    [
                        1895,
                        567
                    ],
                    [
                        1881,
                        557
                    ],
                    [
                        1865,
                        544
                    ],
                    [
                        1860,
                        515
                    ],
                    [
                        1860,
                        490
                    ],
                    [
                        1841,
                        478
                    ],
                    [
                        1804,
                        467
                    ],
                    [
                        1760,
                        454
                    ],
                    [
                        1719,
                        457
                    ],
                    [
                        1695,
                        452
                    ],
                    [
                        1679,
                        469
                    ],
                    [
                        1647,
                        438
                    ],
                    [
                        1641,
                        415
                    ],
                    [
                        1647,
                        394
                    ],
                    [
                        1622,
                        391
                    ],
                    [
                        1609,
                        405
                    ],
                    [
                        1594,
                        432
                    ],
                    [
                        1559,
                        437
                    ],
                    [
                        1535,
                        452
                    ],
                    [
                        1520,
                        460
                    ],
                    [
                        1519,
                        480
                    ],
                    [
                        1531,
                        511
                    ],
                    [
                        1531,
                        532
                    ],
                    [
                        1510,
                        541
                    ],
                    [
                        1481,
                        537
                    ],
                    [
                        1456,
                        540
                    ],
                    [
                        1426,
                        553
                    ],
                    [
                        1407,
                        575
                    ],
                    [
                        1389,
                        600
                    ],
                    [
                        1369,
                        628
                    ],
                    [
                        1372,
                        657
                    ],
                    [
                        1412,
                        688
                    ],
                    [
                        1451,
                        704
                    ],
                    [
                        1479,
                        687
                    ],
                    [
                        1503,
                        674
                    ],
                    [
                        1551,
                        659
                    ],
                    [
                        1591,
                        657
                    ],
                    [
                        1627,
                        667
                    ],
                    [
                        1665,
                        681
                    ],
                    [
                        1696,
                        706
                    ],
                    [
                        1716,
                        748
                    ]
                ],
                "interior": []
            }
        },
        {
            "id": 498639666,
            "classId": 1663235,
            "description": "",
            "geometryType": "polygon",
            "labelerLogin": "kyn.emre",
            "createdAt": "2020-08-08T17:40:49.280Z",
            "updatedAt": "2020-08-08T17:40:49.280Z",
            "tags": [
                {
                    "id": 97536542,
                    "tagId": 28285095,
                    "name": "Cell_2",
                    "value": null,
                    "labelerLogin": "kyn.emre",
                    "createdAt": "2020-08-08T17:40:49.280Z",
                    "updatedAt": "2020-08-08T17:40:49.280Z"
                }
            ],
            "classTitle": "Cell",
            "points": {
                "exterior": [
                    [
                        517,
                        992
                    ],
                    [
                        540,
                        977
                    ],
                    [
                        579,
                        966
                    ],
                    [
                        605,
                        941
                    ],
                    [
                        626,
                        906
                    ],
                    [
                        638,
                        879
                    ],
                    [
                        668,
                        848
                    ],
                    [
                        684,
                        841
                    ],
                    [
                        707,
                        845
                    ],
                    [
                        724,
                        845
                    ],
                    [
                        744,
                        835
                    ],
                    [
                        749,
                        805
                    ],
                    [
                        747,
                        786
                    ],
                    [
                        741,
                        763
                    ],
                    [
                        741,
                        745
                    ],
                    [
                        745,
                        722
                    ],
                    [
                        730,
                        696
                    ],
                    [
                        716,
                        687
                    ],
                    [
                        715,
                        666
                    ],
                    [
                        692,
                        649
                    ],
                    [
                        680,
                        636
                    ],
                    [
                        654,
                        624
                    ],
                    [
                        628,
                        610
                    ],
                    [
                        596,
                        610
                    ],
                    [
                        572,
                        596
                    ],
                    [
                        575,
                        584
                    ],
                    [
                        568,
                        564
                    ],
                    [
                        541,
                        574
                    ],
                    [
                        507,
                        577
                    ],
                    [
                        497,
                        601
                    ],
                    [
                        467,
                        603
                    ],
                    [
                        454,
                        623
                    ],
                    [
                        432,
                        622
                    ],
                    [
                        412,
                        622
                    ],
                    [
                        398,
                        633
                    ],
                    [
                        380,
                        640
                    ],
                    [
                        363,
                        649
                    ],
                    [
                        348,
                        665
                    ],
                    [
                        364,
                        688
                    ],
                    [
                        367,
                        712
                    ],
                    [
                        353,
                        721
                    ],
                    [
                        367,
                        747
                    ],
                    [
                        393,
                        758
                    ],
                    [
                        401,
                        778
                    ],
                    [
                        394,
                        798
                    ],
                    [
                        401,
                        812
                    ],
                    [
                        419,
                        833
                    ],
                    [
                        437,
                        843
                    ],
                    [
                        450,
                        868
                    ],
                    [
                        470,
                        889
                    ],
                    [
                        466,
                        911
                    ],
                    [
                        458,
                        927
                    ],
                    [
                        470,
                        946
                    ],
                    [
                        480,
                        956
                    ],
                    [
                        498,
                        963
                    ],
                    [
                        506,
                        982
                    ]
                ],
                "interior": []
            }
        },
        {
            "id": 498639667,
            "classId": 1663235,
            "description": "",
            "geometryType": "polygon",
            "labelerLogin": "kyn.emre",
            "createdAt": "2020-08-08T17:40:49.280Z",
            "updatedAt": "2020-08-08T17:40:49.280Z",
            "tags": [
                {
                    "id": 97536543,
                    "tagId": 28285096,
                    "name": "Cell_8",
                    "value": null,
                    "labelerLogin": "kyn.emre",
                    "createdAt": "2020-08-08T17:40:49.280Z",
                    "updatedAt": "2020-08-08T17:40:49.280Z"
                }
            ],
            "classTitle": "Cell",
            "points": {
                "exterior": [
                    [
                        1516,
                        495
                    ],
                    [
                        1513,
                        451
                    ],
                    [
                        1536,
                        447
                    ],
                    [
                        1564,
                        441
                    ],
                    [
                        1587,
                        437
                    ],
                    [
                        1605,
                        405
                    ],
                    [
                        1626,
                        389
                    ],
                    [
                        1646,
                        404
                    ],
                    [
                        1643,
                        423
                    ],
                    [
                        1668,
                        459
                    ],
                    [
                        1681,
                        476
                    ],
                    [
                        1701,
                        445
                    ],
                    [
                        1730,
                        457
                    ],
                    [
                        1755,
                        456
                    ],
                    [
                        1797,
                        465
                    ],
                    [
                        1839,
                        475
                    ],
                    [
                        1860,
                        490
                    ],
                    [
                        1861,
                        529
                    ],
                    [
                        1871,
                        553
                    ],
                    [
                        1884,
                        524
                    ],
                    [
                        1888,
                        492
                    ],
                    [
                        1904,
                        466
                    ],
                    [
                        1931,
                        441
                    ],
                    [
                        1953,
                        406
                    ],
                    [
                        1964,
                        372
                    ],
                    [
                        1985,
                        317
                    ],
                    [
                        1988,
                        287
                    ],
                    [
                        1951,
                        266
                    ],
                    [
                        1929,
                        265
                    ],
                    [
                        1898,
                        252
                    ],
                    [
                        1888,
                        230
                    ],
                    [
                        1873,
                        197
                    ],
                    [
                        1874,
                        166
                    ],
                    [
                        1865,
                        135
                    ],
                    [
                        1842,
                        135
                    ],
                    [
                        1829,
                        120
                    ],
                    [
                        1804,
                        123
                    ],
                    [
                        1788,
                        146
                    ],
                    [
                        1759,
                        154
                    ],
                    [
                        1701,
                        163
                    ],
                    [
                        1671,
                        163
                    ],
                    [
                        1630,
                        186
                    ],
                    [
                        1599,
                        219
                    ],
                    [
                        1568,
                        237
                    ],
                    [
                        1532,
                        266
                    ],
                    [
                        1516,
                        272
                    ],
                    [
                        1490,
                        276
                    ],
                    [
                        1459,
                        276
                    ],
                    [
                        1424,
                        262
                    ],
                    [
                        1394,
                        262
                    ],
                    [
                        1365,
                        286
                    ],
                    [
                        1341,
                        316
                    ],
                    [
                        1330,
                        351
                    ],
                    [
                        1341,
                        380
                    ],
                    [
                        1366,
                        407
                    ],
                    [
                        1376,
                        430
                    ],
                    [
                        1390,
                        465
                    ],
                    [
                        1415,
                        476
                    ],
                    [
                        1447,
                        486
                    ],
                    [
                        1482,
                        494
                    ]
                ],
                "interior": []
            }
        },
        {
            "id": 498639668,
            "classId": 1663235,
            "description": "",
            "geometryType": "polygon",
            "labelerLogin": "kyn.emre",
            "createdAt": "2020-08-08T17:40:49.280Z",
            "updatedAt": "2020-08-10T15:44:21.828Z",
            "tags": [
                {
                    "id": 97536544,
                    "tagId": 28285097,
                    "name": "Cell_1",
                    "value": null,
                    "labelerLogin": "kyn.emre",
                    "createdAt": "2020-08-08T17:40:49.280Z",
                    "updatedAt": "2020-08-08T17:40:49.280Z"
                }
            ],
            "classTitle": "Cell",
            "points": {
                "exterior": [
                    [
                        216,
                        378
                    ],
                    [
                        259,
                        351
                    ],
                    [
                        271,
                        287
                    ],
                    [
                        258,
                        228
                    ],
                    [
                        228,
                        196
                    ],
                    [
                        151,
                        171
                    ],
                    [
                        103,
                        188
                    ],
                    [
                        84,
                        149
                    ],
                    [
                        45,
                        154
                    ],
                    [
                        0,
                        144
                    ],
                    [
                        0,
                        310
                    ],
                    [
                        31,
                        299
                    ],
                    [
                        52,
                        293
                    ],
                    [
                        71,
                        313
                    ],
                    [
                        82,
                        342
                    ],
                    [
                        110,
                        366
                    ],
                    [
                        151,
                        383
                    ]
                ],
                "interior": []
            }
        },
        {
            "id": 498639669,
            "classId": 1663235,
            "description": "",
            "geometryType": "polygon",
            "labelerLogin": "kyn.emre",
            "createdAt": "2020-08-08T17:40:49.280Z",
            "updatedAt": "2020-08-08T17:40:49.280Z",
            "tags": [
                {
                    "id": 97536545,
                    "tagId": 28285098,
                    "name": "Cell_3",
                    "value": null,
                    "labelerLogin": "kyn.emre",
                    "createdAt": "2020-08-08T17:40:49.280Z",
                    "updatedAt": "2020-08-08T17:40:49.280Z"
                }
            ],
            "classTitle": "Cell",
            "points": {
                "exterior": [
                    [
                        5,
                        729
                    ],
                    [
                        93,
                        734
                    ],
                    [
                        146,
                        720
                    ],
                    [
                        208,
                        678
                    ],
                    [
                        266,
                        675
                    ],
                    [
                        297,
                        621
                    ],
                    [
                        301,
                        582
                    ],
                    [
                        334,
                        560
                    ],
                    [
                        351,
                        527
                    ],
                    [
                        339,
                        486
                    ],
                    [
                        301,
                        486
                    ],
                    [
                        257,
                        474
                    ],
                    [
                        229,
                        438
                    ],
                    [
                        198,
                        417
                    ],
                    [
                        165,
                        394
                    ],
                    [
                        114,
                        415
                    ],
                    [
                        97,
                        425
                    ],
                    [
                        59,
                        443
                    ],
                    [
                        20,
                        443
                    ],
                    [
                        0,
                        471
                    ]
                ],
                "interior": []
            }
        },
        {
            "id": 498639670,
            "classId": 1663235,
            "description": "",
            "geometryType": "polygon",
            "labelerLogin": "kyn.emre",
            "createdAt": "2020-08-08T17:40:49.280Z",
            "updatedAt": "2020-08-08T17:40:49.280Z",
            "tags": [
                {
                    "id": 97536546,
                    "tagId": 28285099,
                    "name": "Cell_4",
                    "value": null,
                    "labelerLogin": "kyn.emre",
                    "createdAt": "2020-08-08T17:40:49.280Z",
                    "updatedAt": "2020-08-08T17:40:49.280Z"
                }
            ],
            "classTitle": "Cell",
            "points": {
                "exterior": [
                    [
                        3,
                        971
                    ],
                    [
                        45,
                        994
                    ],
                    [
                        97,
                        966
                    ],
                    [
                        121,
                        934
                    ],
                    [
                        174,
                        910
                    ],
                    [
                        189,
                        866
                    ],
                    [
                        235,
                        835
                    ],
                    [
                        263,
                        784
                    ],
                    [
                        296,
                        760
                    ],
                    [
                        292,
                        682
                    ],
                    [
                        219,
                        674
                    ],
                    [
                        144,
                        727
                    ],
                    [
                        98,
                        733
                    ],
                    [
                        59,
                        732
                    ],
                    [
                        0,
                        730
                    ]
                ],
                "interior": []
            }
        },
        {
            "id": 498639671,
            "classId": 1663235,
            "description": "",
            "geometryType": "polygon",
            "labelerLogin": "kyn.emre",
            "createdAt": "2020-08-08T17:40:49.280Z",
            "updatedAt": "2020-08-08T17:40:49.280Z",
            "tags": [
                {
                    "id": 97536547,
                    "tagId": 28285100,
                    "name": "Cell_9",
                    "value": null,
                    "labelerLogin": "kyn.emre",
                    "createdAt": "2020-08-08T17:40:49.280Z",
                    "updatedAt": "2020-08-08T17:40:49.280Z"
                }
            ],
            "classTitle": "Cell",
            "points": {
                "exterior": [
                    [
                        2564,
                        702
                    ],
                    [
                        2531,
                        704
                    ],
                    [
                        2510,
                        683
                    ],
                    [
                        2471,
                        701
                    ],
                    [
                        2449,
                        706
                    ],
                    [
                        2419,
                        703
                    ],
                    [
                        2399,
                        695
                    ],
                    [
                        2380,
                        680
                    ],
                    [
                        2369,
                        695
                    ],
                    [
                        2357,
                        707
                    ],
                    [
                        2369,
                        730
                    ],
                    [
                        2383,
                        755
                    ],
                    [
                        2354,
                        787
                    ],
                    [
                        2345,
                        822
                    ],
                    [
                        2365,
                        834
                    ],
                    [
                        2382,
                        841
                    ],
                    [
                        2399,
                        852
                    ],
                    [
                        2408,
                        876
                    ],
                    [
                        2432,
                        874
                    ],
                    [
                        2459,
                        874
                    ],
                    [
                        2484,
                        867
                    ],
                    [
                        2526,
                        868
                    ],
                    [
                        2553,
                        885
                    ],
                    [
                        2567,
                        894
                    ]
                ],
                "interior": []
            }
        }
    ]
}