{
    "description": "",
    "tags": [
        {
            "id": 85748996,
            "tagId": 28285101,
            "name": "Frame",
            "value": 13,
            "labelerLogin": "kyn.emre",
            "createdAt": "2020-08-08T17:40:49.280Z",
            "updatedAt": "2020-08-08T17:40:49.280Z"
        }
    ],
    "size": {
        "height": 1912,
        "width": 2568
    },
    "objects": [
        {
            "id": 498639609,
            "classId": 1663235,
            "description": "",
            "geometryType": "polygon",
            "labelerLogin": "kyn.emre",
            "createdAt": "2020-08-08T17:40:49.280Z",
            "updatedAt": "2020-08-08T17:40:49.280Z",
            "tags": [
                {
                    "id": 97536485,
                    "tagId": 28285092,
                    "name": "Cell_6",
                    "value": null,
                    "labelerLogin": "kyn.emre",
                    "createdAt": "2020-08-08T17:40:49.280Z",
                    "updatedAt": "2020-08-08T17:40:49.280Z"
                }
            ],
            "classTitle": "Cell",
            "points": {
                "exterior": [
                    [
                        1627,
                        1671
                    ],
                    [
                        1677,
                        1656
                    ],
                    [
                        1696,
                        1626
                    ],
                    [
                        1716,
                        1605
                    ],
                    [
                        1721,
                        1576
                    ],
                    [
                        1713,
                        1564
                    ],
                    [
                        1724,
                        1555
                    ],
                    [
                        1742,
                        1549
                    ],
                    [
                        1741,
                        1525
                    ],
                    [
                        1720,
                        1509
                    ],
                    [
                        1704,
                        1513
                    ],
                    [
                        1691,
                        1523
                    ],
                    [
                        1659,
                        1507
                    ],
                    [
                        1660,
                        1490
                    ],
                    [
                        1647,
                        1477
                    ],
                    [
                        1633,
                        1475
                    ],
                    [
                        1620,
                        1489
                    ],
                    [
                        1596,
                        1497
                    ],
                    [
                        1568,
                        1503
                    ],
                    [
                        1542,
                        1503
                    ],
                    [
                        1528,
                        1512
                    ],
                    [
                        1518,
                        1528
                    ],
                    [
                        1512,
                        1563
                    ],
                    [
                        1512,
                        1582
                    ],
                    [
                        1511,
                        1602
                    ],
                    [
                        1520,
                        1626
                    ],
                    [
                        1539,
                        1638
                    ],
                    [
                        1573,
                        1661
                    ],
                    [
                        1595,
                        1669
                    ]
                ],
                "interior": []
            }
        },
        {
            "id": 498639610,
            "classId": 1663235,
            "description": "",
            "geometryType": "polygon",
            "labelerLogin": "kyn.emre",
            "createdAt": "2020-08-08T17:40:49.280Z",
            "updatedAt": "2020-08-08T17:40:49.280Z",
            "tags": [
                {
                    "id": 97536486,
                    "tagId": 28285093,
                    "name": "Cell_5",
                    "value": null,
                    "labelerLogin": "kyn.emre",
                    "createdAt": "2020-08-08T17:40:49.280Z",
                    "updatedAt": "2020-08-08T17:40:49.280Z"
                }
            ],
            "classTitle": "Cell",
            "points": {
                "exterior": [
                    [
                        824,
                        1708
                    ],
                    [
                        849,
                        1690
                    ],
                    [
                        875,
                        1700
                    ],
                    [
                        905,
                        1701
                    ],
                    [
                        935,
                        1680
                    ],
                    [
                        975,
                        1665
                    ],
                    [
                        997,
                        1648
                    ],
                    [
                        1015,
                        1624
                    ],
                    [
                        1021,
                        1594
                    ],
                    [
                        1003,
                        1582
                    ],
                    [
                        992,
                        1576
                    ],
                    [
                        997,
                        1564
                    ],
                    [
                        1010,
                        1557
                    ],
                    [
                        1019,
                        1546
                    ],
                    [
                        1003,
                        1537
                    ],
                    [
                        1003,
                        1520
                    ],
                    [
                        1002,
                        1507
                    ],
                    [
                        1000,
                        1494
                    ],
                    [
                        993,
                        1479
                    ],
                    [
                        977,
                        1477
                    ],
                    [
                        972,
                        1468
                    ],
                    [
                        972,
                        1453
                    ],
                    [
                        960,
                        1440
                    ],
                    [
                        942,
                        1431
                    ],
                    [
                        933,
                        1431
                    ],
                    [
                        925,
                        1420
                    ],
                    [
                        913,
                        1414
                    ],
                    [
                        897,
                        1420
                    ],
                    [
                        886,
                        1409
                    ],
                    [
                        892,
                        1394
                    ],
                    [
                        884,
                        1379
                    ],
                    [
                        864,
                        1376
                    ],
                    [
                        856,
                        1363
                    ],
                    [
                        841,
                        1366
                    ],
                    [
                        804,
                        1377
                    ],
                    [
                        773,
                        1389
                    ],
                    [
                        766,
                        1396
                    ],
                    [
                        745,
                        1403
                    ],
                    [
                        736,
                        1409
                    ],
                    [
                        736,
                        1426
                    ],
                    [
                        732,
                        1446
                    ],
                    [
                        727,
                        1460
                    ],
                    [
                        718,
                        1472
                    ],
                    [
                        714,
                        1487
                    ],
                    [
                        703,
                        1498
                    ],
                    [
                        693,
                        1507
                    ],
                    [
                        681,
                        1513
                    ],
                    [
                        678,
                        1525
                    ],
                    [
                        674,
                        1536
                    ],
                    [
                        668,
                        1545
                    ],
                    [
                        666,
                        1553
                    ],
                    [
                        655,
                        1567
                    ],
                    [
                        655,
                        1591
                    ],
                    [
                        675,
                        1621
                    ],
                    [
                        699,
                        1634
                    ],
                    [
                        719,
                        1646
                    ],
                    [
                        742,
                        1641
                    ],
                    [
                        808,
                        1669
                    ]
                ],
                "interior": []
            }
        },
        {
            "id": 498639611,
            "classId": 1663235,
            "description": "",
            "geometryType": "polygon",
            "labelerLogin": "kyn.emre",
            "createdAt": "2020-08-08T17:40:49.280Z",
            "updatedAt": "2020-08-08T17:40:49.280Z",
            "tags": [
                {
                    "id": 97536487,
                    "tagId": 28285094,
                    "name": "Cell_7",
                    "value": null,
                    "labelerLogin": "kyn.emre",
                    "createdAt": "2020-08-08T17:40:49.280Z",
                    "updatedAt": "2020-08-08T17:40:49.280Z"
                }
            ],
            "classTitle": "Cell",
            "points": {
                "exterior": [
                    [
                        1737,
                        662
                    ],
                    [
                        1740,
                        635
                    ],
                    [
                        1741,
                        615
                    ],
                    [
                        1746,
                        599
                    ],
                    [
                        1751,
                        584
                    ],
                    [
                        1751,
                        566
                    ],
                    [
                        1746,
                        555
                    ],
                    [
                        1728,
                        547
                    ],
                    [
                        1716,
                        542
                    ],
                    [
                        1709,
                        549
                    ],
                    [
                        1691,
                        549
                    ],
                    [
                        1671,
                        542
                    ],
                    [
                        1665,
                        537
                    ],
                    [
                        1654,
                        546
                    ],
                    [
                        1642,
                        550
                    ],
                    [
                        1632,
                        547
                    ],
                    [
                        1625,
                        555
                    ],
                    [
                        1621,
                        564
                    ],
                    [
                        1617,
                        572
                    ],
                    [
                        1606,
                        572
                    ],
                    [
                        1592,
                        569
                    ],
                    [
                        1580,
                        566
                    ],
                    [
                        1570,
                        570
                    ],
                    [
                        1556,
                        580
                    ],
                    [
                        1551,
                        593
                    ],
                    [
                        1557,
                        617
                    ],
                    [
                        1544,
                        621
                    ],
                    [
                        1544,
                        635
                    ],
                    [
                        1545,
                        646
                    ],
                    [
                        1552,
                        654
                    ],
                    [
                        1559,
                        661
                    ],
                    [
                        1565,
                        677
                    ],
                    [
                        1570,
                        712
                    ],
                    [
                        1584,
                        730
                    ],
                    [
                        1597,
                        744
                    ],
                    [
                        1613,
                        763
                    ],
                    [
                        1611,
                        775
                    ],
                    [
                        1607,
                        789
                    ],
                    [
                        1617,
                        806
                    ],
                    [
                        1629,
                        791
                    ],
                    [
                        1645,
                        782
                    ],
                    [
                        1660,
                        781
                    ],
                    [
                        1670,
                        800
                    ],
                    [
                        1669,
                        816
                    ],
                    [
                        1683,
                        807
                    ],
                    [
                        1694,
                        798
                    ],
                    [
                        1707,
                        789
                    ],
                    [
                        1718,
                        792
                    ],
                    [
                        1730,
                        795
                    ],
                    [
                        1737,
                        786
                    ],
                    [
                        1736,
                        779
                    ],
                    [
                        1734,
                        771
                    ],
                    [
                        1748,
                        768
                    ],
                    [
                        1753,
                        762
                    ],
                    [
                        1752,
                        750
                    ],
                    [
                        1752,
                        740
                    ],
                    [
                        1735,
                        721
                    ],
                    [
                        1743,
                        696
                    ]
                ],
                "interior": []
            }
        },
        {
            "id": 498639612,
            "classId": 1663235,
            "description": "",
            "geometryType": "polygon",
            "labelerLogin": "kyn.emre",
            "createdAt": "2020-08-08T17:40:49.280Z",
            "updatedAt": "2020-08-08T17:40:49.280Z",
            "tags": [
                {
                    "id": 97536488,
                    "tagId": 28285095,
                    "name": "Cell_2",
                    "value": null,
                    "labelerLogin": "kyn.emre",
                    "createdAt": "2020-08-08T17:40:49.280Z",
                    "updatedAt": "2020-08-08T17:40:49.280Z"
                }
            ],
            "classTitle": "Cell",
            "points": {
                "exterior": [
                    [
                        583,
                        908
                    ],
                    [
                        603,
                        904
                    ],
                    [
                        611,
                        888
                    ],
                    [
                        611,
                        876
                    ],
                    [
                        635,
                        860
                    ],
                    [
                        660,
                        843
                    ],
                    [
                        681,
                        820
                    ],
                    [
                        688,
                        793
                    ],
                    [
                        698,
                        768
                    ],
                    [
                        693,
                        741
                    ],
                    [
                        686,
                        726
                    ],
                    [
                        685,
                        711
                    ],
                    [
                        681,
                        696
                    ],
                    [
                        675,
                        689
                    ],
                    [
                        687,
                        674
                    ],
                    [
                        665,
                        667
                    ],
                    [
                        639,
                        667
                    ],
                    [
                        624,
                        664
                    ],
                    [
                        591,
                        658
                    ],
                    [
                        570,
                        659
                    ],
                    [
                        557,
                        659
                    ],
                    [
                        545,
                        651
                    ],
                    [
                        551,
                        642
                    ],
                    [
                        537,
                        632
                    ],
                    [
                        523,
                        639
                    ],
                    [
                        513,
                        651
                    ],
                    [
                        500,
                        651
                    ],
                    [
                        492,
                        657
                    ],
                    [
                        493,
                        673
                    ],
                    [
                        495,
                        702
                    ],
                    [
                        486,
                        712
                    ],
                    [
                        476,
                        717
                    ],
                    [
                        469,
                        734
                    ],
                    [
                        466,
                        743
                    ],
                    [
                        468,
                        765
                    ],
                    [
                        475,
                        784
                    ],
                    [
                        486,
                        809
                    ],
                    [
                        507,
                        830
                    ],
                    [
                        528,
                        839
                    ],
                    [
                        526,
                        859
                    ],
                    [
                        516,
                        876
                    ],
                    [
                        524,
                        882
                    ],
                    [
                        544,
                        882
                    ],
                    [
                        551,
                        905
                    ],
                    [
                        569,
                        894
                    ]
                ],
                "interior": []
            }
        },
        {
            "id": 498639613,
            "classId": 1663235,
            "description": "",
            "geometryType": "polygon",
            "labelerLogin": "kyn.emre",
            "createdAt": "2020-08-08T17:40:49.280Z",
            "updatedAt": "2020-08-08T17:40:49.280Z",
            "tags": [
                {
                    "id": 97536489,
                    "tagId": 28285096,
                    "name": "Cell_8",
                    "value": null,
                    "labelerLogin": "kyn.emre",
                    "createdAt": "2020-08-08T17:40:49.280Z",
                    "updatedAt": "2020-08-08T17:40:49.280Z"
                }
            ],
            "classTitle": "Cell",
            "points": {
                "exterior": [
                    [
                        1626,
                        326
                    ],
                    [
                        1649,
                        313
                    ],
                    [
                        1670,
                        298
                    ],
                    [
                        1683,
                        288
                    ],
                    [
                        1707,
                        297
                    ],
                    [
                        1723,
                        288
                    ],
                    [
                        1744,
                        247
                    ],
                    [
                        1764,
                        214
                    ],
                    [
                        1778,
                        187
                    ],
                    [
                        1782,
                        177
                    ],
                    [
                        1785,
                        162
                    ],
                    [
                        1792,
                        153
                    ],
                    [
                        1802,
                        145
                    ],
                    [
                        1794,
                        140
                    ],
                    [
                        1792,
                        130
                    ],
                    [
                        1789,
                        117
                    ],
                    [
                        1774,
                        112
                    ],
                    [
                        1761,
                        95
                    ],
                    [
                        1748,
                        76
                    ],
                    [
                        1731,
                        56
                    ],
                    [
                        1711,
                        46
                    ],
                    [
                        1698,
                        28
                    ],
                    [
                        1685,
                        24
                    ],
                    [
                        1672,
                        34
                    ],
                    [
                        1654,
                        44
                    ],
                    [
                        1636,
                        36
                    ],
                    [
                        1613,
                        36
                    ],
                    [
                        1581,
                        44
                    ],
                    [
                        1558,
                        54
                    ],
                    [
                        1549,
                        63
                    ],
                    [
                        1550,
                        79
                    ],
                    [
                        1542,
                        79
                    ],
                    [
                        1531,
                        83
                    ],
                    [
                        1531,
                        99
                    ],
                    [
                        1535,
                        115
                    ],
                    [
                        1535,
                        126
                    ],
                    [
                        1523,
                        136
                    ],
                    [
                        1503,
                        158
                    ],
                    [
                        1517,
                        162
                    ],
                    [
                        1529,
                        164
                    ],
                    [
                        1531,
                        180
                    ],
                    [
                        1538,
                        197
                    ],
                    [
                        1530,
                        204
                    ],
                    [
                        1528,
                        218
                    ],
                    [
                        1545,
                        235
                    ],
                    [
                        1555,
                        247
                    ],
                    [
                        1536,
                        255
                    ],
                    [
                        1527,
                        265
                    ],
                    [
                        1526,
                        280
                    ],
                    [
                        1541,
                        289
                    ],
                    [
                        1553,
                        283
                    ],
                    [
                        1568,
                        294
                    ],
                    [
                        1556,
                        312
                    ],
                    [
                        1573,
                        314
                    ],
                    [
                        1586,
                        308
                    ],
                    [
                        1594,
                        291
                    ],
                    [
                        1607,
                        293
                    ],
                    [
                        1609,
                        317
                    ]
                ],
                "interior": []
            }
        },
        {
            "id": 498639614,
            "classId": 1663235,
            "description": "",
            "geometryType": "polygon",
            "labelerLogin": "kyn.emre",
            "createdAt": "2020-08-08T17:40:49.280Z",
            "updatedAt": "2020-08-08T17:40:49.280Z",
            "tags": [
                {
                    "id": 97536490,
                    "tagId": 28285097,
                    "name": "Cell_1",
                    "value": null,
                    "labelerLogin": "kyn.emre",
                    "createdAt": "2020-08-08T17:40:49.280Z",
                    "updatedAt": "2020-08-08T17:40:49.280Z"
                }
            ],
            "classTitle": "Cell",
            "points": {
                "exterior": [
                    [
                        86,
                        383
                    ],
                    [
                        109,
                        402
                    ],
                    [
                        126,
                        426
                    ],
                    [
                        151,
                        416
                    ],
                    [
                        171,
                        410
                    ],
                    [
                        188,
                        393
                    ],
                    [
                        213,
                        381
                    ],
                    [
                        232,
                        374
                    ],
                    [
                        243,
                        352
                    ],
                    [
                        253,
                        328
                    ],
                    [
                        270,
                        312
                    ],
                    [
                        277,
                        281
                    ],
                    [
                        271,
                        255
                    ],
                    [
                        263,
                        242
                    ],
                    [
                        245,
                        232
                    ],
                    [
                        230,
                        231
                    ],
                    [
                        220,
                        215
                    ],
                    [
                        198,
                        199
                    ],
                    [
                        165,
                        194
                    ],
                    [
                        146,
                        192
                    ],
                    [
                        108,
                        195
                    ],
                    [
                        78,
                        209
                    ],
                    [
                        58,
                        233
                    ],
                    [
                        46,
                        259
                    ],
                    [
                        43,
                        290
                    ],
                    [
                        45,
                        322
                    ],
                    [
                        57,
                        339
                    ],
                    [
                        81,
                        359
                    ]
                ],
                "interior": []
            }
        },
        {
            "id": 498639615,
            "classId": 1663235,
            "description": "",
            "geometryType": "polygon",
            "labelerLogin": "kyn.emre",
            "createdAt": "2020-08-08T17:40:49.280Z",
            "updatedAt": "2020-08-10T14:05:23.091Z",
            "tags": [
                {
                    "id": 97536491,
                    "tagId": 28285098,
                    "name": "Cell_3",
                    "value": null,
                    "labelerLogin": "kyn.emre",
                    "createdAt": "2020-08-08T17:40:49.280Z",
                    "updatedAt": "2020-08-08T17:40:49.280Z"
                }
            ],
            "classTitle": "Cell",
            "points": {
                "exterior": [
                    [
                        1,
                        410
                    ],
                    [
                        17,
                        409
                    ],
                    [
                        35,
                        403
                    ],
                    [
                        54,
                        395
                    ],
                    [
                        66,
                        390
                    ],
                    [
                        85,
                        384
                    ],
                    [
                        102,
                        396
                    ],
                    [
                        114,
                        409
                    ],
                    [
                        125,
                        425
                    ],
                    [
                        136,
                        438
                    ],
                    [
                        143,
                        452
                    ],
                    [
                        159,
                        459
                    ],
                    [
                        172,
                        462
                    ],
                    [
                        182,
                        478
                    ],
                    [
                        177,
                        491
                    ],
                    [
                        179,
                        505
                    ],
                    [
                        189,
                        513
                    ],
                    [
                        187,
                        522
                    ],
                    [
                        193,
                        531
                    ],
                    [
                        202,
                        538
                    ],
                    [
                        193,
                        552
                    ],
                    [
                        183,
                        564
                    ],
                    [
                        179,
                        584
                    ],
                    [
                        169,
                        617
                    ],
                    [
                        150,
                        630
                    ],
                    [
                        141,
                        645
                    ],
                    [
                        152,
                        654
                    ],
                    [
                        159,
                        678
                    ],
                    [
                        144,
                        684
                    ],
                    [
                        125,
                        677
                    ],
                    [
                        110,
                        660
                    ],
                    [
                        89,
                        659
                    ],
                    [
                        74,
                        670
                    ],
                    [
                        61,
                        663
                    ],
                    [
                        52,
                        653
                    ],
                    [
                        35,
                        653
                    ],
                    [
                        21,
                        653
                    ],
                    [
                        7,
                        653
                    ],
                    [
                        0,
                        653
                    ]
                ],
                "interior": []
            }
        },
        {
            "id": 498639616,
            "classId": 1663235,
            "description": "",
            "geometryType": "polygon",
            "labelerLogin": "kyn.emre",
            "createdAt": "2020-08-08T17:40:49.280Z",
            "updatedAt": "2020-08-08T17:40:49.280Z",
            "tags": [
                {
                    "id": 97536492,
                    "tagId": 28285099,
                    "name": "Cell_4",
                    "value": null,
                    "labelerLogin": "kyn.emre",
                    "createdAt": "2020-08-08T17:40:49.280Z",
                    "updatedAt": "2020-08-08T17:40:49.280Z"
                }
            ],
            "classTitle": "Cell",
            "points": {
                "exterior": [
                    [
                        0,
                        654
                    ],
                    [
                        52,
                        653
                    ],
                    [
                        61,
                        661
                    ],
                    [
                        65,
                        671
                    ],
                    [
                        70,
                        681
                    ],
                    [
                        79,
                        689
                    ],
                    [
                        86,
                        698
                    ],
                    [
                        103,
                        699
                    ],
                    [
                        122,
                        693
                    ],
                    [
                        126,
                        714
                    ],
                    [
                        134,
                        723
                    ],
                    [
                        149,
                        734
                    ],
                    [
                        148,
                        757
                    ],
                    [
                        155,
                        768
                    ],
                    [
                        164,
                        775
                    ],
                    [
                        177,
                        775
                    ],
                    [
                        163,
                        785
                    ],
                    [
                        161,
                        798
                    ],
                    [
                        157,
                        808
                    ],
                    [
                        148,
                        815
                    ],
                    [
                        140,
                        820
                    ],
                    [
                        140,
                        828
                    ],
                    [
                        146,
                        837
                    ],
                    [
                        149,
                        846
                    ],
                    [
                        149,
                        852
                    ],
                    [
                        141,
                        862
                    ],
                    [
                        133,
                        871
                    ],
                    [
                        125,
                        871
                    ],
                    [
                        116,
                        891
                    ],
                    [
                        107,
                        909
                    ],
                    [
                        102,
                        918
                    ],
                    [
                        97,
                        926
                    ],
                    [
                        86,
                        932
                    ],
                    [
                        77,
                        944
                    ],
                    [
                        66,
                        963
                    ],
                    [
                        44,
                        980
                    ],
                    [
                        37,
                        976
                    ],
                    [
                        23,
                        966
                    ],
                    [
                        0,
                        959
                    ]
                ],
                "interior": []
            }
        },
        {
            "id": 498639617,
            "classId": 1663235,
            "description": "",
            "geometryType": "polygon",
            "labelerLogin": "kyn.emre",
            "createdAt": "2020-08-08T17:40:49.280Z",
            "updatedAt": "2020-08-10T14:02:50.545Z",
            "tags": [
                {
                    "id": 97536493,
                    "tagId": 28285100,
                    "name": "Cell_9",
                    "value": null,
                    "labelerLogin": "kyn.emre",
                    "createdAt": "2020-08-08T17:40:49.280Z",
                    "updatedAt": "2020-08-08T17:40:49.280Z"
                }
            ],
            "classTitle": "Cell",
            "points": {
                "exterior": [
                    [
                        2567,
                        708
                    ],
                    [
                        2518,
                        726
                    ],
                    [
                        2477,
                        743
                    ],
                    [
                        2463,
                        775
                    ],
                    [
                        2471,
                        804
                    ],
                    [
                        2467,
                        830
                    ],
                    [
                        2459,
                        865
                    ],
                    [
                        2477,
                        887
                    ],
                    [
                        2505,
                        911
                    ],
                    [
                        2523,
                        924
                    ],
                    [
                        2539,
                        924
                    ],
                    [
                        2547,
                        943
                    ],
                    [
                        2567,
                        953
                    ]
                ],
                "interior": []
            }
        }
    ]
}