{
    "description": "",
    "tags": [
        {
            "id": 85792142,
            "tagId": 28285212,
            "name": "Frame",
            "value": 34,
            "labelerLogin": "trkkvsn0619",
            "createdAt": "2020-08-09T19:09:38.815Z",
            "updatedAt": "2020-08-09T19:09:38.815Z"
        }
    ],
    "size": {
        "height": 1912,
        "width": 2568
    },
    "objects": [
        {
            "id": 496963598,
            "classId": 1656178,
            "description": "",
            "geometryType": "polygon",
            "labelerLogin": "trkkvsn0619",
            "createdAt": "2020-08-05T23:28:02.332Z",
            "updatedAt": "2020-08-05T23:41:53.134Z",
            "tags": [
                {
                    "id": 97472715,
                    "tagId": 28281839,
                    "name": "Cell_5",
                    "value": null,
                    "labelerLogin": "trkkvsn0619",
                    "createdAt": "2020-08-05T23:42:54.239Z",
                    "updatedAt": "2020-08-05T23:42:54.239Z"
                }
            ],
            "classTitle": "Cells",
            "points": {
                "exterior": [
                    [
                        747,
                        1681
                    ],
                    [
                        734,
                        1674
                    ],
                    [
                        703,
                        1666
                    ],
                    [
                        684,
                        1661
                    ],
                    [
                        669,
                        1653
                    ],
                    [
                        662,
                        1637
                    ],
                    [
                        646,
                        1626
                    ],
                    [
                        623,
                        1612
                    ],
                    [
                        617,
                        1586
                    ],
                    [
                        620,
                        1560
                    ],
                    [
                        624,
                        1537
                    ],
                    [
                        634,
                        1505
                    ],
                    [
                        647,
                        1488
                    ],
                    [
                        657,
                        1462
                    ],
                    [
                        671,
                        1444
                    ],
                    [
                        689,
                        1430
                    ],
                    [
                        710,
                        1411
                    ],
                    [
                        728,
                        1390
                    ],
                    [
                        754,
                        1372
                    ],
                    [
                        773,
                        1368
                    ],
                    [
                        798,
                        1360
                    ],
                    [
                        809,
                        1368
                    ],
                    [
                        823,
                        1365
                    ],
                    [
                        823,
                        1355
                    ],
                    [
                        828,
                        1343
                    ],
                    [
                        848,
                        1340
                    ],
                    [
                        861,
                        1352
                    ],
                    [
                        868,
                        1361
                    ],
                    [
                        885,
                        1360
                    ],
                    [
                        901,
                        1358
                    ],
                    [
                        914,
                        1363
                    ],
                    [
                        921,
                        1371
                    ],
                    [
                        928,
                        1384
                    ],
                    [
                        939,
                        1388
                    ],
                    [
                        947,
                        1384
                    ],
                    [
                        961,
                        1380
                    ],
                    [
                        972,
                        1382
                    ],
                    [
                        979,
                        1392
                    ],
                    [
                        993,
                        1402
                    ],
                    [
                        1008,
                        1408
                    ],
                    [
                        1026,
                        1413
                    ],
                    [
                        1042,
                        1431
                    ],
                    [
                        1049,
                        1452
                    ],
                    [
                        1038,
                        1466
                    ],
                    [
                        1034,
                        1480
                    ],
                    [
                        1040,
                        1492
                    ],
                    [
                        1045,
                        1504
                    ],
                    [
                        1044,
                        1514
                    ],
                    [
                        1040,
                        1528
                    ],
                    [
                        1044,
                        1553
                    ],
                    [
                        1056,
                        1559
                    ],
                    [
                        1071,
                        1570
                    ],
                    [
                        1082,
                        1595
                    ],
                    [
                        1089,
                        1610
                    ],
                    [
                        1081,
                        1632
                    ],
                    [
                        1074,
                        1655
                    ],
                    [
                        1056,
                        1668
                    ],
                    [
                        1041,
                        1671
                    ],
                    [
                        1026,
                        1674
                    ],
                    [
                        1011,
                        1679
                    ],
                    [
                        998,
                        1688
                    ],
                    [
                        995,
                        1699
                    ],
                    [
                        981,
                        1696
                    ],
                    [
                        969,
                        1694
                    ],
                    [
                        957,
                        1710
                    ],
                    [
                        944,
                        1718
                    ],
                    [
                        930,
                        1727
                    ],
                    [
                        910,
                        1736
                    ],
                    [
                        901,
                        1742
                    ],
                    [
                        891,
                        1739
                    ],
                    [
                        882,
                        1733
                    ],
                    [
                        874,
                        1726
                    ],
                    [
                        860,
                        1724
                    ],
                    [
                        846,
                        1720
                    ],
                    [
                        827,
                        1726
                    ],
                    [
                        814,
                        1724
                    ],
                    [
                        799,
                        1719
                    ],
                    [
                        785,
                        1712
                    ],
                    [
                        775,
                        1702
                    ],
                    [
                        768,
                        1694
                    ],
                    [
                        761,
                        1687
                    ]
                ],
                "interior": []
            }
        },
        {
            "id": 496963636,
            "classId": 1656178,
            "description": "",
            "geometryType": "polygon",
            "labelerLogin": "trkkvsn0619",
            "createdAt": "2020-08-05T23:30:20.302Z",
            "updatedAt": "2020-08-05T23:41:53.134Z",
            "tags": [
                {
                    "id": 97472716,
                    "tagId": 28281840,
                    "name": "Cell_6",
                    "value": null,
                    "labelerLogin": "trkkvsn0619",
                    "createdAt": "2020-08-05T23:42:57.118Z",
                    "updatedAt": "2020-08-05T23:42:57.118Z"
                }
            ],
            "classTitle": "Cells",
            "points": {
                "exterior": [
                    [
                        1500,
                        1598
                    ],
                    [
                        1497,
                        1594
                    ],
                    [
                        1493,
                        1587
                    ],
                    [
                        1491,
                        1585
                    ],
                    [
                        1488,
                        1588
                    ],
                    [
                        1485,
                        1592
                    ],
                    [
                        1483,
                        1586
                    ],
                    [
                        1484,
                        1582
                    ],
                    [
                        1480,
                        1578
                    ],
                    [
                        1478,
                        1571
                    ],
                    [
                        1479,
                        1566
                    ],
                    [
                        1483,
                        1560
                    ],
                    [
                        1487,
                        1553
                    ],
                    [
                        1488,
                        1548
                    ],
                    [
                        1487,
                        1542
                    ],
                    [
                        1488,
                        1533
                    ],
                    [
                        1501,
                        1522
                    ],
                    [
                        1509,
                        1509
                    ],
                    [
                        1520,
                        1493
                    ],
                    [
                        1536,
                        1480
                    ],
                    [
                        1555,
                        1467
                    ],
                    [
                        1568,
                        1462
                    ],
                    [
                        1587,
                        1454
                    ],
                    [
                        1607,
                        1447
                    ],
                    [
                        1626,
                        1447
                    ],
                    [
                        1645,
                        1451
                    ],
                    [
                        1661,
                        1448
                    ],
                    [
                        1672,
                        1446
                    ],
                    [
                        1684,
                        1451
                    ],
                    [
                        1694,
                        1465
                    ],
                    [
                        1701,
                        1471
                    ],
                    [
                        1714,
                        1472
                    ],
                    [
                        1723,
                        1476
                    ],
                    [
                        1729,
                        1485
                    ],
                    [
                        1732,
                        1489
                    ],
                    [
                        1735,
                        1498
                    ],
                    [
                        1741,
                        1507
                    ],
                    [
                        1750,
                        1507
                    ],
                    [
                        1757,
                        1508
                    ],
                    [
                        1760,
                        1509
                    ],
                    [
                        1767,
                        1510
                    ],
                    [
                        1773,
                        1520
                    ],
                    [
                        1774,
                        1528
                    ],
                    [
                        1774,
                        1534
                    ],
                    [
                        1772,
                        1541
                    ],
                    [
                        1772,
                        1548
                    ],
                    [
                        1771,
                        1560
                    ],
                    [
                        1764,
                        1563
                    ],
                    [
                        1756,
                        1570
                    ],
                    [
                        1749,
                        1573
                    ],
                    [
                        1742,
                        1577
                    ],
                    [
                        1739,
                        1584
                    ],
                    [
                        1741,
                        1590
                    ],
                    [
                        1737,
                        1599
                    ],
                    [
                        1731,
                        1607
                    ],
                    [
                        1725,
                        1614
                    ],
                    [
                        1721,
                        1621
                    ],
                    [
                        1719,
                        1627
                    ],
                    [
                        1717,
                        1637
                    ],
                    [
                        1711,
                        1641
                    ],
                    [
                        1710,
                        1650
                    ],
                    [
                        1712,
                        1661
                    ],
                    [
                        1710,
                        1667
                    ],
                    [
                        1701,
                        1671
                    ],
                    [
                        1693,
                        1670
                    ],
                    [
                        1686,
                        1670
                    ],
                    [
                        1680,
                        1671
                    ],
                    [
                        1674,
                        1674
                    ],
                    [
                        1664,
                        1677
                    ],
                    [
                        1660,
                        1673
                    ],
                    [
                        1652,
                        1674
                    ],
                    [
                        1646,
                        1672
                    ],
                    [
                        1639,
                        1670
                    ],
                    [
                        1628,
                        1671
                    ],
                    [
                        1619,
                        1674
                    ],
                    [
                        1608,
                        1673
                    ],
                    [
                        1596,
                        1671
                    ],
                    [
                        1579,
                        1666
                    ],
                    [
                        1569,
                        1659
                    ],
                    [
                        1562,
                        1655
                    ],
                    [
                        1542,
                        1647
                    ],
                    [
                        1533,
                        1641
                    ],
                    [
                        1527,
                        1635
                    ],
                    [
                        1522,
                        1630
                    ],
                    [
                        1515,
                        1623
                    ],
                    [
                        1508,
                        1621
                    ],
                    [
                        1501,
                        1615
                    ],
                    [
                        1498,
                        1607
                    ],
                    [
                        1500,
                        1603
                    ]
                ],
                "interior": []
            }
        },
        {
            "id": 496963678,
            "classId": 1656178,
            "description": "",
            "geometryType": "polygon",
            "labelerLogin": "trkkvsn0619",
            "createdAt": "2020-08-05T23:32:25.593Z",
            "updatedAt": "2020-08-05T23:41:53.134Z",
            "tags": [
                {
                    "id": 97472719,
                    "tagId": 28281843,
                    "name": "Cell_9",
                    "value": null,
                    "labelerLogin": "trkkvsn0619",
                    "createdAt": "2020-08-05T23:43:03.923Z",
                    "updatedAt": "2020-08-05T23:43:03.923Z"
                }
            ],
            "classTitle": "Cells",
            "points": {
                "exterior": [
                    [
                        2568,
                        944
                    ],
                    [
                        2539,
                        937
                    ],
                    [
                        2516,
                        919
                    ],
                    [
                        2502,
                        907
                    ],
                    [
                        2485,
                        901
                    ],
                    [
                        2476,
                        881
                    ],
                    [
                        2458,
                        864
                    ],
                    [
                        2442,
                        833
                    ],
                    [
                        2437,
                        818
                    ],
                    [
                        2422,
                        810
                    ],
                    [
                        2420,
                        794
                    ],
                    [
                        2431,
                        777
                    ],
                    [
                        2439,
                        761
                    ],
                    [
                        2442,
                        745
                    ],
                    [
                        2449,
                        733
                    ],
                    [
                        2458,
                        731
                    ],
                    [
                        2466,
                        724
                    ],
                    [
                        2475,
                        723
                    ],
                    [
                        2487,
                        724
                    ],
                    [
                        2495,
                        716
                    ],
                    [
                        2507,
                        713
                    ],
                    [
                        2513,
                        713
                    ],
                    [
                        2521,
                        711
                    ],
                    [
                        2540,
                        708
                    ],
                    [
                        2548,
                        707
                    ],
                    [
                        2556,
                        708
                    ],
                    [
                        2560,
                        707
                    ],
                    [
                        2564,
                        708
                    ],
                    [
                        2568,
                        707
                    ]
                ],
                "interior": []
            }
        },
        {
            "id": 496963699,
            "classId": 1656178,
            "description": "",
            "geometryType": "polygon",
            "labelerLogin": "trkkvsn0619",
            "createdAt": "2020-08-05T23:33:19.248Z",
            "updatedAt": "2020-08-05T23:41:53.134Z",
            "tags": [
                {
                    "id": 97472718,
                    "tagId": 28281842,
                    "name": "Cell_8",
                    "value": null,
                    "labelerLogin": "trkkvsn0619",
                    "createdAt": "2020-08-05T23:43:02.253Z",
                    "updatedAt": "2020-08-05T23:43:02.253Z"
                }
            ],
            "classTitle": "Cells",
            "points": {
                "exterior": [
                    [
                        1552,
                        15
                    ],
                    [
                        1535,
                        19
                    ],
                    [
                        1517,
                        32
                    ],
                    [
                        1501,
                        44
                    ],
                    [
                        1482,
                        58
                    ],
                    [
                        1470,
                        66
                    ],
                    [
                        1466,
                        87
                    ],
                    [
                        1466,
                        109
                    ],
                    [
                        1465,
                        133
                    ],
                    [
                        1467,
                        151
                    ],
                    [
                        1475,
                        167
                    ],
                    [
                        1469,
                        181
                    ],
                    [
                        1460,
                        194
                    ],
                    [
                        1450,
                        206
                    ],
                    [
                        1444,
                        226
                    ],
                    [
                        1445,
                        253
                    ],
                    [
                        1445,
                        275
                    ],
                    [
                        1449,
                        296
                    ],
                    [
                        1463,
                        306
                    ],
                    [
                        1478,
                        316
                    ],
                    [
                        1498,
                        330
                    ],
                    [
                        1511,
                        339
                    ],
                    [
                        1521,
                        347
                    ],
                    [
                        1537,
                        367
                    ],
                    [
                        1558,
                        377
                    ],
                    [
                        1568,
                        375
                    ],
                    [
                        1581,
                        372
                    ],
                    [
                        1594,
                        381
                    ],
                    [
                        1609,
                        392
                    ],
                    [
                        1627,
                        393
                    ],
                    [
                        1648,
                        393
                    ],
                    [
                        1662,
                        397
                    ],
                    [
                        1682,
                        402
                    ],
                    [
                        1706,
                        410
                    ],
                    [
                        1729,
                        415
                    ],
                    [
                        1753,
                        413
                    ],
                    [
                        1768,
                        403
                    ],
                    [
                        1780,
                        394
                    ],
                    [
                        1794,
                        381
                    ],
                    [
                        1805,
                        368
                    ],
                    [
                        1815,
                        356
                    ],
                    [
                        1819,
                        348
                    ],
                    [
                        1823,
                        336
                    ],
                    [
                        1828,
                        327
                    ],
                    [
                        1834,
                        316
                    ],
                    [
                        1849,
                        297
                    ],
                    [
                        1854,
                        281
                    ],
                    [
                        1861,
                        259
                    ],
                    [
                        1858,
                        235
                    ],
                    [
                        1856,
                        217
                    ],
                    [
                        1858,
                        203
                    ],
                    [
                        1866,
                        186
                    ],
                    [
                        1869,
                        169
                    ],
                    [
                        1863,
                        158
                    ],
                    [
                        1858,
                        143
                    ],
                    [
                        1856,
                        122
                    ],
                    [
                        1849,
                        107
                    ],
                    [
                        1842,
                        91
                    ],
                    [
                        1833,
                        71
                    ],
                    [
                        1820,
                        52
                    ],
                    [
                        1807,
                        37
                    ],
                    [
                        1787,
                        30
                    ],
                    [
                        1775,
                        26
                    ],
                    [
                        1750,
                        31
                    ],
                    [
                        1718,
                        29
                    ],
                    [
                        1701,
                        26
                    ],
                    [
                        1689,
                        15
                    ],
                    [
                        1678,
                        8
                    ],
                    [
                        1674,
                        1
                    ],
                    [
                        1570,
                        1
                    ],
                    [
                        1566,
                        10
                    ]
                ],
                "interior": []
            }
        },
        {
            "id": 496963730,
            "classId": 1656178,
            "description": "",
            "geometryType": "polygon",
            "labelerLogin": "trkkvsn0619",
            "createdAt": "2020-08-05T23:34:47.190Z",
            "updatedAt": "2020-08-05T23:41:53.134Z",
            "tags": [
                {
                    "id": 97472711,
                    "tagId": 28281834,
                    "name": "Cell_2",
                    "value": null,
                    "labelerLogin": "trkkvsn0619",
                    "createdAt": "2020-08-05T23:42:45.908Z",
                    "updatedAt": "2020-08-05T23:42:45.908Z"
                }
            ],
            "classTitle": "Cells",
            "points": {
                "exterior": [
                    [
                        473,
                        847
                    ],
                    [
                        467,
                        842
                    ],
                    [
                        458,
                        827
                    ],
                    [
                        456,
                        817
                    ],
                    [
                        442,
                        799
                    ],
                    [
                        433,
                        787
                    ],
                    [
                        427,
                        769
                    ],
                    [
                        430,
                        759
                    ],
                    [
                        433,
                        743
                    ],
                    [
                        429,
                        726
                    ],
                    [
                        442,
                        719
                    ],
                    [
                        451,
                        709
                    ],
                    [
                        446,
                        684
                    ],
                    [
                        435,
                        666
                    ],
                    [
                        442,
                        655
                    ],
                    [
                        447,
                        646
                    ],
                    [
                        469,
                        648
                    ],
                    [
                        489,
                        645
                    ],
                    [
                        510,
                        639
                    ],
                    [
                        523,
                        627
                    ],
                    [
                        532,
                        616
                    ],
                    [
                        543,
                        613
                    ],
                    [
                        549,
                        625
                    ],
                    [
                        568,
                        635
                    ],
                    [
                        579,
                        628
                    ],
                    [
                        587,
                        619
                    ],
                    [
                        597,
                        623
                    ],
                    [
                        607,
                        635
                    ],
                    [
                        617,
                        643
                    ],
                    [
                        628,
                        641
                    ],
                    [
                        636,
                        634
                    ],
                    [
                        647,
                        637
                    ],
                    [
                        652,
                        646
                    ],
                    [
                        657,
                        662
                    ],
                    [
                        664,
                        672
                    ],
                    [
                        677,
                        685
                    ],
                    [
                        686,
                        697
                    ],
                    [
                        696,
                        701
                    ],
                    [
                        706,
                        700
                    ],
                    [
                        720,
                        707
                    ],
                    [
                        713,
                        717
                    ],
                    [
                        711,
                        732
                    ],
                    [
                        714,
                        745
                    ],
                    [
                        718,
                        755
                    ],
                    [
                        709,
                        766
                    ],
                    [
                        699,
                        770
                    ],
                    [
                        702,
                        784
                    ],
                    [
                        704,
                        798
                    ],
                    [
                        701,
                        806
                    ],
                    [
                        691,
                        816
                    ],
                    [
                        686,
                        824
                    ],
                    [
                        682,
                        837
                    ],
                    [
                        674,
                        845
                    ],
                    [
                        663,
                        857
                    ],
                    [
                        653,
                        863
                    ],
                    [
                        646,
                        855
                    ],
                    [
                        639,
                        867
                    ],
                    [
                        640,
                        880
                    ],
                    [
                        628,
                        888
                    ],
                    [
                        615,
                        892
                    ],
                    [
                        607,
                        902
                    ],
                    [
                        594,
                        906
                    ],
                    [
                        584,
                        902
                    ],
                    [
                        574,
                        904
                    ],
                    [
                        568,
                        916
                    ],
                    [
                        550,
                        916
                    ],
                    [
                        540,
                        908
                    ],
                    [
                        533,
                        909
                    ],
                    [
                        521,
                        909
                    ],
                    [
                        510,
                        904
                    ],
                    [
                        506,
                        895
                    ],
                    [
                        502,
                        884
                    ],
                    [
                        503,
                        875
                    ],
                    [
                        503,
                        866
                    ],
                    [
                        496,
                        864
                    ],
                    [
                        490,
                        858
                    ],
                    [
                        486,
                        851
                    ],
                    [
                        480,
                        846
                    ]
                ],
                "interior": []
            }
        },
        {
            "id": 496963766,
            "classId": 1656178,
            "description": "",
            "geometryType": "polygon",
            "labelerLogin": "trkkvsn0619",
            "createdAt": "2020-08-05T23:36:27.004Z",
            "updatedAt": "2020-08-05T23:41:53.134Z",
            "tags": [
                {
                    "id": 97472717,
                    "tagId": 28281841,
                    "name": "Cell_7",
                    "value": null,
                    "labelerLogin": "trkkvsn0619",
                    "createdAt": "2020-08-05T23:42:59.497Z",
                    "updatedAt": "2020-08-05T23:42:59.497Z"
                }
            ],
            "classTitle": "Cells",
            "points": {
                "exterior": [
                    [
                        1564,
                        750
                    ],
                    [
                        1554,
                        738
                    ],
                    [
                        1543,
                        724
                    ],
                    [
                        1521,
                        708
                    ],
                    [
                        1502,
                        700
                    ],
                    [
                        1493,
                        694
                    ],
                    [
                        1489,
                        685
                    ],
                    [
                        1488,
                        673
                    ],
                    [
                        1501,
                        652
                    ],
                    [
                        1506,
                        640
                    ],
                    [
                        1494,
                        630
                    ],
                    [
                        1487,
                        613
                    ],
                    [
                        1491,
                        591
                    ],
                    [
                        1504,
                        583
                    ],
                    [
                        1519,
                        571
                    ],
                    [
                        1533,
                        559
                    ],
                    [
                        1552,
                        539
                    ],
                    [
                        1573,
                        526
                    ],
                    [
                        1593,
                        524
                    ],
                    [
                        1608,
                        515
                    ],
                    [
                        1617,
                        508
                    ],
                    [
                        1630,
                        505
                    ],
                    [
                        1641,
                        508
                    ],
                    [
                        1651,
                        516
                    ],
                    [
                        1665,
                        525
                    ],
                    [
                        1685,
                        524
                    ],
                    [
                        1699,
                        518
                    ],
                    [
                        1714,
                        513
                    ],
                    [
                        1719,
                        505
                    ],
                    [
                        1723,
                        499
                    ],
                    [
                        1731,
                        496
                    ],
                    [
                        1743,
                        499
                    ],
                    [
                        1752,
                        509
                    ],
                    [
                        1756,
                        518
                    ],
                    [
                        1761,
                        535
                    ],
                    [
                        1764,
                        557
                    ],
                    [
                        1766,
                        574
                    ],
                    [
                        1776,
                        587
                    ],
                    [
                        1792,
                        596
                    ],
                    [
                        1804,
                        602
                    ],
                    [
                        1815,
                        606
                    ],
                    [
                        1826,
                        614
                    ],
                    [
                        1823,
                        629
                    ],
                    [
                        1810,
                        647
                    ],
                    [
                        1795,
                        653
                    ],
                    [
                        1774,
                        673
                    ],
                    [
                        1768,
                        691
                    ],
                    [
                        1773,
                        710
                    ],
                    [
                        1778,
                        728
                    ],
                    [
                        1789,
                        746
                    ],
                    [
                        1810,
                        774
                    ],
                    [
                        1805,
                        786
                    ],
                    [
                        1796,
                        795
                    ],
                    [
                        1800,
                        807
                    ],
                    [
                        1804,
                        816
                    ],
                    [
                        1799,
                        821
                    ],
                    [
                        1789,
                        821
                    ],
                    [
                        1771,
                        823
                    ],
                    [
                        1757,
                        821
                    ],
                    [
                        1746,
                        822
                    ],
                    [
                        1745,
                        814
                    ],
                    [
                        1740,
                        811
                    ],
                    [
                        1732,
                        811
                    ],
                    [
                        1727,
                        818
                    ],
                    [
                        1724,
                        825
                    ],
                    [
                        1720,
                        833
                    ],
                    [
                        1715,
                        841
                    ],
                    [
                        1706,
                        846
                    ],
                    [
                        1701,
                        848
                    ],
                    [
                        1699,
                        859
                    ],
                    [
                        1702,
                        865
                    ],
                    [
                        1684,
                        859
                    ],
                    [
                        1677,
                        859
                    ],
                    [
                        1668,
                        858
                    ],
                    [
                        1657,
                        859
                    ],
                    [
                        1647,
                        856
                    ],
                    [
                        1642,
                        850
                    ],
                    [
                        1639,
                        842
                    ],
                    [
                        1632,
                        840
                    ],
                    [
                        1622,
                        842
                    ],
                    [
                        1613,
                        839
                    ],
                    [
                        1604,
                        834
                    ],
                    [
                        1599,
                        826
                    ],
                    [
                        1589,
                        817
                    ],
                    [
                        1585,
                        803
                    ],
                    [
                        1583,
                        794
                    ],
                    [
                        1580,
                        783
                    ],
                    [
                        1575,
                        769
                    ],
                    [
                        1570,
                        758
                    ]
                ],
                "interior": []
            }
        },
        {
            "id": 496963830,
            "classId": 1656178,
            "description": "",
            "geometryType": "polygon",
            "labelerLogin": "trkkvsn0619",
            "createdAt": "2020-08-05T23:38:43.414Z",
            "updatedAt": "2020-08-05T23:41:53.134Z",
            "tags": [
                {
                    "id": 97472713,
                    "tagId": 28281838,
                    "name": "Cell_4",
                    "value": null,
                    "labelerLogin": "trkkvsn0619",
                    "createdAt": "2020-08-05T23:42:50.543Z",
                    "updatedAt": "2020-08-05T23:42:50.543Z"
                }
            ],
            "classTitle": "Cells",
            "points": {
                "exterior": [
                    [
                        0,
                        975
                    ],
                    [
                        23,
                        972
                    ],
                    [
                        50,
                        967
                    ],
                    [
                        77,
                        955
                    ],
                    [
                        96,
                        938
                    ],
                    [
                        112,
                        923
                    ],
                    [
                        111,
                        908
                    ],
                    [
                        105,
                        894
                    ],
                    [
                        117,
                        891
                    ],
                    [
                        135,
                        893
                    ],
                    [
                        157,
                        889
                    ],
                    [
                        172,
                        877
                    ],
                    [
                        176,
                        854
                    ],
                    [
                        194,
                        832
                    ],
                    [
                        203,
                        820
                    ],
                    [
                        210,
                        805
                    ],
                    [
                        218,
                        783
                    ],
                    [
                        218,
                        762
                    ],
                    [
                        209,
                        740
                    ],
                    [
                        194,
                        716
                    ],
                    [
                        182,
                        709
                    ],
                    [
                        170,
                        699
                    ],
                    [
                        146,
                        702
                    ],
                    [
                        125,
                        689
                    ],
                    [
                        112,
                        682
                    ],
                    [
                        96,
                        687
                    ],
                    [
                        86,
                        694
                    ],
                    [
                        78,
                        677
                    ],
                    [
                        60,
                        674
                    ],
                    [
                        43,
                        671
                    ],
                    [
                        27,
                        674
                    ],
                    [
                        15,
                        672
                    ],
                    [
                        0,
                        671
                    ]
                ],
                "interior": []
            }
        },
        {
            "id": 496963856,
            "classId": 1656178,
            "description": "",
            "geometryType": "polygon",
            "labelerLogin": "trkkvsn0619",
            "createdAt": "2020-08-05T23:39:28.435Z",
            "updatedAt": "2020-08-05T23:41:53.134Z",
            "tags": [
                {
                    "id": 97472712,
                    "tagId": 28281835,
                    "name": "Cell_3",
                    "value": null,
                    "labelerLogin": "trkkvsn0619",
                    "createdAt": "2020-08-05T23:42:48.141Z",
                    "updatedAt": "2020-08-05T23:42:48.141Z"
                }
            ],
            "classTitle": "Cells",
            "points": {
                "exterior": [
                    [
                        185,
                        693
                    ],
                    [
                        182,
                        684
                    ],
                    [
                        182,
                        673
                    ],
                    [
                        176,
                        665
                    ],
                    [
                        172,
                        655
                    ],
                    [
                        178,
                        646
                    ],
                    [
                        188,
                        636
                    ],
                    [
                        196,
                        626
                    ],
                    [
                        206,
                        615
                    ],
                    [
                        210,
                        608
                    ],
                    [
                        205,
                        600
                    ],
                    [
                        206,
                        586
                    ],
                    [
                        206,
                        571
                    ],
                    [
                        214,
                        559
                    ],
                    [
                        224,
                        550
                    ],
                    [
                        235,
                        546
                    ],
                    [
                        251,
                        542
                    ],
                    [
                        258,
                        533
                    ],
                    [
                        256,
                        522
                    ],
                    [
                        250,
                        516
                    ],
                    [
                        242,
                        512
                    ],
                    [
                        236,
                        505
                    ],
                    [
                        232,
                        495
                    ],
                    [
                        221,
                        486
                    ],
                    [
                        215,
                        481
                    ],
                    [
                        213,
                        468
                    ],
                    [
                        215,
                        456
                    ],
                    [
                        212,
                        440
                    ],
                    [
                        202,
                        432
                    ],
                    [
                        189,
                        432
                    ],
                    [
                        178,
                        434
                    ],
                    [
                        173,
                        420
                    ],
                    [
                        173,
                        410
                    ],
                    [
                        163,
                        408
                    ],
                    [
                        156,
                        412
                    ],
                    [
                        150,
                        413
                    ],
                    [
                        140,
                        415
                    ],
                    [
                        132,
                        415
                    ],
                    [
                        126,
                        413
                    ],
                    [
                        118,
                        419
                    ],
                    [
                        116,
                        410
                    ],
                    [
                        116,
                        403
                    ],
                    [
                        112,
                        392
                    ],
                    [
                        106,
                        387
                    ],
                    [
                        93,
                        385
                    ],
                    [
                        81,
                        386
                    ],
                    [
                        74,
                        394
                    ],
                    [
                        66,
                        397
                    ],
                    [
                        58,
                        398
                    ],
                    [
                        52,
                        397
                    ],
                    [
                        48,
                        393
                    ],
                    [
                        45,
                        390
                    ],
                    [
                        36,
                        393
                    ],
                    [
                        29,
                        398
                    ],
                    [
                        22,
                        404
                    ],
                    [
                        17,
                        410
                    ],
                    [
                        11,
                        416
                    ],
                    [
                        2,
                        417
                    ],
                    [
                        0,
                        671
                    ],
                    [
                        8,
                        672
                    ],
                    [
                        17,
                        673
                    ],
                    [
                        25,
                        675
                    ],
                    [
                        31,
                        673
                    ],
                    [
                        39,
                        672
                    ],
                    [
                        49,
                        672
                    ],
                    [
                        58,
                        673
                    ],
                    [
                        66,
                        676
                    ],
                    [
                        74,
                        677
                    ],
                    [
                        82,
                        680
                    ],
                    [
                        86,
                        687
                    ],
                    [
                        87,
                        691
                    ],
                    [
                        93,
                        688
                    ],
                    [
                        98,
                        685
                    ],
                    [
                        105,
                        684
                    ],
                    [
                        112,
                        681
                    ],
                    [
                        117,
                        684
                    ],
                    [
                        122,
                        688
                    ],
                    [
                        128,
                        691
                    ],
                    [
                        134,
                        693
                    ],
                    [
                        140,
                        697
                    ],
                    [
                        146,
                        700
                    ],
                    [
                        153,
                        700
                    ],
                    [
                        160,
                        699
                    ],
                    [
                        169,
                        699
                    ],
                    [
                        175,
                        703
                    ],
                    [
                        181,
                        705
                    ],
                    [
                        181,
                        699
                    ]
                ],
                "interior": []
            }
        },
        {
            "id": 496963910,
            "classId": 1656178,
            "description": "",
            "geometryType": "polygon",
            "labelerLogin": "trkkvsn0619",
            "createdAt": "2020-08-05T23:41:51.324Z",
            "updatedAt": "2020-08-05T23:42:21.899Z",
            "tags": [
                {
                    "id": 97472710,
                    "tagId": 28281830,
                    "name": "Cell_1",
                    "value": null,
                    "labelerLogin": "trkkvsn0619",
                    "createdAt": "2020-08-05T23:42:42.799Z",
                    "updatedAt": "2020-08-05T23:42:42.799Z"
                }
            ],
            "classTitle": "Cells",
            "points": {
                "exterior": [
                    [
                        28,
                        285
                    ],
                    [
                        21,
                        258
                    ],
                    [
                        13,
                        248
                    ],
                    [
                        0,
                        248
                    ],
                    [
                        2,
                        190
                    ],
                    [
                        18,
                        191
                    ],
                    [
                        35,
                        189
                    ],
                    [
                        53,
                        179
                    ],
                    [
                        68,
                        168
                    ],
                    [
                        81,
                        159
                    ],
                    [
                        98,
                        147
                    ],
                    [
                        112,
                        144
                    ],
                    [
                        137,
                        144
                    ],
                    [
                        153,
                        146
                    ],
                    [
                        179,
                        154
                    ],
                    [
                        196,
                        163
                    ],
                    [
                        216,
                        172
                    ],
                    [
                        229,
                        194
                    ],
                    [
                        242,
                        210
                    ],
                    [
                        247,
                        234
                    ],
                    [
                        252,
                        256
                    ],
                    [
                        247,
                        277
                    ],
                    [
                        246,
                        293
                    ],
                    [
                        237,
                        317
                    ],
                    [
                        220,
                        331
                    ],
                    [
                        198,
                        351
                    ],
                    [
                        178,
                        360
                    ],
                    [
                        158,
                        369
                    ],
                    [
                        137,
                        370
                    ],
                    [
                        115,
                        368
                    ],
                    [
                        97,
                        363
                    ],
                    [
                        80,
                        356
                    ],
                    [
                        68,
                        343
                    ],
                    [
                        49,
                        330
                    ],
                    [
                        37,
                        313
                    ],
                    [
                        32,
                        299
                    ]
                ],
                "interior": []
            }
        }
    ]
}