{
    "description": "",
    "tags": [
        {
            "id": 85792147,
            "tagId": 28285212,
            "name": "Frame",
            "value": 8,
            "labelerLogin": "trkkvsn0619",
            "createdAt": "2020-08-09T19:11:36.453Z",
            "updatedAt": "2020-08-09T19:11:36.453Z"
        }
    ],
    "size": {
        "height": 1912,
        "width": 2568
    },
    "objects": [
        {
            "id": 496980332,
            "classId": 1656178,
            "description": "",
            "geometryType": "polygon",
            "labelerLogin": "trkkvsn0619",
            "createdAt": "2020-08-06T01:33:46.770Z",
            "updatedAt": "2020-08-06T01:43:17.188Z",
            "tags": [
                {
                    "id": 97473126,
                    "tagId": 28281840,
                    "name": "Cell_6",
                    "value": null,
                    "labelerLogin": "trkkvsn0619",
                    "createdAt": "2020-08-06T01:44:33.467Z",
                    "updatedAt": "2020-08-06T01:44:33.467Z"
                }
            ],
            "classTitle": "Cells",
            "points": {
                "exterior": [
                    [
                        1530,
                        1629
                    ],
                    [
                        1520,
                        1606
                    ],
                    [
                        1516,
                        1574
                    ],
                    [
                        1523,
                        1552
                    ],
                    [
                        1534,
                        1532
                    ],
                    [
                        1551,
                        1514
                    ],
                    [
                        1571,
                        1501
                    ],
                    [
                        1587,
                        1494
                    ],
                    [
                        1607,
                        1491
                    ],
                    [
                        1629,
                        1488
                    ],
                    [
                        1649,
                        1498
                    ],
                    [
                        1662,
                        1507
                    ],
                    [
                        1678,
                        1521
                    ],
                    [
                        1685,
                        1532
                    ],
                    [
                        1692,
                        1533
                    ],
                    [
                        1706,
                        1531
                    ],
                    [
                        1713,
                        1533
                    ],
                    [
                        1716,
                        1545
                    ],
                    [
                        1716,
                        1562
                    ],
                    [
                        1719,
                        1572
                    ],
                    [
                        1726,
                        1578
                    ],
                    [
                        1728,
                        1592
                    ],
                    [
                        1718,
                        1604
                    ],
                    [
                        1713,
                        1618
                    ],
                    [
                        1702,
                        1636
                    ],
                    [
                        1691,
                        1644
                    ],
                    [
                        1678,
                        1656
                    ],
                    [
                        1663,
                        1666
                    ],
                    [
                        1644,
                        1674
                    ],
                    [
                        1632,
                        1676
                    ],
                    [
                        1607,
                        1677
                    ],
                    [
                        1592,
                        1678
                    ],
                    [
                        1574,
                        1673
                    ],
                    [
                        1558,
                        1664
                    ],
                    [
                        1545,
                        1649
                    ]
                ],
                "interior": []
            }
        },
        {
            "id": 496980355,
            "classId": 1656178,
            "description": "",
            "geometryType": "polygon",
            "labelerLogin": "trkkvsn0619",
            "createdAt": "2020-08-06T01:34:41.460Z",
            "updatedAt": "2020-08-10T15:48:10.434Z",
            "tags": [
                {
                    "id": 97473129,
                    "tagId": 28281843,
                    "name": "Cell_9",
                    "value": null,
                    "labelerLogin": "trkkvsn0619",
                    "createdAt": "2020-08-06T01:44:43.983Z",
                    "updatedAt": "2020-08-06T01:44:43.983Z"
                }
            ],
            "classTitle": "Cells",
            "points": {
                "exterior": [
                    [
                        2568,
                        938
                    ],
                    [
                        2557,
                        934
                    ],
                    [
                        2547,
                        928
                    ],
                    [
                        2541,
                        922
                    ],
                    [
                        2529,
                        922
                    ],
                    [
                        2520,
                        908
                    ],
                    [
                        2508,
                        881
                    ],
                    [
                        2489,
                        876
                    ],
                    [
                        2487,
                        864
                    ],
                    [
                        2485,
                        838
                    ],
                    [
                        2485,
                        812
                    ],
                    [
                        2494,
                        797
                    ],
                    [
                        2502,
                        781
                    ],
                    [
                        2521,
                        768
                    ],
                    [
                        2537,
                        752
                    ],
                    [
                        2545,
                        741
                    ],
                    [
                        2556,
                        741
                    ],
                    [
                        2568,
                        750
                    ]
                ],
                "interior": []
            }
        },
        {
            "id": 496980362,
            "classId": 1656178,
            "description": "",
            "geometryType": "polygon",
            "labelerLogin": "trkkvsn0619",
            "createdAt": "2020-08-06T01:35:06.964Z",
            "updatedAt": "2020-08-06T01:43:17.188Z",
            "tags": [
                {
                    "id": 97473127,
                    "tagId": 28281841,
                    "name": "Cell_7",
                    "value": null,
                    "labelerLogin": "trkkvsn0619",
                    "createdAt": "2020-08-06T01:44:35.395Z",
                    "updatedAt": "2020-08-06T01:44:35.395Z"
                }
            ],
            "classTitle": "Cells",
            "points": {
                "exterior": [
                    [
                        1660,
                        796
                    ],
                    [
                        1653,
                        794
                    ],
                    [
                        1623,
                        778
                    ],
                    [
                        1606,
                        770
                    ],
                    [
                        1584,
                        753
                    ],
                    [
                        1562,
                        728
                    ],
                    [
                        1553,
                        693
                    ],
                    [
                        1548,
                        668
                    ],
                    [
                        1548,
                        642
                    ],
                    [
                        1557,
                        629
                    ],
                    [
                        1563,
                        615
                    ],
                    [
                        1555,
                        599
                    ],
                    [
                        1553,
                        584
                    ],
                    [
                        1566,
                        575
                    ],
                    [
                        1577,
                        574
                    ],
                    [
                        1591,
                        578
                    ],
                    [
                        1601,
                        581
                    ],
                    [
                        1617,
                        575
                    ],
                    [
                        1624,
                        561
                    ],
                    [
                        1635,
                        557
                    ],
                    [
                        1653,
                        559
                    ],
                    [
                        1678,
                        568
                    ],
                    [
                        1698,
                        570
                    ],
                    [
                        1711,
                        568
                    ],
                    [
                        1714,
                        565
                    ],
                    [
                        1718,
                        568
                    ],
                    [
                        1718,
                        573
                    ],
                    [
                        1719,
                        581
                    ],
                    [
                        1725,
                        589
                    ],
                    [
                        1730,
                        598
                    ],
                    [
                        1737,
                        606
                    ],
                    [
                        1743,
                        619
                    ],
                    [
                        1747,
                        624
                    ],
                    [
                        1752,
                        635
                    ],
                    [
                        1755,
                        645
                    ],
                    [
                        1757,
                        656
                    ],
                    [
                        1758,
                        664
                    ],
                    [
                        1760,
                        675
                    ],
                    [
                        1757,
                        687
                    ],
                    [
                        1756,
                        696
                    ],
                    [
                        1756,
                        707
                    ],
                    [
                        1754,
                        714
                    ],
                    [
                        1750,
                        721
                    ],
                    [
                        1746,
                        727
                    ],
                    [
                        1744,
                        734
                    ],
                    [
                        1745,
                        742
                    ],
                    [
                        1743,
                        748
                    ],
                    [
                        1743,
                        754
                    ],
                    [
                        1745,
                        761
                    ],
                    [
                        1749,
                        767
                    ],
                    [
                        1750,
                        772
                    ],
                    [
                        1747,
                        779
                    ],
                    [
                        1745,
                        786
                    ],
                    [
                        1742,
                        792
                    ],
                    [
                        1740,
                        795
                    ],
                    [
                        1732,
                        795
                    ],
                    [
                        1730,
                        788
                    ],
                    [
                        1729,
                        782
                    ],
                    [
                        1729,
                        779
                    ],
                    [
                        1725,
                        781
                    ],
                    [
                        1722,
                        782
                    ],
                    [
                        1715,
                        784
                    ],
                    [
                        1709,
                        782
                    ],
                    [
                        1700,
                        781
                    ],
                    [
                        1699,
                        786
                    ],
                    [
                        1700,
                        793
                    ],
                    [
                        1697,
                        797
                    ],
                    [
                        1690,
                        799
                    ],
                    [
                        1681,
                        800
                    ],
                    [
                        1676,
                        802
                    ],
                    [
                        1672,
                        803
                    ],
                    [
                        1667,
                        800
                    ]
                ],
                "interior": []
            }
        },
        {
            "id": 496980382,
            "classId": 1656178,
            "description": "",
            "geometryType": "polygon",
            "labelerLogin": "trkkvsn0619",
            "createdAt": "2020-08-06T01:36:17.358Z",
            "updatedAt": "2020-08-06T01:43:17.188Z",
            "tags": [
                {
                    "id": 97473125,
                    "tagId": 28281839,
                    "name": "Cell_5",
                    "value": null,
                    "labelerLogin": "trkkvsn0619",
                    "createdAt": "2020-08-06T01:44:30.543Z",
                    "updatedAt": "2020-08-06T01:44:30.543Z"
                }
            ],
            "classTitle": "Cells",
            "points": {
                "exterior": [
                    [
                        754,
                        1633
                    ],
                    [
                        746,
                        1626
                    ],
                    [
                        728,
                        1632
                    ],
                    [
                        719,
                        1627
                    ],
                    [
                        709,
                        1628
                    ],
                    [
                        701,
                        1607
                    ],
                    [
                        699,
                        1591
                    ],
                    [
                        683,
                        1585
                    ],
                    [
                        671,
                        1579
                    ],
                    [
                        662,
                        1568
                    ],
                    [
                        661,
                        1552
                    ],
                    [
                        662,
                        1537
                    ],
                    [
                        678,
                        1535
                    ],
                    [
                        691,
                        1539
                    ],
                    [
                        704,
                        1533
                    ],
                    [
                        712,
                        1524
                    ],
                    [
                        718,
                        1513
                    ],
                    [
                        717,
                        1497
                    ],
                    [
                        712,
                        1475
                    ],
                    [
                        727,
                        1472
                    ],
                    [
                        741,
                        1466
                    ],
                    [
                        751,
                        1457
                    ],
                    [
                        769,
                        1444
                    ],
                    [
                        780,
                        1438
                    ],
                    [
                        791,
                        1424
                    ],
                    [
                        801,
                        1416
                    ],
                    [
                        816,
                        1412
                    ],
                    [
                        835,
                        1414
                    ],
                    [
                        851,
                        1423
                    ],
                    [
                        856,
                        1434
                    ],
                    [
                        865,
                        1444
                    ],
                    [
                        879,
                        1456
                    ],
                    [
                        891,
                        1462
                    ],
                    [
                        904,
                        1471
                    ],
                    [
                        916,
                        1481
                    ],
                    [
                        928,
                        1490
                    ],
                    [
                        937,
                        1496
                    ],
                    [
                        946,
                        1498
                    ],
                    [
                        957,
                        1494
                    ],
                    [
                        969,
                        1493
                    ],
                    [
                        981,
                        1496
                    ],
                    [
                        990,
                        1507
                    ],
                    [
                        991,
                        1524
                    ],
                    [
                        998,
                        1531
                    ],
                    [
                        1007,
                        1536
                    ],
                    [
                        1016,
                        1549
                    ],
                    [
                        1013,
                        1563
                    ],
                    [
                        1004,
                        1574
                    ],
                    [
                        995,
                        1584
                    ],
                    [
                        988,
                        1594
                    ],
                    [
                        978,
                        1606
                    ],
                    [
                        968,
                        1616
                    ],
                    [
                        960,
                        1625
                    ],
                    [
                        947,
                        1631
                    ],
                    [
                        937,
                        1635
                    ],
                    [
                        921,
                        1638
                    ],
                    [
                        903,
                        1644
                    ],
                    [
                        892,
                        1652
                    ],
                    [
                        878,
                        1669
                    ],
                    [
                        865,
                        1678
                    ],
                    [
                        856,
                        1683
                    ],
                    [
                        846,
                        1683
                    ],
                    [
                        835,
                        1695
                    ],
                    [
                        829,
                        1698
                    ],
                    [
                        808,
                        1696
                    ],
                    [
                        800,
                        1690
                    ],
                    [
                        793,
                        1686
                    ],
                    [
                        782,
                        1676
                    ],
                    [
                        771,
                        1663
                    ],
                    [
                        771,
                        1652
                    ],
                    [
                        764,
                        1648
                    ],
                    [
                        759,
                        1639
                    ]
                ],
                "interior": []
            }
        },
        {
            "id": 496980424,
            "classId": 1656178,
            "description": "",
            "geometryType": "polygon",
            "labelerLogin": "trkkvsn0619",
            "createdAt": "2020-08-06T01:38:33.017Z",
            "updatedAt": "2020-08-06T01:43:17.188Z",
            "tags": [
                {
                    "id": 97473122,
                    "tagId": 28281834,
                    "name": "Cell_2",
                    "value": null,
                    "labelerLogin": "trkkvsn0619",
                    "createdAt": "2020-08-06T01:44:20.220Z",
                    "updatedAt": "2020-08-06T01:44:20.220Z"
                }
            ],
            "classTitle": "Cells",
            "points": {
                "exterior": [
                    [
                        507,
                        841
                    ],
                    [
                        504,
                        827
                    ],
                    [
                        489,
                        804
                    ],
                    [
                        482,
                        770
                    ],
                    [
                        478,
                        751
                    ],
                    [
                        476,
                        725
                    ],
                    [
                        488,
                        704
                    ],
                    [
                        477,
                        686
                    ],
                    [
                        486,
                        669
                    ],
                    [
                        500,
                        661
                    ],
                    [
                        520,
                        652
                    ],
                    [
                        538,
                        648
                    ],
                    [
                        550,
                        647
                    ],
                    [
                        557,
                        665
                    ],
                    [
                        570,
                        669
                    ],
                    [
                        584,
                        667
                    ],
                    [
                        612,
                        670
                    ],
                    [
                        629,
                        679
                    ],
                    [
                        646,
                        671
                    ],
                    [
                        659,
                        668
                    ],
                    [
                        658,
                        678
                    ],
                    [
                        652,
                        688
                    ],
                    [
                        655,
                        694
                    ],
                    [
                        660,
                        692
                    ],
                    [
                        664,
                        687
                    ],
                    [
                        673,
                        682
                    ],
                    [
                        678,
                        680
                    ],
                    [
                        684,
                        679
                    ],
                    [
                        693,
                        678
                    ],
                    [
                        702,
                        689
                    ],
                    [
                        705,
                        698
                    ],
                    [
                        707,
                        708
                    ],
                    [
                        709,
                        719
                    ],
                    [
                        705,
                        729
                    ],
                    [
                        698,
                        741
                    ],
                    [
                        693,
                        750
                    ],
                    [
                        688,
                        770
                    ],
                    [
                        684,
                        788
                    ],
                    [
                        679,
                        803
                    ],
                    [
                        676,
                        812
                    ],
                    [
                        670,
                        826
                    ],
                    [
                        662,
                        835
                    ],
                    [
                        652,
                        848
                    ],
                    [
                        636,
                        858
                    ],
                    [
                        623,
                        864
                    ],
                    [
                        607,
                        869
                    ],
                    [
                        601,
                        872
                    ],
                    [
                        590,
                        882
                    ],
                    [
                        582,
                        889
                    ],
                    [
                        570,
                        895
                    ],
                    [
                        559,
                        896
                    ],
                    [
                        550,
                        891
                    ],
                    [
                        545,
                        887
                    ],
                    [
                        536,
                        889
                    ],
                    [
                        529,
                        890
                    ],
                    [
                        519,
                        882
                    ],
                    [
                        519,
                        869
                    ],
                    [
                        516,
                        863
                    ],
                    [
                        513,
                        854
                    ]
                ],
                "interior": []
            }
        },
        {
            "id": 496980443,
            "classId": 1656178,
            "description": "",
            "geometryType": "polygon",
            "labelerLogin": "trkkvsn0619",
            "createdAt": "2020-08-06T01:39:39.215Z",
            "updatedAt": "2020-08-06T01:43:17.188Z",
            "tags": [
                {
                    "id": 97473124,
                    "tagId": 28281838,
                    "name": "Cell_4",
                    "value": null,
                    "labelerLogin": "trkkvsn0619",
                    "createdAt": "2020-08-06T01:44:26.148Z",
                    "updatedAt": "2020-08-06T01:44:26.148Z"
                }
            ],
            "classTitle": "Cells",
            "points": {
                "exterior": [
                    [
                        1,
                        972
                    ],
                    [
                        12,
                        969
                    ],
                    [
                        25,
                        963
                    ],
                    [
                        42,
                        957
                    ],
                    [
                        58,
                        955
                    ],
                    [
                        72,
                        953
                    ],
                    [
                        81,
                        944
                    ],
                    [
                        87,
                        929
                    ],
                    [
                        90,
                        907
                    ],
                    [
                        96,
                        894
                    ],
                    [
                        107,
                        888
                    ],
                    [
                        114,
                        891
                    ],
                    [
                        125,
                        899
                    ],
                    [
                        134,
                        900
                    ],
                    [
                        135,
                        891
                    ],
                    [
                        133,
                        880
                    ],
                    [
                        134,
                        866
                    ],
                    [
                        135,
                        851
                    ],
                    [
                        134,
                        843
                    ],
                    [
                        134,
                        827
                    ],
                    [
                        137,
                        818
                    ],
                    [
                        143,
                        810
                    ],
                    [
                        152,
                        798
                    ],
                    [
                        159,
                        785
                    ],
                    [
                        156,
                        773
                    ],
                    [
                        145,
                        756
                    ],
                    [
                        138,
                        745
                    ],
                    [
                        134,
                        737
                    ],
                    [
                        125,
                        728
                    ],
                    [
                        119,
                        717
                    ],
                    [
                        114,
                        707
                    ],
                    [
                        106,
                        704
                    ],
                    [
                        93,
                        710
                    ],
                    [
                        84,
                        710
                    ],
                    [
                        78,
                        707
                    ],
                    [
                        66,
                        699
                    ],
                    [
                        61,
                        694
                    ],
                    [
                        52,
                        687
                    ],
                    [
                        43,
                        683
                    ],
                    [
                        34,
                        683
                    ],
                    [
                        28,
                        684
                    ],
                    [
                        19,
                        687
                    ],
                    [
                        13,
                        690
                    ],
                    [
                        5,
                        693
                    ],
                    [
                        0,
                        696
                    ]
                ],
                "interior": []
            }
        },
        {
            "id": 496980454,
            "classId": 1656178,
            "description": "",
            "geometryType": "polygon",
            "labelerLogin": "trkkvsn0619",
            "createdAt": "2020-08-06T01:40:24.619Z",
            "updatedAt": "2020-08-06T01:43:17.188Z",
            "tags": [
                {
                    "id": 97473121,
                    "tagId": 28281830,
                    "name": "Cell_1",
                    "value": null,
                    "labelerLogin": "trkkvsn0619",
                    "createdAt": "2020-08-06T01:44:17.455Z",
                    "updatedAt": "2020-08-06T01:44:17.455Z"
                }
            ],
            "classTitle": "Cells",
            "points": {
                "exterior": [
                    [
                        75,
                        268
                    ],
                    [
                        79,
                        256
                    ],
                    [
                        80,
                        238
                    ],
                    [
                        83,
                        220
                    ],
                    [
                        92,
                        204
                    ],
                    [
                        98,
                        194
                    ],
                    [
                        102,
                        172
                    ],
                    [
                        105,
                        158
                    ],
                    [
                        111,
                        148
                    ],
                    [
                        125,
                        143
                    ],
                    [
                        143,
                        141
                    ],
                    [
                        156,
                        137
                    ],
                    [
                        169,
                        144
                    ],
                    [
                        178,
                        151
                    ],
                    [
                        186,
                        165
                    ],
                    [
                        192,
                        168
                    ],
                    [
                        202,
                        173
                    ],
                    [
                        212,
                        175
                    ],
                    [
                        221,
                        176
                    ],
                    [
                        238,
                        184
                    ],
                    [
                        248,
                        194
                    ],
                    [
                        255,
                        205
                    ],
                    [
                        259,
                        223
                    ],
                    [
                        258,
                        238
                    ],
                    [
                        260,
                        255
                    ],
                    [
                        263,
                        267
                    ],
                    [
                        263,
                        279
                    ],
                    [
                        265,
                        292
                    ],
                    [
                        265,
                        303
                    ],
                    [
                        267,
                        310
                    ],
                    [
                        270,
                        320
                    ],
                    [
                        264,
                        327
                    ],
                    [
                        259,
                        335
                    ],
                    [
                        252,
                        344
                    ],
                    [
                        245,
                        355
                    ],
                    [
                        241,
                        367
                    ],
                    [
                        236,
                        376
                    ],
                    [
                        227,
                        376
                    ],
                    [
                        218,
                        370
                    ],
                    [
                        209,
                        362
                    ],
                    [
                        197,
                        358
                    ],
                    [
                        184,
                        357
                    ],
                    [
                        170,
                        355
                    ],
                    [
                        148,
                        350
                    ],
                    [
                        139,
                        351
                    ],
                    [
                        124,
                        345
                    ],
                    [
                        110,
                        340
                    ],
                    [
                        102,
                        329
                    ],
                    [
                        97,
                        322
                    ],
                    [
                        82,
                        304
                    ],
                    [
                        78,
                        293
                    ],
                    [
                        75,
                        284
                    ]
                ],
                "interior": []
            }
        },
        {
            "id": 496980475,
            "classId": 1656178,
            "description": "",
            "geometryType": "polygon",
            "labelerLogin": "trkkvsn0619",
            "createdAt": "2020-08-06T01:41:51.430Z",
            "updatedAt": "2020-08-06T01:43:17.188Z",
            "tags": [
                {
                    "id": 97473128,
                    "tagId": 28281842,
                    "name": "Cell_8",
                    "value": null,
                    "labelerLogin": "trkkvsn0619",
                    "createdAt": "2020-08-06T01:44:39.560Z",
                    "updatedAt": "2020-08-06T01:44:39.560Z"
                }
            ],
            "classTitle": "Cells",
            "points": {
                "exterior": [
                    [
                        1543,
                        220
                    ],
                    [
                        1539,
                        212
                    ],
                    [
                        1542,
                        191
                    ],
                    [
                        1531,
                        171
                    ],
                    [
                        1522,
                        158
                    ],
                    [
                        1519,
                        134
                    ],
                    [
                        1531,
                        122
                    ],
                    [
                        1544,
                        114
                    ],
                    [
                        1560,
                        119
                    ],
                    [
                        1573,
                        133
                    ],
                    [
                        1581,
                        137
                    ],
                    [
                        1594,
                        126
                    ],
                    [
                        1597,
                        112
                    ],
                    [
                        1585,
                        100
                    ],
                    [
                        1582,
                        90
                    ],
                    [
                        1595,
                        85
                    ],
                    [
                        1606,
                        82
                    ],
                    [
                        1616,
                        78
                    ],
                    [
                        1626,
                        82
                    ],
                    [
                        1636,
                        80
                    ],
                    [
                        1648,
                        71
                    ],
                    [
                        1654,
                        64
                    ],
                    [
                        1660,
                        57
                    ],
                    [
                        1669,
                        54
                    ],
                    [
                        1682,
                        57
                    ],
                    [
                        1688,
                        60
                    ],
                    [
                        1691,
                        72
                    ],
                    [
                        1693,
                        83
                    ],
                    [
                        1698,
                        91
                    ],
                    [
                        1703,
                        96
                    ],
                    [
                        1711,
                        94
                    ],
                    [
                        1726,
                        90
                    ],
                    [
                        1733,
                        86
                    ],
                    [
                        1742,
                        86
                    ],
                    [
                        1752,
                        94
                    ],
                    [
                        1760,
                        101
                    ],
                    [
                        1764,
                        115
                    ],
                    [
                        1767,
                        125
                    ],
                    [
                        1774,
                        139
                    ],
                    [
                        1775,
                        148
                    ],
                    [
                        1779,
                        156
                    ],
                    [
                        1785,
                        168
                    ],
                    [
                        1785,
                        178
                    ],
                    [
                        1777,
                        190
                    ],
                    [
                        1772,
                        199
                    ],
                    [
                        1770,
                        210
                    ],
                    [
                        1768,
                        220
                    ],
                    [
                        1757,
                        226
                    ],
                    [
                        1752,
                        230
                    ],
                    [
                        1742,
                        244
                    ],
                    [
                        1738,
                        252
                    ],
                    [
                        1732,
                        261
                    ],
                    [
                        1726,
                        268
                    ],
                    [
                        1721,
                        270
                    ],
                    [
                        1724,
                        279
                    ],
                    [
                        1725,
                        285
                    ],
                    [
                        1718,
                        289
                    ],
                    [
                        1713,
                        291
                    ],
                    [
                        1709,
                        284
                    ],
                    [
                        1704,
                        283
                    ],
                    [
                        1696,
                        286
                    ],
                    [
                        1685,
                        287
                    ],
                    [
                        1675,
                        290
                    ],
                    [
                        1665,
                        290
                    ],
                    [
                        1659,
                        289
                    ],
                    [
                        1652,
                        292
                    ],
                    [
                        1647,
                        300
                    ],
                    [
                        1631,
                        305
                    ],
                    [
                        1621,
                        301
                    ],
                    [
                        1613,
                        297
                    ],
                    [
                        1607,
                        300
                    ],
                    [
                        1596,
                        304
                    ],
                    [
                        1582,
                        299
                    ],
                    [
                        1576,
                        296
                    ],
                    [
                        1566,
                        293
                    ],
                    [
                        1560,
                        284
                    ],
                    [
                        1560,
                        279
                    ],
                    [
                        1552,
                        272
                    ],
                    [
                        1548,
                        270
                    ],
                    [
                        1543,
                        261
                    ],
                    [
                        1540,
                        253
                    ],
                    [
                        1540,
                        245
                    ],
                    [
                        1542,
                        235
                    ],
                    [
                        1546,
                        228
                    ]
                ],
                "interior": []
            }
        },
        {
            "id": 496980489,
            "classId": 1656178,
            "description": "",
            "geometryType": "polygon",
            "labelerLogin": "trkkvsn0619",
            "createdAt": "2020-08-06T01:43:16.736Z",
            "updatedAt": "2020-08-06T01:44:06.045Z",
            "tags": [
                {
                    "id": 97473123,
                    "tagId": 28281835,
                    "name": "Cell_3",
                    "value": null,
                    "labelerLogin": "trkkvsn0619",
                    "createdAt": "2020-08-06T01:44:22.544Z",
                    "updatedAt": "2020-08-06T01:44:22.544Z"
                }
            ],
            "classTitle": "Cells",
            "points": {
                "exterior": [
                    [
                        0,
                        652
                    ],
                    [
                        8,
                        657
                    ],
                    [
                        16,
                        659
                    ],
                    [
                        24,
                        660
                    ],
                    [
                        33,
                        663
                    ],
                    [
                        54,
                        666
                    ],
                    [
                        66,
                        663
                    ],
                    [
                        83,
                        656
                    ],
                    [
                        89,
                        653
                    ],
                    [
                        103,
                        655
                    ],
                    [
                        115,
                        660
                    ],
                    [
                        128,
                        650
                    ],
                    [
                        135,
                        646
                    ],
                    [
                        135,
                        640
                    ],
                    [
                        132,
                        631
                    ],
                    [
                        128,
                        616
                    ],
                    [
                        128,
                        609
                    ],
                    [
                        131,
                        601
                    ],
                    [
                        143,
                        595
                    ],
                    [
                        152,
                        595
                    ],
                    [
                        163,
                        597
                    ],
                    [
                        173,
                        592
                    ],
                    [
                        176,
                        583
                    ],
                    [
                        173,
                        569
                    ],
                    [
                        167,
                        555
                    ],
                    [
                        171,
                        548
                    ],
                    [
                        171,
                        541
                    ],
                    [
                        163,
                        536
                    ],
                    [
                        169,
                        528
                    ],
                    [
                        175,
                        515
                    ],
                    [
                        169,
                        505
                    ],
                    [
                        168,
                        498
                    ],
                    [
                        165,
                        487
                    ],
                    [
                        164,
                        475
                    ],
                    [
                        155,
                        464
                    ],
                    [
                        145,
                        460
                    ],
                    [
                        133,
                        459
                    ],
                    [
                        136,
                        451
                    ],
                    [
                        140,
                        443
                    ],
                    [
                        142,
                        437
                    ],
                    [
                        133,
                        432
                    ],
                    [
                        124,
                        434
                    ],
                    [
                        114,
                        436
                    ],
                    [
                        104,
                        437
                    ],
                    [
                        97,
                        432
                    ],
                    [
                        94,
                        423
                    ],
                    [
                        94,
                        418
                    ],
                    [
                        91,
                        412
                    ],
                    [
                        79,
                        412
                    ],
                    [
                        68,
                        415
                    ],
                    [
                        62,
                        418
                    ],
                    [
                        51,
                        421
                    ],
                    [
                        39,
                        424
                    ],
                    [
                        30,
                        425
                    ],
                    [
                        19,
                        427
                    ],
                    [
                        15,
                        430
                    ],
                    [
                        10,
                        434
                    ],
                    [
                        5,
                        436
                    ],
                    [
                        0,
                        440
                    ]
                ],
                "interior": []
            }
        }
    ]
}