{
    "description": "",
    "tags": [
        {
            "id": 85792133,
            "tagId": 28285212,
            "name": "Frame",
            "value": 1,
            "labelerLogin": "trkkvsn0619",
            "createdAt": "2020-08-09T19:06:35.762Z",
            "updatedAt": "2020-08-09T19:06:35.762Z"
        }
    ],
    "size": {
        "height": 1912,
        "width": 2568
    },
    "objects": [
        {
            "id": 496941154,
            "classId": 1656178,
            "description": "",
            "geometryType": "polygon",
            "labelerLogin": "trkkvsn0619",
            "createdAt": "2020-08-05T16:22:59.987Z",
            "updatedAt": "2020-08-10T13:53:14.169Z",
            "tags": [
                {
                    "id": 97467601,
                    "tagId": 28281841,
                    "name": "Cell_7",
                    "value": null,
                    "labelerLogin": "trkkvsn0619",
                    "createdAt": "2020-08-05T16:24:57.163Z",
                    "updatedAt": "2020-08-05T16:24:57.163Z"
                }
            ],
            "classTitle": "Cells",
            "points": {
                "exterior": [
                    [
                        1628,
                        746
                    ],
                    [
                        1610,
                        737
                    ],
                    [
                        1592,
                        723
                    ],
                    [
                        1580,
                        708
                    ],
                    [
                        1574,
                        695
                    ],
                    [
                        1570,
                        670
                    ],
                    [
                        1571,
                        656
                    ],
                    [
                        1573,
                        641
                    ],
                    [
                        1578,
                        631
                    ],
                    [
                        1585,
                        617
                    ],
                    [
                        1597,
                        607
                    ],
                    [
                        1609,
                        601
                    ],
                    [
                        1619,
                        598
                    ],
                    [
                        1635,
                        593
                    ],
                    [
                        1649,
                        591
                    ],
                    [
                        1665,
                        594
                    ],
                    [
                        1680,
                        601
                    ],
                    [
                        1693,
                        609
                    ],
                    [
                        1704,
                        619
                    ],
                    [
                        1713,
                        631
                    ],
                    [
                        1720,
                        647
                    ],
                    [
                        1724,
                        661
                    ],
                    [
                        1726,
                        680
                    ],
                    [
                        1722,
                        697
                    ],
                    [
                        1717,
                        709
                    ],
                    [
                        1709,
                        721
                    ],
                    [
                        1700,
                        730
                    ],
                    [
                        1686,
                        740
                    ],
                    [
                        1673,
                        746
                    ],
                    [
                        1657,
                        748
                    ],
                    [
                        1644,
                        748
                    ]
                ],
                "interior": []
            }
        },
        {
            "id": 496941256,
            "classId": 1656178,
            "description": "",
            "geometryType": "polygon",
            "labelerLogin": "trkkvsn0619",
            "createdAt": "2020-08-05T16:26:13.488Z",
            "updatedAt": "2020-08-05T17:06:27.605Z",
            "tags": [
                {
                    "id": 97467602,
                    "tagId": 28281834,
                    "name": "Cell_2",
                    "value": null,
                    "labelerLogin": "trkkvsn0619",
                    "createdAt": "2020-08-05T16:27:19.174Z",
                    "updatedAt": "2020-08-05T16:27:19.174Z"
                }
            ],
            "classTitle": "Cells",
            "points": {
                "exterior": [
                    [
                        481,
                        781
                    ],
                    [
                        475,
                        760
                    ],
                    [
                        477,
                        742
                    ],
                    [
                        490,
                        715
                    ],
                    [
                        501,
                        693
                    ],
                    [
                        522,
                        681
                    ],
                    [
                        545,
                        670
                    ],
                    [
                        572,
                        662
                    ],
                    [
                        591,
                        667
                    ],
                    [
                        616,
                        674
                    ],
                    [
                        630,
                        679
                    ],
                    [
                        644,
                        693
                    ],
                    [
                        657,
                        705
                    ],
                    [
                        666,
                        714
                    ],
                    [
                        676,
                        733
                    ],
                    [
                        679,
                        752
                    ],
                    [
                        683,
                        763
                    ],
                    [
                        691,
                        770
                    ],
                    [
                        689,
                        781
                    ],
                    [
                        684,
                        796
                    ],
                    [
                        680,
                        810
                    ],
                    [
                        674,
                        824
                    ],
                    [
                        661,
                        842
                    ],
                    [
                        650,
                        851
                    ],
                    [
                        632,
                        861
                    ],
                    [
                        615,
                        867
                    ],
                    [
                        598,
                        866
                    ],
                    [
                        579,
                        864
                    ],
                    [
                        562,
                        860
                    ],
                    [
                        550,
                        854
                    ],
                    [
                        532,
                        845
                    ],
                    [
                        522,
                        842
                    ],
                    [
                        511,
                        834
                    ],
                    [
                        498,
                        823
                    ],
                    [
                        489,
                        813
                    ],
                    [
                        484,
                        802
                    ],
                    [
                        475,
                        794
                    ]
                ],
                "interior": []
            }
        },
        {
            "id": 496941306,
            "classId": 1656178,
            "description": "",
            "geometryType": "polygon",
            "labelerLogin": "trkkvsn0619",
            "createdAt": "2020-08-05T16:27:41.242Z",
            "updatedAt": "2020-08-05T17:06:27.605Z",
            "tags": [
                {
                    "id": 97467603,
                    "tagId": 28281839,
                    "name": "Cell_5",
                    "value": null,
                    "labelerLogin": "trkkvsn0619",
                    "createdAt": "2020-08-05T16:28:47.531Z",
                    "updatedAt": "2020-08-05T16:28:47.531Z"
                }
            ],
            "classTitle": "Cells",
            "points": {
                "exterior": [
                    [
                        729,
                        1570
                    ],
                    [
                        734,
                        1536
                    ],
                    [
                        748,
                        1516
                    ],
                    [
                        765,
                        1506
                    ],
                    [
                        781,
                        1494
                    ],
                    [
                        794,
                        1486
                    ],
                    [
                        815,
                        1482
                    ],
                    [
                        834,
                        1481
                    ],
                    [
                        856,
                        1487
                    ],
                    [
                        879,
                        1496
                    ],
                    [
                        896,
                        1509
                    ],
                    [
                        911,
                        1522
                    ],
                    [
                        917,
                        1537
                    ],
                    [
                        926,
                        1554
                    ],
                    [
                        925,
                        1573
                    ],
                    [
                        919,
                        1587
                    ],
                    [
                        913,
                        1602
                    ],
                    [
                        910,
                        1614
                    ],
                    [
                        900,
                        1629
                    ],
                    [
                        889,
                        1643
                    ],
                    [
                        877,
                        1652
                    ],
                    [
                        867,
                        1660
                    ],
                    [
                        852,
                        1664
                    ],
                    [
                        838,
                        1667
                    ],
                    [
                        821,
                        1667
                    ],
                    [
                        798,
                        1664
                    ],
                    [
                        782,
                        1660
                    ],
                    [
                        762,
                        1654
                    ],
                    [
                        749,
                        1647
                    ],
                    [
                        741,
                        1637
                    ],
                    [
                        735,
                        1625
                    ],
                    [
                        729,
                        1609
                    ],
                    [
                        724,
                        1600
                    ],
                    [
                        722,
                        1590
                    ],
                    [
                        725,
                        1582
                    ]
                ],
                "interior": []
            }
        },
        {
            "id": 496941343,
            "classId": 1656178,
            "description": "",
            "geometryType": "polygon",
            "labelerLogin": "trkkvsn0619",
            "createdAt": "2020-08-05T16:28:55.751Z",
            "updatedAt": "2020-08-05T17:06:27.605Z",
            "tags": [
                {
                    "id": 97467604,
                    "tagId": 28281840,
                    "name": "Cell_6",
                    "value": null,
                    "labelerLogin": "trkkvsn0619",
                    "createdAt": "2020-08-05T16:29:50.298Z",
                    "updatedAt": "2020-08-05T16:29:50.298Z"
                }
            ],
            "classTitle": "Cells",
            "points": {
                "exterior": [
                    [
                        1532,
                        1575
                    ],
                    [
                        1536,
                        1545
                    ],
                    [
                        1550,
                        1524
                    ],
                    [
                        1564,
                        1509
                    ],
                    [
                        1583,
                        1496
                    ],
                    [
                        1602,
                        1493
                    ],
                    [
                        1626,
                        1492
                    ],
                    [
                        1653,
                        1500
                    ],
                    [
                        1666,
                        1507
                    ],
                    [
                        1677,
                        1524
                    ],
                    [
                        1692,
                        1543
                    ],
                    [
                        1702,
                        1561
                    ],
                    [
                        1711,
                        1575
                    ],
                    [
                        1709,
                        1591
                    ],
                    [
                        1706,
                        1612
                    ],
                    [
                        1701,
                        1632
                    ],
                    [
                        1693,
                        1649
                    ],
                    [
                        1681,
                        1664
                    ],
                    [
                        1666,
                        1675
                    ],
                    [
                        1651,
                        1678
                    ],
                    [
                        1633,
                        1681
                    ],
                    [
                        1614,
                        1683
                    ],
                    [
                        1594,
                        1679
                    ],
                    [
                        1580,
                        1673
                    ],
                    [
                        1564,
                        1660
                    ],
                    [
                        1549,
                        1646
                    ],
                    [
                        1538,
                        1632
                    ],
                    [
                        1530,
                        1617
                    ],
                    [
                        1528,
                        1597
                    ]
                ],
                "interior": []
            }
        },
        {
            "id": 496941375,
            "classId": 1656178,
            "description": "",
            "geometryType": "polygon",
            "labelerLogin": "trkkvsn0619",
            "createdAt": "2020-08-05T16:29:59.716Z",
            "updatedAt": "2020-08-05T17:06:27.605Z",
            "tags": [
                {
                    "id": 97467605,
                    "tagId": 28281842,
                    "name": "Cell_8",
                    "value": null,
                    "labelerLogin": "trkkvsn0619",
                    "createdAt": "2020-08-05T16:31:02.381Z",
                    "updatedAt": "2020-08-05T16:31:02.381Z"
                }
            ],
            "classTitle": "Cells",
            "points": {
                "exterior": [
                    [
                        1551,
                        215
                    ],
                    [
                        1545,
                        188
                    ],
                    [
                        1547,
                        158
                    ],
                    [
                        1558,
                        138
                    ],
                    [
                        1578,
                        129
                    ],
                    [
                        1600,
                        117
                    ],
                    [
                        1617,
                        104
                    ],
                    [
                        1641,
                        103
                    ],
                    [
                        1652,
                        108
                    ],
                    [
                        1670,
                        107
                    ],
                    [
                        1684,
                        114
                    ],
                    [
                        1694,
                        128
                    ],
                    [
                        1703,
                        142
                    ],
                    [
                        1715,
                        159
                    ],
                    [
                        1724,
                        167
                    ],
                    [
                        1735,
                        189
                    ],
                    [
                        1739,
                        208
                    ],
                    [
                        1735,
                        228
                    ],
                    [
                        1729,
                        242
                    ],
                    [
                        1715,
                        255
                    ],
                    [
                        1701,
                        259
                    ],
                    [
                        1686,
                        272
                    ],
                    [
                        1674,
                        283
                    ],
                    [
                        1659,
                        292
                    ],
                    [
                        1641,
                        290
                    ],
                    [
                        1620,
                        290
                    ],
                    [
                        1603,
                        282
                    ],
                    [
                        1593,
                        272
                    ],
                    [
                        1581,
                        265
                    ],
                    [
                        1567,
                        252
                    ],
                    [
                        1559,
                        237
                    ]
                ],
                "interior": []
            }
        },
        {
            "id": 496949314,
            "classId": 1656178,
            "description": "",
            "geometryType": "polygon",
            "labelerLogin": "trkkvsn0619",
            "createdAt": "2020-08-05T16:59:42.151Z",
            "updatedAt": "2020-08-05T17:06:27.605Z",
            "tags": [
                {
                    "id": 97467659,
                    "tagId": 28281830,
                    "name": "Cell_1",
                    "value": null,
                    "labelerLogin": "trkkvsn0619",
                    "createdAt": "2020-08-05T17:03:32.061Z",
                    "updatedAt": "2020-08-05T17:03:32.061Z"
                }
            ],
            "classTitle": "Cells",
            "points": {
                "exterior": [
                    [
                        45,
                        290
                    ],
                    [
                        41,
                        267
                    ],
                    [
                        52,
                        252
                    ],
                    [
                        66,
                        246
                    ],
                    [
                        73,
                        228
                    ],
                    [
                        83,
                        209
                    ],
                    [
                        96,
                        198
                    ],
                    [
                        110,
                        199
                    ],
                    [
                        122,
                        195
                    ],
                    [
                        135,
                        190
                    ],
                    [
                        154,
                        191
                    ],
                    [
                        165,
                        197
                    ],
                    [
                        180,
                        202
                    ],
                    [
                        196,
                        207
                    ],
                    [
                        209,
                        211
                    ],
                    [
                        221,
                        215
                    ],
                    [
                        228,
                        227
                    ],
                    [
                        236,
                        237
                    ],
                    [
                        244,
                        247
                    ],
                    [
                        247,
                        260
                    ],
                    [
                        248,
                        271
                    ],
                    [
                        248,
                        285
                    ],
                    [
                        252,
                        301
                    ],
                    [
                        256,
                        313
                    ],
                    [
                        254,
                        326
                    ],
                    [
                        245,
                        344
                    ],
                    [
                        239,
                        359
                    ],
                    [
                        229,
                        367
                    ],
                    [
                        216,
                        373
                    ],
                    [
                        206,
                        377
                    ],
                    [
                        198,
                        387
                    ],
                    [
                        183,
                        394
                    ],
                    [
                        168,
                        398
                    ],
                    [
                        155,
                        393
                    ],
                    [
                        145,
                        394
                    ],
                    [
                        133,
                        392
                    ],
                    [
                        104,
                        382
                    ],
                    [
                        91,
                        372
                    ],
                    [
                        78,
                        362
                    ],
                    [
                        70,
                        343
                    ],
                    [
                        62,
                        323
                    ],
                    [
                        55,
                        310
                    ],
                    [
                        48,
                        303
                    ],
                    [
                        44,
                        299
                    ]
                ],
                "interior": []
            }
        },
        {
            "id": 496949437,
            "classId": 1656178,
            "description": "",
            "geometryType": "polygon",
            "labelerLogin": "trkkvsn0619",
            "createdAt": "2020-08-05T17:03:46.078Z",
            "updatedAt": "2020-08-10T13:58:39.670Z",
            "tags": [
                {
                    "id": 97467660,
                    "tagId": 28281835,
                    "name": "Cell_3",
                    "value": null,
                    "labelerLogin": "trkkvsn0619",
                    "createdAt": "2020-08-05T17:04:36.492Z",
                    "updatedAt": "2020-08-05T17:04:36.492Z"
                }
            ],
            "classTitle": "Cells",
            "points": {
                "exterior": [
                    [
                        0,
                        601
                    ],
                    [
                        0,
                        488
                    ],
                    [
                        9,
                        480
                    ],
                    [
                        21,
                        476
                    ],
                    [
                        32,
                        476
                    ],
                    [
                        43,
                        471
                    ],
                    [
                        59,
                        471
                    ],
                    [
                        71,
                        473
                    ],
                    [
                        82,
                        481
                    ],
                    [
                        92,
                        493
                    ],
                    [
                        100,
                        503
                    ],
                    [
                        107,
                        512
                    ],
                    [
                        113,
                        524
                    ],
                    [
                        116,
                        536
                    ],
                    [
                        114,
                        553
                    ],
                    [
                        110,
                        570
                    ],
                    [
                        103,
                        581
                    ],
                    [
                        97,
                        591
                    ],
                    [
                        89,
                        598
                    ],
                    [
                        79,
                        605
                    ],
                    [
                        65,
                        611
                    ],
                    [
                        53,
                        614
                    ],
                    [
                        39,
                        614
                    ],
                    [
                        27,
                        612
                    ],
                    [
                        17,
                        611
                    ],
                    [
                        11,
                        606
                    ]
                ],
                "interior": []
            }
        },
        {
            "id": 496949518,
            "classId": 1656178,
            "description": "",
            "geometryType": "polygon",
            "labelerLogin": "trkkvsn0619",
            "createdAt": "2020-08-05T17:05:01.126Z",
            "updatedAt": "2020-08-05T17:06:27.605Z",
            "tags": [
                {
                    "id": 97467661,
                    "tagId": 28281838,
                    "name": "Cell_4",
                    "value": null,
                    "labelerLogin": "trkkvsn0619",
                    "createdAt": "2020-08-05T17:05:46.364Z",
                    "updatedAt": "2020-08-05T17:05:46.364Z"
                }
            ],
            "classTitle": "Cells",
            "points": {
                "exterior": [
                    [
                        1,
                        707
                    ],
                    [
                        16,
                        703
                    ],
                    [
                        38,
                        704
                    ],
                    [
                        61,
                        714
                    ],
                    [
                        81,
                        721
                    ],
                    [
                        103,
                        722
                    ],
                    [
                        115,
                        733
                    ],
                    [
                        129,
                        749
                    ],
                    [
                        144,
                        759
                    ],
                    [
                        145,
                        771
                    ],
                    [
                        140,
                        787
                    ],
                    [
                        136,
                        801
                    ],
                    [
                        136,
                        818
                    ],
                    [
                        127,
                        836
                    ],
                    [
                        125,
                        848
                    ],
                    [
                        135,
                        855
                    ],
                    [
                        133,
                        864
                    ],
                    [
                        133,
                        873
                    ],
                    [
                        127,
                        879
                    ],
                    [
                        118,
                        881
                    ],
                    [
                        106,
                        880
                    ],
                    [
                        99,
                        882
                    ],
                    [
                        94,
                        891
                    ],
                    [
                        89,
                        902
                    ],
                    [
                        86,
                        911
                    ],
                    [
                        89,
                        921
                    ],
                    [
                        90,
                        928
                    ],
                    [
                        90,
                        938
                    ],
                    [
                        80,
                        947
                    ],
                    [
                        73,
                        952
                    ],
                    [
                        61,
                        955
                    ],
                    [
                        52,
                        959
                    ],
                    [
                        38,
                        962
                    ],
                    [
                        27,
                        962
                    ],
                    [
                        19,
                        958
                    ],
                    [
                        14,
                        957
                    ],
                    [
                        8,
                        961
                    ],
                    [
                        0,
                        965
                    ]
                ],
                "interior": []
            }
        },
        {
            "id": 496949562,
            "classId": 1656178,
            "description": "",
            "geometryType": "polygon",
            "labelerLogin": "trkkvsn0619",
            "createdAt": "2020-08-05T17:06:27.223Z",
            "updatedAt": "2020-08-05T17:06:42.942Z",
            "tags": [
                {
                    "id": 97467662,
                    "tagId": 28281843,
                    "name": "Cell_9",
                    "value": null,
                    "labelerLogin": "trkkvsn0619",
                    "createdAt": "2020-08-05T17:07:11.722Z",
                    "updatedAt": "2020-08-05T17:07:11.722Z"
                }
            ],
            "classTitle": "Cells",
            "points": {
                "exterior": [
                    [
                        2567,
                        909
                    ],
                    [
                        2547,
                        903
                    ],
                    [
                        2531,
                        897
                    ],
                    [
                        2518,
                        880
                    ],
                    [
                        2508,
                        860
                    ],
                    [
                        2502,
                        841
                    ],
                    [
                        2496,
                        820
                    ],
                    [
                        2500,
                        808
                    ],
                    [
                        2504,
                        790
                    ],
                    [
                        2512,
                        775
                    ],
                    [
                        2523,
                        764
                    ],
                    [
                        2533,
                        750
                    ],
                    [
                        2547,
                        747
                    ],
                    [
                        2567,
                        744
                    ]
                ],
                "interior": []
            }
        }
    ]
}