{
    "description": "",
    "tags": [
        {
            "id": 85792144,
            "tagId": 28285212,
            "name": "Frame",
            "value": 493,
            "labelerLogin": "trkkvsn0619",
            "createdAt": "2020-08-09T19:10:32.473Z",
            "updatedAt": "2020-08-09T19:10:32.473Z"
        }
    ],
    "size": {
        "height": 1912,
        "width": 2568
    },
    "objects": [
        {
            "id": 496974232,
            "classId": 1656178,
            "description": "",
            "geometryType": "polygon",
            "labelerLogin": "trkkvsn0619",
            "createdAt": "2020-08-06T00:10:57.585Z",
            "updatedAt": "2020-08-10T15:23:37.236Z",
            "tags": [
                {
                    "id": 97473063,
                    "tagId": 28281842,
                    "name": "Cell_8",
                    "value": null,
                    "labelerLogin": "trkkvsn0619",
                    "createdAt": "2020-08-06T00:33:47.410Z",
                    "updatedAt": "2020-08-06T00:33:47.410Z"
                }
            ],
            "classTitle": "Cells",
            "points": {
                "exterior": [
                    [
                        1895,
                        682
                    ],
                    [
                        1897,
                        668
                    ],
                    [
                        1878,
                        653
                    ],
                    [
                        1870,
                        621
                    ],
                    [
                        1878,
                        585
                    ],
                    [
                        1887,
                        554
                    ],
                    [
                        1907,
                        510
                    ],
                    [
                        1921,
                        465
                    ],
                    [
                        1927,
                        418
                    ],
                    [
                        1929,
                        372
                    ],
                    [
                        1917,
                        344
                    ],
                    [
                        1897,
                        356
                    ],
                    [
                        1868,
                        358
                    ],
                    [
                        1838,
                        348
                    ],
                    [
                        1816,
                        323
                    ],
                    [
                        1800,
                        287
                    ],
                    [
                        1795,
                        235
                    ],
                    [
                        1815,
                        196
                    ],
                    [
                        1852,
                        165
                    ],
                    [
                        1875,
                        147
                    ],
                    [
                        1914,
                        130
                    ],
                    [
                        1944,
                        121
                    ],
                    [
                        1981,
                        114
                    ],
                    [
                        2006,
                        119
                    ],
                    [
                        2021,
                        152
                    ],
                    [
                        2035,
                        139
                    ],
                    [
                        2048,
                        119
                    ],
                    [
                        2032,
                        106
                    ],
                    [
                        2034,
                        80
                    ],
                    [
                        2046,
                        41
                    ],
                    [
                        2066,
                        24
                    ],
                    [
                        2091,
                        0
                    ],
                    [
                        2117,
                        1
                    ],
                    [
                        2266,
                        1
                    ],
                    [
                        2279,
                        27
                    ],
                    [
                        2298,
                        46
                    ],
                    [
                        2313,
                        67
                    ],
                    [
                        2333,
                        81
                    ],
                    [
                        2358,
                        95
                    ],
                    [
                        2371,
                        108
                    ],
                    [
                        2373,
                        129
                    ],
                    [
                        2380,
                        157
                    ],
                    [
                        2386,
                        180
                    ],
                    [
                        2392,
                        189
                    ],
                    [
                        2387,
                        199
                    ],
                    [
                        2387,
                        209
                    ],
                    [
                        2365,
                        216
                    ],
                    [
                        2344,
                        229
                    ],
                    [
                        2322,
                        236
                    ],
                    [
                        2306,
                        234
                    ],
                    [
                        2285,
                        225
                    ],
                    [
                        2270,
                        219
                    ],
                    [
                        2248,
                        218
                    ],
                    [
                        2228,
                        222
                    ],
                    [
                        2191,
                        241
                    ],
                    [
                        2157,
                        262
                    ],
                    [
                        2131,
                        284
                    ],
                    [
                        2107,
                        305
                    ],
                    [
                        2082,
                        330
                    ],
                    [
                        2058,
                        366
                    ],
                    [
                        2046,
                        389
                    ],
                    [
                        2029,
                        422
                    ],
                    [
                        2019,
                        447
                    ],
                    [
                        2002,
                        479
                    ],
                    [
                        1991,
                        517
                    ],
                    [
                        1983,
                        559
                    ],
                    [
                        1977,
                        597
                    ],
                    [
                        1972,
                        624
                    ],
                    [
                        1974,
                        651
                    ],
                    [
                        1982,
                        664
                    ],
                    [
                        1990,
                        672
                    ],
                    [
                        1992,
                        686
                    ],
                    [
                        1998,
                        707
                    ],
                    [
                        1997,
                        727
                    ],
                    [
                        1990,
                        740
                    ],
                    [
                        1973,
                        742
                    ],
                    [
                        1961,
                        742
                    ],
                    [
                        1950,
                        747
                    ],
                    [
                        1938,
                        748
                    ],
                    [
                        1930,
                        735
                    ],
                    [
                        1920,
                        721
                    ],
                    [
                        1912,
                        711
                    ],
                    [
                        1908,
                        701
                    ],
                    [
                        1909,
                        688
                    ],
                    [
                        1898,
                        691
                    ]
                ],
                "interior": []
            }
        },
        {
            "id": 496974286,
            "classId": 1656178,
            "description": "",
            "geometryType": "polygon",
            "labelerLogin": "trkkvsn0619",
            "createdAt": "2020-08-06T00:12:47.354Z",
            "updatedAt": "2020-08-10T15:23:37.236Z",
            "tags": [
                {
                    "id": 97550011,
                    "tagId": 28281838,
                    "name": "Cell_4",
                    "value": null,
                    "labelerLogin": "trkkvsn0619",
                    "createdAt": "2020-08-10T15:03:03.914Z",
                    "updatedAt": "2020-08-10T15:03:03.914Z"
                }
            ],
            "classTitle": "Cells",
            "points": {
                "exterior": [
                    [
                        330,
                        1130
                    ],
                    [
                        329,
                        1115
                    ],
                    [
                        331,
                        1098
                    ],
                    [
                        332,
                        1082
                    ],
                    [
                        314,
                        1059
                    ],
                    [
                        320,
                        1050
                    ],
                    [
                        332,
                        1035
                    ],
                    [
                        336,
                        1026
                    ],
                    [
                        349,
                        1018
                    ],
                    [
                        343,
                        1006
                    ],
                    [
                        334,
                        994
                    ],
                    [
                        331,
                        981
                    ],
                    [
                        343,
                        973
                    ],
                    [
                        358,
                        962
                    ],
                    [
                        358,
                        936
                    ],
                    [
                        358,
                        919
                    ],
                    [
                        348,
                        908
                    ],
                    [
                        337,
                        896
                    ],
                    [
                        342,
                        888
                    ],
                    [
                        350,
                        879
                    ],
                    [
                        366,
                        870
                    ],
                    [
                        370,
                        851
                    ],
                    [
                        381,
                        853
                    ],
                    [
                        395,
                        844
                    ],
                    [
                        402,
                        832
                    ],
                    [
                        417,
                        837
                    ],
                    [
                        435,
                        836
                    ],
                    [
                        448,
                        820
                    ],
                    [
                        461,
                        802
                    ],
                    [
                        470,
                        789
                    ],
                    [
                        485,
                        804
                    ],
                    [
                        498,
                        817
                    ],
                    [
                        505,
                        836
                    ],
                    [
                        523,
                        848
                    ],
                    [
                        537,
                        862
                    ],
                    [
                        547,
                        882
                    ],
                    [
                        560,
                        913
                    ],
                    [
                        573,
                        936
                    ],
                    [
                        580,
                        960
                    ],
                    [
                        588,
                        993
                    ],
                    [
                        585,
                        1032
                    ],
                    [
                        570,
                        1066
                    ],
                    [
                        562,
                        1086
                    ],
                    [
                        546,
                        1105
                    ],
                    [
                        533,
                        1125
                    ],
                    [
                        525,
                        1138
                    ],
                    [
                        520,
                        1150
                    ],
                    [
                        516,
                        1164
                    ],
                    [
                        517,
                        1180
                    ],
                    [
                        514,
                        1187
                    ],
                    [
                        504,
                        1192
                    ],
                    [
                        497,
                        1195
                    ],
                    [
                        491,
                        1199
                    ],
                    [
                        488,
                        1206
                    ],
                    [
                        485,
                        1218
                    ],
                    [
                        476,
                        1220
                    ],
                    [
                        469,
                        1224
                    ],
                    [
                        463,
                        1224
                    ],
                    [
                        450,
                        1223
                    ],
                    [
                        441,
                        1226
                    ],
                    [
                        438,
                        1216
                    ],
                    [
                        425,
                        1217
                    ],
                    [
                        419,
                        1227
                    ],
                    [
                        408,
                        1234
                    ],
                    [
                        396,
                        1228
                    ],
                    [
                        389,
                        1221
                    ],
                    [
                        383,
                        1216
                    ],
                    [
                        383,
                        1205
                    ],
                    [
                        384,
                        1197
                    ],
                    [
                        371,
                        1196
                    ],
                    [
                        363,
                        1203
                    ],
                    [
                        354,
                        1197
                    ],
                    [
                        350,
                        1185
                    ],
                    [
                        351,
                        1161
                    ],
                    [
                        349,
                        1148
                    ],
                    [
                        343,
                        1140
                    ]
                ],
                "interior": []
            }
        },
        {
            "id": 496978353,
            "classId": 1656178,
            "description": "",
            "geometryType": "polygon",
            "labelerLogin": "trkkvsn0619",
            "createdAt": "2020-08-06T00:22:10.660Z",
            "updatedAt": "2020-08-10T15:23:37.236Z",
            "tags": [
                {
                    "id": 97473061,
                    "tagId": 28281840,
                    "name": "Cell_6",
                    "value": null,
                    "labelerLogin": "trkkvsn0619",
                    "createdAt": "2020-08-06T00:33:41.589Z",
                    "updatedAt": "2020-08-06T00:33:41.589Z"
                }
            ],
            "classTitle": "Cells",
            "points": {
                "exterior": [
                    [
                        675,
                        1433
                    ],
                    [
                        649,
                        1427
                    ],
                    [
                        611,
                        1423
                    ],
                    [
                        596,
                        1411
                    ],
                    [
                        590,
                        1396
                    ],
                    [
                        609,
                        1384
                    ],
                    [
                        653,
                        1383
                    ],
                    [
                        681,
                        1391
                    ],
                    [
                        702,
                        1397
                    ],
                    [
                        738,
                        1403
                    ],
                    [
                        779,
                        1411
                    ],
                    [
                        829,
                        1423
                    ],
                    [
                        870,
                        1435
                    ],
                    [
                        916,
                        1445
                    ],
                    [
                        955,
                        1452
                    ],
                    [
                        1026,
                        1472
                    ],
                    [
                        1070,
                        1474
                    ],
                    [
                        1128,
                        1480
                    ],
                    [
                        1183,
                        1485
                    ],
                    [
                        1236,
                        1494
                    ],
                    [
                        1289,
                        1500
                    ],
                    [
                        1346,
                        1505
                    ],
                    [
                        1392,
                        1515
                    ],
                    [
                        1447,
                        1514
                    ],
                    [
                        1526,
                        1515
                    ],
                    [
                        1594,
                        1512
                    ],
                    [
                        1627,
                        1514
                    ],
                    [
                        1672,
                        1514
                    ],
                    [
                        1712,
                        1510
                    ],
                    [
                        1732,
                        1488
                    ],
                    [
                        1741,
                        1473
                    ],
                    [
                        1753,
                        1447
                    ],
                    [
                        1762,
                        1434
                    ],
                    [
                        1780,
                        1431
                    ],
                    [
                        1800,
                        1437
                    ],
                    [
                        1814,
                        1445
                    ],
                    [
                        1834,
                        1453
                    ],
                    [
                        1833,
                        1478
                    ],
                    [
                        1838,
                        1494
                    ],
                    [
                        1836,
                        1517
                    ],
                    [
                        1836,
                        1539
                    ],
                    [
                        1836,
                        1560
                    ],
                    [
                        1850,
                        1581
                    ],
                    [
                        1860,
                        1606
                    ],
                    [
                        1864,
                        1627
                    ],
                    [
                        1863,
                        1650
                    ],
                    [
                        1854,
                        1665
                    ],
                    [
                        1843,
                        1672
                    ],
                    [
                        1831,
                        1683
                    ],
                    [
                        1826,
                        1697
                    ],
                    [
                        1809,
                        1698
                    ],
                    [
                        1797,
                        1696
                    ],
                    [
                        1779,
                        1700
                    ],
                    [
                        1759,
                        1703
                    ],
                    [
                        1743,
                        1711
                    ],
                    [
                        1733,
                        1721
                    ],
                    [
                        1720,
                        1725
                    ],
                    [
                        1683,
                        1720
                    ],
                    [
                        1665,
                        1713
                    ],
                    [
                        1657,
                        1700
                    ],
                    [
                        1662,
                        1679
                    ],
                    [
                        1658,
                        1661
                    ],
                    [
                        1646,
                        1648
                    ],
                    [
                        1608,
                        1632
                    ],
                    [
                        1575,
                        1621
                    ],
                    [
                        1536,
                        1613
                    ],
                    [
                        1504,
                        1599
                    ],
                    [
                        1477,
                        1593
                    ],
                    [
                        1446,
                        1583
                    ],
                    [
                        1406,
                        1570
                    ],
                    [
                        1358,
                        1558
                    ],
                    [
                        1330,
                        1547
                    ],
                    [
                        1309,
                        1541
                    ],
                    [
                        1289,
                        1535
                    ],
                    [
                        1262,
                        1529
                    ],
                    [
                        1221,
                        1520
                    ],
                    [
                        1183,
                        1505
                    ],
                    [
                        1129,
                        1497
                    ],
                    [
                        1072,
                        1490
                    ],
                    [
                        1032,
                        1487
                    ],
                    [
                        987,
                        1476
                    ],
                    [
                        944,
                        1471
                    ],
                    [
                        880,
                        1459
                    ],
                    [
                        835,
                        1451
                    ],
                    [
                        799,
                        1440
                    ],
                    [
                        779,
                        1436
                    ],
                    [
                        744,
                        1442
                    ],
                    [
                        718,
                        1453
                    ],
                    [
                        700,
                        1447
                    ]
                ],
                "interior": []
            }
        },
        {
            "id": 496978465,
            "classId": 1656178,
            "description": "",
            "geometryType": "polygon",
            "labelerLogin": "trkkvsn0619",
            "createdAt": "2020-08-06T00:26:49.595Z",
            "updatedAt": "2020-08-10T15:23:37.236Z",
            "tags": [
                {
                    "id": 97473060,
                    "tagId": 28281839,
                    "name": "Cell_5",
                    "value": null,
                    "labelerLogin": "trkkvsn0619",
                    "createdAt": "2020-08-06T00:33:38.920Z",
                    "updatedAt": "2020-08-06T00:33:38.920Z"
                }
            ],
            "classTitle": "Cells",
            "points": {
                "exterior": [
                    [
                        1582,
                        1494
                    ],
                    [
                        1596,
                        1482
                    ],
                    [
                        1581,
                        1466
                    ],
                    [
                        1561,
                        1451
                    ],
                    [
                        1551,
                        1452
                    ],
                    [
                        1533,
                        1457
                    ],
                    [
                        1521,
                        1469
                    ],
                    [
                        1489,
                        1473
                    ],
                    [
                        1460,
                        1469
                    ],
                    [
                        1435,
                        1466
                    ],
                    [
                        1410,
                        1462
                    ],
                    [
                        1398,
                        1460
                    ],
                    [
                        1374,
                        1456
                    ],
                    [
                        1345,
                        1449
                    ],
                    [
                        1323,
                        1441
                    ],
                    [
                        1301,
                        1437
                    ],
                    [
                        1271,
                        1424
                    ],
                    [
                        1236,
                        1414
                    ],
                    [
                        1216,
                        1413
                    ],
                    [
                        1194,
                        1394
                    ],
                    [
                        1172,
                        1382
                    ],
                    [
                        1159,
                        1372
                    ],
                    [
                        1151,
                        1365
                    ],
                    [
                        1149,
                        1351
                    ],
                    [
                        1153,
                        1344
                    ],
                    [
                        1155,
                        1334
                    ],
                    [
                        1150,
                        1327
                    ],
                    [
                        1147,
                        1319
                    ],
                    [
                        1151,
                        1312
                    ],
                    [
                        1144,
                        1302
                    ],
                    [
                        1136,
                        1292
                    ],
                    [
                        1128,
                        1285
                    ],
                    [
                        1121,
                        1281
                    ],
                    [
                        1113,
                        1270
                    ],
                    [
                        1106,
                        1257
                    ],
                    [
                        1095,
                        1255
                    ],
                    [
                        1087,
                        1261
                    ],
                    [
                        1079,
                        1262
                    ],
                    [
                        1074,
                        1256
                    ],
                    [
                        1061,
                        1259
                    ],
                    [
                        1048,
                        1260
                    ],
                    [
                        1038,
                        1270
                    ],
                    [
                        1025,
                        1271
                    ],
                    [
                        1015,
                        1276
                    ],
                    [
                        1013,
                        1284
                    ],
                    [
                        995,
                        1294
                    ],
                    [
                        987,
                        1301
                    ],
                    [
                        980,
                        1298
                    ],
                    [
                        972,
                        1317
                    ],
                    [
                        954,
                        1321
                    ],
                    [
                        945,
                        1321
                    ],
                    [
                        928,
                        1324
                    ],
                    [
                        918,
                        1330
                    ],
                    [
                        910,
                        1342
                    ],
                    [
                        889,
                        1357
                    ],
                    [
                        867,
                        1364
                    ],
                    [
                        851,
                        1373
                    ],
                    [
                        838,
                        1377
                    ],
                    [
                        819,
                        1377
                    ],
                    [
                        807,
                        1380
                    ],
                    [
                        798,
                        1391
                    ],
                    [
                        783,
                        1405
                    ],
                    [
                        781,
                        1417
                    ],
                    [
                        782,
                        1439
                    ],
                    [
                        762,
                        1445
                    ],
                    [
                        732,
                        1456
                    ],
                    [
                        692,
                        1452
                    ],
                    [
                        657,
                        1445
                    ],
                    [
                        621,
                        1442
                    ],
                    [
                        592,
                        1429
                    ],
                    [
                        568,
                        1422
                    ],
                    [
                        531,
                        1407
                    ],
                    [
                        499,
                        1396
                    ],
                    [
                        485,
                        1391
                    ],
                    [
                        474,
                        1384
                    ],
                    [
                        470,
                        1377
                    ],
                    [
                        462,
                        1373
                    ],
                    [
                        451,
                        1373
                    ],
                    [
                        442,
                        1371
                    ],
                    [
                        438,
                        1366
                    ],
                    [
                        432,
                        1359
                    ],
                    [
                        417,
                        1353
                    ],
                    [
                        401,
                        1352
                    ],
                    [
                        389,
                        1350
                    ],
                    [
                        377,
                        1343
                    ],
                    [
                        364,
                        1335
                    ],
                    [
                        359,
                        1331
                    ],
                    [
                        353,
                        1324
                    ],
                    [
                        347,
                        1318
                    ],
                    [
                        341,
                        1320
                    ],
                    [
                        336,
                        1325
                    ],
                    [
                        333,
                        1319
                    ],
                    [
                        324,
                        1316
                    ],
                    [
                        321,
                        1312
                    ],
                    [
                        317,
                        1308
                    ],
                    [
                        311,
                        1309
                    ],
                    [
                        295,
                        1305
                    ],
                    [
                        288,
                        1308
                    ],
                    [
                        286,
                        1317
                    ],
                    [
                        288,
                        1325
                    ],
                    [
                        297,
                        1333
                    ],
                    [
                        308,
                        1333
                    ],
                    [
                        324,
                        1339
                    ],
                    [
                        333,
                        1344
                    ],
                    [
                        345,
                        1348
                    ],
                    [
                        358,
                        1356
                    ],
                    [
                        365,
                        1355
                    ],
                    [
                        377,
                        1356
                    ],
                    [
                        381,
                        1359
                    ],
                    [
                        383,
                        1369
                    ],
                    [
                        395,
                        1370
                    ],
                    [
                        402,
                        1370
                    ],
                    [
                        416,
                        1371
                    ],
                    [
                        420,
                        1377
                    ],
                    [
                        427,
                        1382
                    ],
                    [
                        435,
                        1386
                    ],
                    [
                        452,
                        1395
                    ],
                    [
                        464,
                        1401
                    ],
                    [
                        482,
                        1408
                    ],
                    [
                        501,
                        1416
                    ],
                    [
                        528,
                        1425
                    ],
                    [
                        547,
                        1431
                    ],
                    [
                        563,
                        1436
                    ],
                    [
                        577,
                        1449
                    ],
                    [
                        587,
                        1463
                    ],
                    [
                        597,
                        1473
                    ],
                    [
                        603,
                        1488
                    ],
                    [
                        604,
                        1500
                    ],
                    [
                        608,
                        1514
                    ],
                    [
                        610,
                        1525
                    ],
                    [
                        625,
                        1528
                    ],
                    [
                        639,
                        1528
                    ],
                    [
                        655,
                        1537
                    ],
                    [
                        666,
                        1549
                    ],
                    [
                        675,
                        1559
                    ],
                    [
                        684,
                        1563
                    ],
                    [
                        688,
                        1568
                    ],
                    [
                        698,
                        1575
                    ],
                    [
                        719,
                        1575
                    ],
                    [
                        729,
                        1577
                    ],
                    [
                        743,
                        1573
                    ],
                    [
                        761,
                        1574
                    ],
                    [
                        786,
                        1574
                    ],
                    [
                        806,
                        1571
                    ],
                    [
                        820,
                        1556
                    ],
                    [
                        834,
                        1543
                    ],
                    [
                        843,
                        1532
                    ],
                    [
                        865,
                        1524
                    ],
                    [
                        885,
                        1525
                    ],
                    [
                        898,
                        1524
                    ],
                    [
                        937,
                        1520
                    ],
                    [
                        969,
                        1522
                    ],
                    [
                        1005,
                        1520
                    ],
                    [
                        1041,
                        1509
                    ],
                    [
                        1072,
                        1506
                    ],
                    [
                        1120,
                        1509
                    ],
                    [
                        1168,
                        1511
                    ],
                    [
                        1191,
                        1519
                    ],
                    [
                        1236,
                        1516
                    ],
                    [
                        1293,
                        1513
                    ],
                    [
                        1347,
                        1509
                    ],
                    [
                        1392,
                        1507
                    ],
                    [
                        1435,
                        1507
                    ],
                    [
                        1470,
                        1504
                    ],
                    [
                        1521,
                        1500
                    ],
                    [
                        1551,
                        1499
                    ]
                ],
                "interior": []
            }
        },
        {
            "id": 496979377,
            "classId": 1656178,
            "description": "",
            "geometryType": "polygon",
            "labelerLogin": "trkkvsn0619",
            "createdAt": "2020-08-06T00:31:21.224Z",
            "updatedAt": "2020-08-10T15:23:37.236Z",
            "tags": [
                {
                    "id": 97550010,
                    "tagId": 28281834,
                    "name": "Cell_2",
                    "value": null,
                    "labelerLogin": "trkkvsn0619",
                    "createdAt": "2020-08-10T15:03:01.034Z",
                    "updatedAt": "2020-08-10T15:03:01.034Z"
                }
            ],
            "classTitle": "Cells",
            "points": {
                "exterior": [
                    [
                        2,
                        806
                    ],
                    [
                        32,
                        767
                    ],
                    [
                        54,
                        745
                    ],
                    [
                        78,
                        729
                    ],
                    [
                        111,
                        692
                    ],
                    [
                        165,
                        650
                    ],
                    [
                        198,
                        627
                    ],
                    [
                        242,
                        607
                    ],
                    [
                        270,
                        601
                    ],
                    [
                        285,
                        591
                    ],
                    [
                        295,
                        563
                    ],
                    [
                        298,
                        550
                    ],
                    [
                        295,
                        538
                    ],
                    [
                        280,
                        540
                    ],
                    [
                        268,
                        544
                    ],
                    [
                        268,
                        530
                    ],
                    [
                        272,
                        514
                    ],
                    [
                        262,
                        508
                    ],
                    [
                        248,
                        513
                    ],
                    [
                        241,
                        521
                    ],
                    [
                        234,
                        522
                    ],
                    [
                        233,
                        516
                    ],
                    [
                        234,
                        508
                    ],
                    [
                        226,
                        502
                    ],
                    [
                        202,
                        512
                    ],
                    [
                        179,
                        528
                    ],
                    [
                        145,
                        558
                    ],
                    [
                        131,
                        583
                    ],
                    [
                        115,
                        613
                    ],
                    [
                        96,
                        631
                    ],
                    [
                        56,
                        664
                    ],
                    [
                        27,
                        680
                    ],
                    [
                        0,
                        698
                    ]
                ],
                "interior": []
            }
        },
        {
            "id": 496979380,
            "classId": 1656178,
            "description": "",
            "geometryType": "polygon",
            "labelerLogin": "trkkvsn0619",
            "createdAt": "2020-08-06T00:31:49.794Z",
            "updatedAt": "2020-08-10T15:23:37.236Z",
            "tags": [
                {
                    "id": 97473064,
                    "tagId": 28281835,
                    "name": "Cell_3",
                    "value": null,
                    "labelerLogin": "trkkvsn0619",
                    "createdAt": "2020-08-06T00:33:56.358Z",
                    "updatedAt": "2020-08-06T00:33:56.358Z"
                }
            ],
            "classTitle": "Cells",
            "points": {
                "exterior": [
                    [
                        1,
                        692
                    ],
                    [
                        26,
                        679
                    ],
                    [
                        55,
                        660
                    ],
                    [
                        92,
                        633
                    ],
                    [
                        113,
                        610
                    ],
                    [
                        134,
                        572
                    ],
                    [
                        155,
                        541
                    ],
                    [
                        177,
                        531
                    ],
                    [
                        210,
                        514
                    ],
                    [
                        237,
                        504
                    ],
                    [
                        255,
                        490
                    ],
                    [
                        262,
                        463
                    ],
                    [
                        266,
                        439
                    ],
                    [
                        266,
                        420
                    ],
                    [
                        251,
                        406
                    ],
                    [
                        239,
                        390
                    ],
                    [
                        224,
                        370
                    ],
                    [
                        188,
                        386
                    ],
                    [
                        163,
                        405
                    ],
                    [
                        138,
                        420
                    ],
                    [
                        124,
                        414
                    ],
                    [
                        112,
                        400
                    ],
                    [
                        101,
                        385
                    ],
                    [
                        92,
                        369
                    ],
                    [
                        86,
                        350
                    ],
                    [
                        96,
                        335
                    ],
                    [
                        124,
                        313
                    ],
                    [
                        143,
                        306
                    ],
                    [
                        167,
                        292
                    ],
                    [
                        167,
                        277
                    ],
                    [
                        170,
                        263
                    ],
                    [
                        176,
                        245
                    ],
                    [
                        159,
                        234
                    ],
                    [
                        151,
                        227
                    ],
                    [
                        145,
                        217
                    ],
                    [
                        133,
                        214
                    ],
                    [
                        116,
                        220
                    ],
                    [
                        88,
                        224
                    ],
                    [
                        78,
                        230
                    ],
                    [
                        71,
                        239
                    ],
                    [
                        59,
                        242
                    ],
                    [
                        51,
                        240
                    ],
                    [
                        45,
                        227
                    ],
                    [
                        41,
                        214
                    ],
                    [
                        22,
                        203
                    ],
                    [
                        1,
                        194
                    ]
                ],
                "interior": []
            }
        },
        {
            "id": 498970878,
            "classId": 1656178,
            "description": "",
            "geometryType": "polygon",
            "labelerLogin": "trkkvsn0619",
            "createdAt": "2020-08-10T15:05:32.699Z",
            "updatedAt": "2020-08-10T15:23:37.236Z",
            "tags": [
                {
                    "id": 97550049,
                    "tagId": 28298752,
                    "name": "Cell_7A",
                    "value": null,
                    "labelerLogin": "trkkvsn0619",
                    "createdAt": "2020-08-10T15:06:19.869Z",
                    "updatedAt": "2020-08-10T15:06:19.869Z"
                }
            ],
            "classTitle": "Cells",
            "points": {
                "exterior": [
                    [
                        1631,
                        540
                    ],
                    [
                        1618,
                        535
                    ],
                    [
                        1603,
                        527
                    ],
                    [
                        1596,
                        514
                    ],
                    [
                        1591,
                        499
                    ],
                    [
                        1596,
                        480
                    ],
                    [
                        1602,
                        470
                    ],
                    [
                        1608,
                        457
                    ],
                    [
                        1620,
                        449
                    ],
                    [
                        1635,
                        442
                    ],
                    [
                        1652,
                        437
                    ],
                    [
                        1671,
                        436
                    ],
                    [
                        1690,
                        439
                    ],
                    [
                        1703,
                        443
                    ],
                    [
                        1713,
                        449
                    ],
                    [
                        1724,
                        465
                    ],
                    [
                        1729,
                        474
                    ],
                    [
                        1731,
                        489
                    ],
                    [
                        1732,
                        501
                    ],
                    [
                        1731,
                        518
                    ],
                    [
                        1723,
                        530
                    ],
                    [
                        1709,
                        540
                    ],
                    [
                        1690,
                        546
                    ],
                    [
                        1675,
                        549
                    ],
                    [
                        1656,
                        548
                    ],
                    [
                        1646,
                        545
                    ]
                ],
                "interior": []
            }
        },
        {
            "id": 498970920,
            "classId": 1656178,
            "description": "",
            "geometryType": "polygon",
            "labelerLogin": "trkkvsn0619",
            "createdAt": "2020-08-10T15:06:26.998Z",
            "updatedAt": "2020-08-10T15:23:37.236Z",
            "tags": [
                {
                    "id": 97550051,
                    "tagId": 28298753,
                    "name": "Cell_7B",
                    "value": null,
                    "labelerLogin": "trkkvsn0619",
                    "createdAt": "2020-08-10T15:07:05.457Z",
                    "updatedAt": "2020-08-10T15:07:05.457Z"
                }
            ],
            "classTitle": "Cells",
            "points": {
                "exterior": [
                    [
                        1577,
                        608
                    ],
                    [
                        1580,
                        591
                    ],
                    [
                        1590,
                        577
                    ],
                    [
                        1600,
                        565
                    ],
                    [
                        1612,
                        555
                    ],
                    [
                        1621,
                        546
                    ],
                    [
                        1638,
                        543
                    ],
                    [
                        1651,
                        542
                    ],
                    [
                        1658,
                        541
                    ],
                    [
                        1671,
                        544
                    ],
                    [
                        1687,
                        547
                    ],
                    [
                        1700,
                        557
                    ],
                    [
                        1708,
                        571
                    ],
                    [
                        1712,
                        581
                    ],
                    [
                        1716,
                        598
                    ],
                    [
                        1713,
                        615
                    ],
                    [
                        1705,
                        635
                    ],
                    [
                        1697,
                        648
                    ],
                    [
                        1685,
                        658
                    ],
                    [
                        1668,
                        664
                    ],
                    [
                        1657,
                        667
                    ],
                    [
                        1633,
                        668
                    ],
                    [
                        1614,
                        666
                    ],
                    [
                        1600,
                        656
                    ],
                    [
                        1589,
                        648
                    ],
                    [
                        1582,
                        638
                    ],
                    [
                        1579,
                        628
                    ],
                    [
                        1577,
                        618
                    ]
                ],
                "interior": []
            }
        },
        {
            "id": 498971439,
            "classId": 1656178,
            "description": "",
            "geometryType": "polygon",
            "labelerLogin": "trkkvsn0619",
            "createdAt": "2020-08-10T15:17:59.783Z",
            "updatedAt": "2020-08-10T16:01:50.386Z",
            "tags": [
                {
                    "id": 97550077,
                    "tagId": 28281843,
                    "name": "Cell_9",
                    "value": null,
                    "labelerLogin": "trkkvsn0619",
                    "createdAt": "2020-08-10T15:18:59.566Z",
                    "updatedAt": "2020-08-10T15:18:59.566Z"
                }
            ],
            "classTitle": "Cells",
            "points": {
                "exterior": [
                    [
                        2556,
                        1098
                    ],
                    [
                        2520,
                        1160
                    ],
                    [
                        2505,
                        1191
                    ],
                    [
                        2497,
                        1210
                    ],
                    [
                        2488,
                        1233
                    ],
                    [
                        2470,
                        1269
                    ],
                    [
                        2459,
                        1281
                    ],
                    [
                        2453,
                        1291
                    ],
                    [
                        2446,
                        1291
                    ],
                    [
                        2434,
                        1304
                    ],
                    [
                        2426,
                        1314
                    ],
                    [
                        2407,
                        1326
                    ],
                    [
                        2386,
                        1333
                    ],
                    [
                        2377,
                        1339
                    ],
                    [
                        2381,
                        1350
                    ],
                    [
                        2392,
                        1356
                    ],
                    [
                        2400,
                        1356
                    ],
                    [
                        2420,
                        1367
                    ],
                    [
                        2426,
                        1378
                    ],
                    [
                        2434,
                        1385
                    ],
                    [
                        2439,
                        1398
                    ],
                    [
                        2435,
                        1408
                    ],
                    [
                        2438,
                        1422
                    ],
                    [
                        2450,
                        1419
                    ],
                    [
                        2454,
                        1399
                    ],
                    [
                        2444,
                        1389
                    ],
                    [
                        2457,
                        1378
                    ],
                    [
                        2461,
                        1374
                    ],
                    [
                        2458,
                        1360
                    ],
                    [
                        2454,
                        1340
                    ],
                    [
                        2450,
                        1323
                    ],
                    [
                        2458,
                        1308
                    ],
                    [
                        2468,
                        1301
                    ],
                    [
                        2488,
                        1294
                    ],
                    [
                        2495,
                        1285
                    ],
                    [
                        2493,
                        1264
                    ],
                    [
                        2500,
                        1243
                    ],
                    [
                        2506,
                        1223
                    ],
                    [
                        2514,
                        1209
                    ],
                    [
                        2523,
                        1186
                    ],
                    [
                        2532,
                        1162
                    ],
                    [
                        2550,
                        1123
                    ],
                    [
                        2560,
                        1104
                    ]
                ],
                "interior": []
            }
        },
        {
            "id": 498971726,
            "classId": 1656178,
            "description": "",
            "geometryType": "polygon",
            "labelerLogin": "trkkvsn0619",
            "createdAt": "2020-08-10T15:23:36.553Z",
            "updatedAt": "2020-08-10T15:24:26.466Z",
            "tags": [
                {
                    "id": 97550088,
                    "tagId": 28298784,
                    "name": "Cell_11",
                    "value": null,
                    "labelerLogin": "trkkvsn0619",
                    "createdAt": "2020-08-10T15:24:33.258Z",
                    "updatedAt": "2020-08-10T15:24:33.258Z"
                }
            ],
            "classTitle": "Cells",
            "points": {
                "exterior": [
                    [
                        3,
                        1657
                    ],
                    [
                        14,
                        1654
                    ],
                    [
                        28,
                        1651
                    ],
                    [
                        35,
                        1664
                    ],
                    [
                        37,
                        1679
                    ],
                    [
                        41,
                        1695
                    ],
                    [
                        50,
                        1702
                    ],
                    [
                        71,
                        1705
                    ],
                    [
                        76,
                        1714
                    ],
                    [
                        64,
                        1723
                    ],
                    [
                        58,
                        1730
                    ],
                    [
                        54,
                        1743
                    ],
                    [
                        57,
                        1753
                    ],
                    [
                        66,
                        1769
                    ],
                    [
                        74,
                        1778
                    ],
                    [
                        79,
                        1791
                    ],
                    [
                        83,
                        1795
                    ],
                    [
                        79,
                        1810
                    ],
                    [
                        65,
                        1823
                    ],
                    [
                        70,
                        1848
                    ],
                    [
                        94,
                        1868
                    ],
                    [
                        108,
                        1886
                    ],
                    [
                        126,
                        1903
                    ],
                    [
                        134,
                        1912
                    ],
                    [
                        0,
                        1912
                    ],
                    [
                        0,
                        1658
                    ]
                ],
                "interior": []
            }
        }
    ]
}