{
    "description": "",
    "tags": [
        {
            "id": 85792134,
            "tagId": 28285212,
            "name": "Frame",
            "value": 13,
            "labelerLogin": "trkkvsn0619",
            "createdAt": "2020-08-09T19:06:53.961Z",
            "updatedAt": "2020-08-09T19:06:53.961Z"
        }
    ],
    "size": {
        "height": 1912,
        "width": 2568
    },
    "objects": [
        {
            "id": 495494494,
            "classId": 1656178,
            "description": "",
            "geometryType": "polygon",
            "labelerLogin": "trkkvsn0619",
            "createdAt": "2020-08-02T14:14:25.719Z",
            "updatedAt": "2020-08-10T14:08:06.458Z",
            "tags": [
                {
                    "id": 97336231,
                    "tagId": 28281842,
                    "name": "Cell_8",
                    "value": null,
                    "labelerLogin": "trkkvsn0619",
                    "createdAt": "2020-08-02T21:32:10.834Z",
                    "updatedAt": "2020-08-02T21:32:10.834Z"
                }
            ],
            "classTitle": "Cells",
            "points": {
                "exterior": [
                    [
                        1518,
                        120
                    ],
                    [
                        1526,
                        102
                    ],
                    [
                        1524,
                        88
                    ],
                    [
                        1535,
                        78
                    ],
                    [
                        1547,
                        73
                    ],
                    [
                        1555,
                        85
                    ],
                    [
                        1561,
                        99
                    ],
                    [
                        1576,
                        89
                    ],
                    [
                        1596,
                        75
                    ],
                    [
                        1608,
                        60
                    ],
                    [
                        1606,
                        45
                    ],
                    [
                        1618,
                        34
                    ],
                    [
                        1635,
                        35
                    ],
                    [
                        1643,
                        41
                    ],
                    [
                        1652,
                        51
                    ],
                    [
                        1662,
                        47
                    ],
                    [
                        1666,
                        32
                    ],
                    [
                        1672,
                        24
                    ],
                    [
                        1678,
                        15
                    ],
                    [
                        1689,
                        22
                    ],
                    [
                        1697,
                        34
                    ],
                    [
                        1706,
                        47
                    ],
                    [
                        1720,
                        57
                    ],
                    [
                        1732,
                        59
                    ],
                    [
                        1743,
                        73
                    ],
                    [
                        1755,
                        89
                    ],
                    [
                        1776,
                        94
                    ],
                    [
                        1780,
                        112
                    ],
                    [
                        1788,
                        114
                    ],
                    [
                        1793,
                        119
                    ],
                    [
                        1792,
                        125
                    ],
                    [
                        1788,
                        131
                    ],
                    [
                        1795,
                        135
                    ],
                    [
                        1799,
                        141
                    ],
                    [
                        1798,
                        149
                    ],
                    [
                        1791,
                        158
                    ],
                    [
                        1793,
                        168
                    ],
                    [
                        1792,
                        179
                    ],
                    [
                        1792,
                        191
                    ],
                    [
                        1787,
                        203
                    ],
                    [
                        1784,
                        211
                    ],
                    [
                        1772,
                        207
                    ],
                    [
                        1763,
                        208
                    ],
                    [
                        1755,
                        217
                    ],
                    [
                        1756,
                        231
                    ],
                    [
                        1749,
                        244
                    ],
                    [
                        1741,
                        257
                    ],
                    [
                        1733,
                        271
                    ],
                    [
                        1726,
                        281
                    ],
                    [
                        1721,
                        292
                    ],
                    [
                        1710,
                        297
                    ],
                    [
                        1700,
                        296
                    ],
                    [
                        1690,
                        291
                    ],
                    [
                        1674,
                        293
                    ],
                    [
                        1660,
                        302
                    ],
                    [
                        1650,
                        310
                    ],
                    [
                        1637,
                        318
                    ],
                    [
                        1629,
                        323
                    ],
                    [
                        1614,
                        322
                    ],
                    [
                        1604,
                        315
                    ],
                    [
                        1605,
                        307
                    ],
                    [
                        1603,
                        295
                    ],
                    [
                        1593,
                        294
                    ],
                    [
                        1589,
                        306
                    ],
                    [
                        1574,
                        315
                    ],
                    [
                        1561,
                        316
                    ],
                    [
                        1548,
                        312
                    ],
                    [
                        1542,
                        298
                    ],
                    [
                        1537,
                        291
                    ],
                    [
                        1530,
                        281
                    ],
                    [
                        1517,
                        282
                    ],
                    [
                        1508,
                        262
                    ],
                    [
                        1513,
                        244
                    ],
                    [
                        1529,
                        230
                    ],
                    [
                        1545,
                        219
                    ],
                    [
                        1544,
                        205
                    ],
                    [
                        1530,
                        201
                    ],
                    [
                        1519,
                        192
                    ],
                    [
                        1510,
                        180
                    ],
                    [
                        1503,
                        168
                    ],
                    [
                        1507,
                        156
                    ],
                    [
                        1518,
                        145
                    ],
                    [
                        1516,
                        135
                    ],
                    [
                        1519,
                        128
                    ]
                ],
                "interior": []
            }
        },
        {
            "id": 495494504,
            "classId": 1656178,
            "description": "",
            "geometryType": "polygon",
            "labelerLogin": "trkkvsn0619",
            "createdAt": "2020-08-02T14:15:59.744Z",
            "updatedAt": "2020-08-05T15:59:44.316Z",
            "tags": [
                {
                    "id": 97300578,
                    "tagId": 28281834,
                    "name": "Cell_2",
                    "value": null,
                    "labelerLogin": "trkkvsn0619",
                    "createdAt": "2020-08-02T14:16:47.583Z",
                    "updatedAt": "2020-08-02T14:16:47.583Z"
                }
            ],
            "classTitle": "Cells",
            "points": {
                "exterior": [
                    [
                        492,
                        800
                    ],
                    [
                        484,
                        781
                    ],
                    [
                        471,
                        768
                    ],
                    [
                        460,
                        757
                    ],
                    [
                        459,
                        748
                    ],
                    [
                        460,
                        738
                    ],
                    [
                        464,
                        725
                    ],
                    [
                        471,
                        710
                    ],
                    [
                        467,
                        698
                    ],
                    [
                        479,
                        688
                    ],
                    [
                        483,
                        680
                    ],
                    [
                        483,
                        673
                    ],
                    [
                        482,
                        666
                    ],
                    [
                        490,
                        664
                    ],
                    [
                        494,
                        648
                    ],
                    [
                        508,
                        643
                    ],
                    [
                        526,
                        640
                    ],
                    [
                        539,
                        639
                    ],
                    [
                        550,
                        641
                    ],
                    [
                        558,
                        647
                    ],
                    [
                        571,
                        648
                    ],
                    [
                        587,
                        645
                    ],
                    [
                        602,
                        650
                    ],
                    [
                        614,
                        653
                    ],
                    [
                        629,
                        651
                    ],
                    [
                        643,
                        655
                    ],
                    [
                        652,
                        659
                    ],
                    [
                        661,
                        663
                    ],
                    [
                        672,
                        663
                    ],
                    [
                        685,
                        663
                    ],
                    [
                        686,
                        670
                    ],
                    [
                        682,
                        679
                    ],
                    [
                        687,
                        692
                    ],
                    [
                        685,
                        702
                    ],
                    [
                        685,
                        713
                    ],
                    [
                        693,
                        721
                    ],
                    [
                        700,
                        736
                    ],
                    [
                        707,
                        746
                    ],
                    [
                        709,
                        759
                    ],
                    [
                        702,
                        768
                    ],
                    [
                        689,
                        781
                    ],
                    [
                        681,
                        800
                    ],
                    [
                        675,
                        820
                    ],
                    [
                        665,
                        835
                    ],
                    [
                        654,
                        846
                    ],
                    [
                        636,
                        857
                    ],
                    [
                        618,
                        862
                    ],
                    [
                        602,
                        867
                    ],
                    [
                        601,
                        879
                    ],
                    [
                        599,
                        886
                    ],
                    [
                        588,
                        899
                    ],
                    [
                        575,
                        904
                    ],
                    [
                        569,
                        895
                    ],
                    [
                        563,
                        895
                    ],
                    [
                        556,
                        900
                    ],
                    [
                        551,
                        897
                    ],
                    [
                        541,
                        888
                    ],
                    [
                        528,
                        883
                    ],
                    [
                        517,
                        877
                    ],
                    [
                        520,
                        868
                    ],
                    [
                        521,
                        854
                    ],
                    [
                        524,
                        842
                    ],
                    [
                        514,
                        836
                    ],
                    [
                        503,
                        829
                    ],
                    [
                        500,
                        815
                    ]
                ],
                "interior": []
            }
        },
        {
            "id": 495494521,
            "classId": 1656178,
            "description": "",
            "geometryType": "polygon",
            "labelerLogin": "trkkvsn0619",
            "createdAt": "2020-08-02T14:18:29.041Z",
            "updatedAt": "2020-08-05T15:56:42.177Z",
            "tags": [
                {
                    "id": 97384422,
                    "tagId": 28281841,
                    "name": "Cell_7",
                    "value": null,
                    "labelerLogin": "trkkvsn0619",
                    "createdAt": "2020-08-05T15:19:53.576Z",
                    "updatedAt": "2020-08-05T15:19:53.576Z"
                }
            ],
            "classTitle": "Cells",
            "points": {
                "exterior": [
                    [
                        1597,
                        737
                    ],
                    [
                        1577,
                        712
                    ],
                    [
                        1570,
                        691
                    ],
                    [
                        1566,
                        670
                    ],
                    [
                        1550,
                        659
                    ],
                    [
                        1538,
                        646
                    ],
                    [
                        1539,
                        627
                    ],
                    [
                        1547,
                        623
                    ],
                    [
                        1554,
                        620
                    ],
                    [
                        1555,
                        610
                    ],
                    [
                        1549,
                        596
                    ],
                    [
                        1555,
                        587
                    ],
                    [
                        1566,
                        578
                    ],
                    [
                        1562,
                        573
                    ],
                    [
                        1567,
                        570
                    ],
                    [
                        1575,
                        569
                    ],
                    [
                        1583,
                        569
                    ],
                    [
                        1592,
                        573
                    ],
                    [
                        1603,
                        579
                    ],
                    [
                        1612,
                        575
                    ],
                    [
                        1618,
                        565
                    ],
                    [
                        1625,
                        554
                    ],
                    [
                        1636,
                        549
                    ],
                    [
                        1644,
                        550
                    ],
                    [
                        1652,
                        542
                    ],
                    [
                        1657,
                        538
                    ],
                    [
                        1665,
                        536
                    ],
                    [
                        1677,
                        538
                    ],
                    [
                        1683,
                        549
                    ],
                    [
                        1694,
                        557
                    ],
                    [
                        1707,
                        555
                    ],
                    [
                        1714,
                        548
                    ],
                    [
                        1723,
                        544
                    ],
                    [
                        1729,
                        551
                    ],
                    [
                        1732,
                        559
                    ],
                    [
                        1729,
                        567
                    ],
                    [
                        1738,
                        575
                    ],
                    [
                        1749,
                        581
                    ],
                    [
                        1748,
                        587
                    ],
                    [
                        1738,
                        589
                    ],
                    [
                        1744,
                        604
                    ],
                    [
                        1743,
                        623
                    ],
                    [
                        1738,
                        633
                    ],
                    [
                        1737,
                        651
                    ],
                    [
                        1737,
                        676
                    ],
                    [
                        1734,
                        694
                    ],
                    [
                        1733,
                        706
                    ],
                    [
                        1736,
                        724
                    ],
                    [
                        1743,
                        728
                    ],
                    [
                        1751,
                        733
                    ],
                    [
                        1757,
                        740
                    ],
                    [
                        1753,
                        752
                    ],
                    [
                        1749,
                        762
                    ],
                    [
                        1754,
                        766
                    ],
                    [
                        1756,
                        772
                    ],
                    [
                        1753,
                        777
                    ],
                    [
                        1746,
                        780
                    ],
                    [
                        1738,
                        779
                    ],
                    [
                        1738,
                        785
                    ],
                    [
                        1732,
                        790
                    ],
                    [
                        1724,
                        798
                    ],
                    [
                        1716,
                        800
                    ],
                    [
                        1712,
                        792
                    ],
                    [
                        1707,
                        789
                    ],
                    [
                        1700,
                        787
                    ],
                    [
                        1698,
                        791
                    ],
                    [
                        1695,
                        794
                    ],
                    [
                        1689,
                        800
                    ],
                    [
                        1682,
                        804
                    ],
                    [
                        1678,
                        817
                    ],
                    [
                        1671,
                        830
                    ],
                    [
                        1664,
                        813
                    ],
                    [
                        1664,
                        787
                    ],
                    [
                        1664,
                        782
                    ],
                    [
                        1659,
                        778
                    ],
                    [
                        1646,
                        781
                    ],
                    [
                        1637,
                        784
                    ],
                    [
                        1631,
                        787
                    ],
                    [
                        1630,
                        805
                    ],
                    [
                        1630,
                        817
                    ],
                    [
                        1629,
                        823
                    ],
                    [
                        1626,
                        829
                    ],
                    [
                        1615,
                        813
                    ],
                    [
                        1610,
                        808
                    ],
                    [
                        1609,
                        801
                    ],
                    [
                        1605,
                        793
                    ],
                    [
                        1609,
                        787
                    ],
                    [
                        1612,
                        782
                    ],
                    [
                        1614,
                        774
                    ],
                    [
                        1608,
                        772
                    ],
                    [
                        1605,
                        767
                    ],
                    [
                        1608,
                        761
                    ],
                    [
                        1612,
                        757
                    ],
                    [
                        1616,
                        753
                    ],
                    [
                        1612,
                        749
                    ],
                    [
                        1605,
                        743
                    ]
                ],
                "interior": []
            }
        },
        {
            "id": 495494538,
            "classId": 1656178,
            "description": "",
            "geometryType": "polygon",
            "labelerLogin": "trkkvsn0619",
            "createdAt": "2020-08-02T14:20:06.271Z",
            "updatedAt": "2020-08-05T15:57:30.888Z",
            "tags": [
                {
                    "id": 97300587,
                    "tagId": 28281839,
                    "name": "Cell_5",
                    "value": null,
                    "labelerLogin": "trkkvsn0619",
                    "createdAt": "2020-08-02T14:22:16.644Z",
                    "updatedAt": "2020-08-02T14:22:16.644Z"
                }
            ],
            "classTitle": "Cells",
            "points": {
                "exterior": [
                    [
                        650,
                        1578
                    ],
                    [
                        651,
                        1567
                    ],
                    [
                        656,
                        1557
                    ],
                    [
                        660,
                        1550
                    ],
                    [
                        665,
                        1547
                    ],
                    [
                        670,
                        1537
                    ],
                    [
                        675,
                        1526
                    ],
                    [
                        679,
                        1513
                    ],
                    [
                        689,
                        1505
                    ],
                    [
                        696,
                        1496
                    ],
                    [
                        705,
                        1494
                    ],
                    [
                        714,
                        1480
                    ],
                    [
                        718,
                        1463
                    ],
                    [
                        724,
                        1443
                    ],
                    [
                        729,
                        1424
                    ],
                    [
                        732,
                        1402
                    ],
                    [
                        746,
                        1392
                    ],
                    [
                        757,
                        1394
                    ],
                    [
                        770,
                        1393
                    ],
                    [
                        783,
                        1395
                    ],
                    [
                        803,
                        1387
                    ],
                    [
                        830,
                        1375
                    ],
                    [
                        844,
                        1367
                    ],
                    [
                        854,
                        1362
                    ],
                    [
                        862,
                        1364
                    ],
                    [
                        863,
                        1373
                    ],
                    [
                        869,
                        1374
                    ],
                    [
                        879,
                        1371
                    ],
                    [
                        885,
                        1377
                    ],
                    [
                        891,
                        1385
                    ],
                    [
                        892,
                        1398
                    ],
                    [
                        900,
                        1407
                    ],
                    [
                        913,
                        1412
                    ],
                    [
                        922,
                        1422
                    ],
                    [
                        927,
                        1433
                    ],
                    [
                        934,
                        1427
                    ],
                    [
                        944,
                        1424
                    ],
                    [
                        952,
                        1430
                    ],
                    [
                        961,
                        1437
                    ],
                    [
                        970,
                        1450
                    ],
                    [
                        972,
                        1467
                    ],
                    [
                        986,
                        1474
                    ],
                    [
                        996,
                        1476
                    ],
                    [
                        1001,
                        1487
                    ],
                    [
                        1001,
                        1502
                    ],
                    [
                        1009,
                        1503
                    ],
                    [
                        1017,
                        1506
                    ],
                    [
                        1013,
                        1515
                    ],
                    [
                        1004,
                        1524
                    ],
                    [
                        1010,
                        1531
                    ],
                    [
                        1020,
                        1536
                    ],
                    [
                        1031,
                        1543
                    ],
                    [
                        1031,
                        1553
                    ],
                    [
                        1026,
                        1564
                    ],
                    [
                        1014,
                        1565
                    ],
                    [
                        1001,
                        1563
                    ],
                    [
                        994,
                        1574
                    ],
                    [
                        998,
                        1586
                    ],
                    [
                        1009,
                        1598
                    ],
                    [
                        1018,
                        1611
                    ],
                    [
                        1012,
                        1629
                    ],
                    [
                        997,
                        1644
                    ],
                    [
                        977,
                        1656
                    ],
                    [
                        957,
                        1661
                    ],
                    [
                        942,
                        1674
                    ],
                    [
                        927,
                        1685
                    ],
                    [
                        911,
                        1686
                    ],
                    [
                        892,
                        1692
                    ],
                    [
                        872,
                        1696
                    ],
                    [
                        864,
                        1690
                    ],
                    [
                        855,
                        1683
                    ],
                    [
                        842,
                        1692
                    ],
                    [
                        829,
                        1699
                    ],
                    [
                        817,
                        1690
                    ],
                    [
                        811,
                        1680
                    ],
                    [
                        807,
                        1672
                    ],
                    [
                        794,
                        1666
                    ],
                    [
                        786,
                        1664
                    ],
                    [
                        775,
                        1657
                    ],
                    [
                        768,
                        1654
                    ],
                    [
                        760,
                        1653
                    ],
                    [
                        747,
                        1658
                    ],
                    [
                        731,
                        1658
                    ],
                    [
                        720,
                        1654
                    ],
                    [
                        708,
                        1645
                    ],
                    [
                        701,
                        1639
                    ],
                    [
                        691,
                        1630
                    ],
                    [
                        683,
                        1625
                    ],
                    [
                        671,
                        1619
                    ],
                    [
                        664,
                        1610
                    ],
                    [
                        662,
                        1603
                    ],
                    [
                        659,
                        1594
                    ],
                    [
                        654,
                        1591
                    ],
                    [
                        650,
                        1586
                    ]
                ],
                "interior": []
            }
        },
        {
            "id": 495494556,
            "classId": 1656178,
            "description": "",
            "geometryType": "polygon",
            "labelerLogin": "trkkvsn0619",
            "createdAt": "2020-08-02T14:22:32.466Z",
            "updatedAt": "2020-08-05T15:48:53.166Z",
            "tags": [
                {
                    "id": 97300588,
                    "tagId": 28281840,
                    "name": "Cell_6",
                    "value": null,
                    "labelerLogin": "trkkvsn0619",
                    "createdAt": "2020-08-02T14:24:24.940Z",
                    "updatedAt": "2020-08-02T14:24:24.940Z"
                }
            ],
            "classTitle": "Cells",
            "points": {
                "exterior": [
                    [
                        1511,
                        1572
                    ],
                    [
                        1514,
                        1563
                    ],
                    [
                        1512,
                        1554
                    ],
                    [
                        1512,
                        1543
                    ],
                    [
                        1514,
                        1532
                    ],
                    [
                        1518,
                        1523
                    ],
                    [
                        1524,
                        1513
                    ],
                    [
                        1536,
                        1505
                    ],
                    [
                        1550,
                        1503
                    ],
                    [
                        1559,
                        1507
                    ],
                    [
                        1569,
                        1511
                    ],
                    [
                        1582,
                        1507
                    ],
                    [
                        1596,
                        1500
                    ],
                    [
                        1598,
                        1491
                    ],
                    [
                        1605,
                        1486
                    ],
                    [
                        1613,
                        1490
                    ],
                    [
                        1617,
                        1483
                    ],
                    [
                        1624,
                        1474
                    ],
                    [
                        1633,
                        1471
                    ],
                    [
                        1640,
                        1474
                    ],
                    [
                        1652,
                        1473
                    ],
                    [
                        1665,
                        1477
                    ],
                    [
                        1672,
                        1484
                    ],
                    [
                        1671,
                        1495
                    ],
                    [
                        1670,
                        1505
                    ],
                    [
                        1680,
                        1512
                    ],
                    [
                        1691,
                        1521
                    ],
                    [
                        1700,
                        1520
                    ],
                    [
                        1708,
                        1513
                    ],
                    [
                        1718,
                        1509
                    ],
                    [
                        1728,
                        1511
                    ],
                    [
                        1734,
                        1515
                    ],
                    [
                        1737,
                        1521
                    ],
                    [
                        1741,
                        1525
                    ],
                    [
                        1746,
                        1530
                    ],
                    [
                        1746,
                        1542
                    ],
                    [
                        1743,
                        1550
                    ],
                    [
                        1736,
                        1554
                    ],
                    [
                        1730,
                        1554
                    ],
                    [
                        1722,
                        1555
                    ],
                    [
                        1717,
                        1558
                    ],
                    [
                        1717,
                        1565
                    ],
                    [
                        1723,
                        1569
                    ],
                    [
                        1721,
                        1578
                    ],
                    [
                        1716,
                        1582
                    ],
                    [
                        1720,
                        1591
                    ],
                    [
                        1718,
                        1597
                    ],
                    [
                        1712,
                        1602
                    ],
                    [
                        1703,
                        1613
                    ],
                    [
                        1695,
                        1623
                    ],
                    [
                        1690,
                        1631
                    ],
                    [
                        1684,
                        1643
                    ],
                    [
                        1677,
                        1651
                    ],
                    [
                        1668,
                        1657
                    ],
                    [
                        1654,
                        1662
                    ],
                    [
                        1642,
                        1666
                    ],
                    [
                        1627,
                        1666
                    ],
                    [
                        1612,
                        1664
                    ],
                    [
                        1598,
                        1662
                    ],
                    [
                        1586,
                        1660
                    ],
                    [
                        1571,
                        1653
                    ],
                    [
                        1563,
                        1647
                    ],
                    [
                        1553,
                        1638
                    ],
                    [
                        1544,
                        1633
                    ],
                    [
                        1536,
                        1626
                    ],
                    [
                        1528,
                        1617
                    ],
                    [
                        1522,
                        1606
                    ],
                    [
                        1520,
                        1615
                    ],
                    [
                        1513,
                        1609
                    ],
                    [
                        1513,
                        1600
                    ],
                    [
                        1512,
                        1595
                    ],
                    [
                        1511,
                        1588
                    ],
                    [
                        1511,
                        1580
                    ]
                ],
                "interior": []
            }
        },
        {
            "id": 495494571,
            "classId": 1656178,
            "description": "",
            "geometryType": "polygon",
            "labelerLogin": "trkkvsn0619",
            "createdAt": "2020-08-02T14:25:09.200Z",
            "updatedAt": "2020-08-10T14:06:51.067Z",
            "tags": [
                {
                    "id": 97300589,
                    "tagId": 28281835,
                    "name": "Cell_3",
                    "value": null,
                    "labelerLogin": "trkkvsn0619",
                    "createdAt": "2020-08-02T14:26:18.502Z",
                    "updatedAt": "2020-08-02T14:26:18.502Z"
                }
            ],
            "classTitle": "Cells",
            "points": {
                "exterior": [
                    [
                        0,
                        418
                    ],
                    [
                        24,
                        410
                    ],
                    [
                        45,
                        402
                    ],
                    [
                        67,
                        397
                    ],
                    [
                        89,
                        393
                    ],
                    [
                        98,
                        408
                    ],
                    [
                        114,
                        426
                    ],
                    [
                        127,
                        430
                    ],
                    [
                        142,
                        419
                    ],
                    [
                        152,
                        430
                    ],
                    [
                        141,
                        445
                    ],
                    [
                        146,
                        459
                    ],
                    [
                        155,
                        464
                    ],
                    [
                        164,
                        461
                    ],
                    [
                        171,
                        471
                    ],
                    [
                        167,
                        485
                    ],
                    [
                        165,
                        497
                    ],
                    [
                        170,
                        513
                    ],
                    [
                        176,
                        525
                    ],
                    [
                        186,
                        531
                    ],
                    [
                        196,
                        536
                    ],
                    [
                        200,
                        541
                    ],
                    [
                        189,
                        549
                    ],
                    [
                        180,
                        562
                    ],
                    [
                        177,
                        576
                    ],
                    [
                        177,
                        589
                    ],
                    [
                        175,
                        603
                    ],
                    [
                        167,
                        615
                    ],
                    [
                        158,
                        623
                    ],
                    [
                        151,
                        630
                    ],
                    [
                        145,
                        641
                    ],
                    [
                        144,
                        650
                    ],
                    [
                        148,
                        658
                    ],
                    [
                        154,
                        663
                    ],
                    [
                        166,
                        669
                    ],
                    [
                        162,
                        681
                    ],
                    [
                        152,
                        684
                    ],
                    [
                        138,
                        675
                    ],
                    [
                        127,
                        671
                    ],
                    [
                        117,
                        664
                    ],
                    [
                        111,
                        659
                    ],
                    [
                        105,
                        651
                    ],
                    [
                        101,
                        649
                    ],
                    [
                        89,
                        654
                    ],
                    [
                        80,
                        660
                    ],
                    [
                        70,
                        663
                    ],
                    [
                        62,
                        666
                    ],
                    [
                        54,
                        666
                    ],
                    [
                        45,
                        663
                    ],
                    [
                        38,
                        660
                    ],
                    [
                        28,
                        655
                    ],
                    [
                        18,
                        654
                    ],
                    [
                        7,
                        657
                    ],
                    [
                        0,
                        659
                    ]
                ],
                "interior": []
            }
        },
        {
            "id": 495494581,
            "classId": 1656178,
            "description": "",
            "geometryType": "polygon",
            "labelerLogin": "trkkvsn0619",
            "createdAt": "2020-08-02T14:26:39.827Z",
            "updatedAt": "2020-08-10T14:06:28.713Z",
            "tags": [
                {
                    "id": 97300595,
                    "tagId": 28281838,
                    "name": "Cell_4",
                    "value": null,
                    "labelerLogin": "trkkvsn0619",
                    "createdAt": "2020-08-02T14:27:41.569Z",
                    "updatedAt": "2020-08-02T14:27:41.569Z"
                }
            ],
            "classTitle": "Cells",
            "points": {
                "exterior": [
                    [
                        0,
                        666
                    ],
                    [
                        3,
                        660
                    ],
                    [
                        7,
                        657
                    ],
                    [
                        16,
                        654
                    ],
                    [
                        26,
                        655
                    ],
                    [
                        31,
                        657
                    ],
                    [
                        37,
                        659
                    ],
                    [
                        44,
                        663
                    ],
                    [
                        53,
                        665
                    ],
                    [
                        60,
                        669
                    ],
                    [
                        68,
                        675
                    ],
                    [
                        71,
                        682
                    ],
                    [
                        80,
                        695
                    ],
                    [
                        93,
                        700
                    ],
                    [
                        108,
                        694
                    ],
                    [
                        119,
                        693
                    ],
                    [
                        124,
                        706
                    ],
                    [
                        127,
                        717
                    ],
                    [
                        133,
                        728
                    ],
                    [
                        140,
                        735
                    ],
                    [
                        146,
                        748
                    ],
                    [
                        143,
                        758
                    ],
                    [
                        153,
                        767
                    ],
                    [
                        162,
                        772
                    ],
                    [
                        174,
                        778
                    ],
                    [
                        162,
                        785
                    ],
                    [
                        158,
                        795
                    ],
                    [
                        157,
                        806
                    ],
                    [
                        149,
                        815
                    ],
                    [
                        142,
                        818
                    ],
                    [
                        139,
                        825
                    ],
                    [
                        143,
                        839
                    ],
                    [
                        145,
                        846
                    ],
                    [
                        140,
                        859
                    ],
                    [
                        139,
                        866
                    ],
                    [
                        132,
                        874
                    ],
                    [
                        124,
                        876
                    ],
                    [
                        115,
                        881
                    ],
                    [
                        104,
                        883
                    ],
                    [
                        95,
                        892
                    ],
                    [
                        92,
                        911
                    ],
                    [
                        94,
                        917
                    ],
                    [
                        91,
                        932
                    ],
                    [
                        80,
                        943
                    ],
                    [
                        76,
                        952
                    ],
                    [
                        70,
                        952
                    ],
                    [
                        64,
                        957
                    ],
                    [
                        59,
                        971
                    ],
                    [
                        51,
                        980
                    ],
                    [
                        44,
                        981
                    ],
                    [
                        37,
                        965
                    ],
                    [
                        31,
                        957
                    ],
                    [
                        25,
                        956
                    ],
                    [
                        16,
                        963
                    ],
                    [
                        0,
                        958
                    ],
                    [
                        0,
                        828
                    ]
                ],
                "interior": []
            }
        },
        {
            "id": 495684649,
            "classId": 1656178,
            "description": "",
            "geometryType": "polygon",
            "labelerLogin": "trkkvsn0619",
            "createdAt": "2020-08-02T21:34:05.971Z",
            "updatedAt": "2020-08-10T14:01:14.981Z",
            "tags": [
                {
                    "id": 97536609,
                    "tagId": 28281843,
                    "name": "Cell_9",
                    "value": null,
                    "labelerLogin": "kyn.emre",
                    "createdAt": "2020-08-08T18:05:13.087Z",
                    "updatedAt": "2020-08-08T18:05:13.087Z"
                }
            ],
            "classTitle": "Cells",
            "points": {
                "exterior": [
                    [
                        2567,
                        955
                    ],
                    [
                        2567,
                        736
                    ],
                    [
                        2553,
                        726
                    ],
                    [
                        2534,
                        728
                    ],
                    [
                        2519,
                        733
                    ],
                    [
                        2503,
                        741
                    ],
                    [
                        2485,
                        744
                    ],
                    [
                        2478,
                        764
                    ],
                    [
                        2476,
                        785
                    ],
                    [
                        2471,
                        815
                    ],
                    [
                        2466,
                        838
                    ],
                    [
                        2459,
                        860
                    ],
                    [
                        2465,
                        881
                    ],
                    [
                        2480,
                        892
                    ],
                    [
                        2503,
                        896
                    ],
                    [
                        2511,
                        914
                    ],
                    [
                        2527,
                        929
                    ],
                    [
                        2541,
                        935
                    ],
                    [
                        2548,
                        946
                    ],
                    [
                        2557,
                        950
                    ]
                ],
                "interior": []
            }
        },
        {
            "id": 495684655,
            "classId": 1656178,
            "description": "",
            "geometryType": "polygon",
            "labelerLogin": "trkkvsn0619",
            "createdAt": "2020-08-02T21:35:59.192Z",
            "updatedAt": "2020-08-02T21:36:38.446Z",
            "tags": [
                {
                    "id": 97336232,
                    "tagId": 28281830,
                    "name": "Cell_1",
                    "value": null,
                    "labelerLogin": "trkkvsn0619",
                    "createdAt": "2020-08-02T21:36:43.131Z",
                    "updatedAt": "2020-08-02T21:36:43.131Z"
                }
            ],
            "classTitle": "Cells",
            "points": {
                "exterior": [
                    [
                        56,
                        243
                    ],
                    [
                        46,
                        264
                    ],
                    [
                        35,
                        293
                    ],
                    [
                        34,
                        323
                    ],
                    [
                        38,
                        343
                    ],
                    [
                        56,
                        366
                    ],
                    [
                        67,
                        384
                    ],
                    [
                        81,
                        393
                    ],
                    [
                        94,
                        397
                    ],
                    [
                        103,
                        409
                    ],
                    [
                        115,
                        418
                    ],
                    [
                        144,
                        421
                    ],
                    [
                        165,
                        411
                    ],
                    [
                        187,
                        400
                    ],
                    [
                        211,
                        395
                    ],
                    [
                        224,
                        384
                    ],
                    [
                        237,
                        360
                    ],
                    [
                        243,
                        348
                    ],
                    [
                        247,
                        330
                    ],
                    [
                        258,
                        315
                    ],
                    [
                        270,
                        301
                    ],
                    [
                        276,
                        285
                    ],
                    [
                        268,
                        267
                    ],
                    [
                        258,
                        249
                    ],
                    [
                        247,
                        241
                    ],
                    [
                        232,
                        235
                    ],
                    [
                        222,
                        229
                    ],
                    [
                        216,
                        215
                    ],
                    [
                        202,
                        213
                    ],
                    [
                        189,
                        212
                    ],
                    [
                        182,
                        205
                    ],
                    [
                        176,
                        198
                    ],
                    [
                        159,
                        197
                    ],
                    [
                        148,
                        199
                    ],
                    [
                        137,
                        202
                    ],
                    [
                        121,
                        204
                    ],
                    [
                        110,
                        207
                    ],
                    [
                        94,
                        215
                    ],
                    [
                        85,
                        224
                    ],
                    [
                        74,
                        231
                    ]
                ],
                "interior": []
            }
        }
    ]
}