{
    "description": "",
    "tags": [
        {
            "id": 85792145,
            "tagId": 28285212,
            "name": "Frame",
            "value": 579,
            "labelerLogin": "trkkvsn0619",
            "createdAt": "2020-08-09T19:10:49.709Z",
            "updatedAt": "2020-08-09T19:10:49.709Z"
        }
    ],
    "size": {
        "height": 1912,
        "width": 2568
    },
    "objects": [
        {
            "id": 496979565,
            "classId": 1656178,
            "description": "",
            "geometryType": "polygon",
            "labelerLogin": "trkkvsn0619",
            "createdAt": "2020-08-06T00:40:38.679Z",
            "updatedAt": "2020-08-10T15:36:24.236Z",
            "tags": [
                {
                    "id": 97473074,
                    "tagId": 28281842,
                    "name": "Cell_8",
                    "value": null,
                    "labelerLogin": "trkkvsn0619",
                    "createdAt": "2020-08-06T01:00:58.777Z",
                    "updatedAt": "2020-08-06T01:00:58.777Z"
                }
            ],
            "classTitle": "Cells",
            "points": {
                "exterior": [
                    [
                        1658,
                        346
                    ],
                    [
                        1643,
                        345
                    ],
                    [
                        1627,
                        329
                    ],
                    [
                        1625,
                        302
                    ],
                    [
                        1637,
                        282
                    ],
                    [
                        1657,
                        271
                    ],
                    [
                        1686,
                        284
                    ],
                    [
                        1711,
                        293
                    ],
                    [
                        1743,
                        295
                    ],
                    [
                        1799,
                        295
                    ],
                    [
                        1828,
                        289
                    ],
                    [
                        1866,
                        277
                    ],
                    [
                        1889,
                        273
                    ],
                    [
                        1919,
                        260
                    ],
                    [
                        1929,
                        251
                    ],
                    [
                        1943,
                        244
                    ],
                    [
                        1954,
                        241
                    ],
                    [
                        1966,
                        243
                    ],
                    [
                        2004,
                        228
                    ],
                    [
                        2038,
                        218
                    ],
                    [
                        2072,
                        205
                    ],
                    [
                        2096,
                        195
                    ],
                    [
                        2130,
                        174
                    ],
                    [
                        2162,
                        156
                    ],
                    [
                        2181,
                        132
                    ],
                    [
                        2186,
                        119
                    ],
                    [
                        2185,
                        93
                    ],
                    [
                        2174,
                        77
                    ],
                    [
                        2164,
                        58
                    ],
                    [
                        2164,
                        24
                    ],
                    [
                        2163,
                        13
                    ],
                    [
                        2165,
                        1
                    ],
                    [
                        2276,
                        1
                    ],
                    [
                        2281,
                        15
                    ],
                    [
                        2282,
                        29
                    ],
                    [
                        2280,
                        56
                    ],
                    [
                        2290,
                        85
                    ],
                    [
                        2315,
                        96
                    ],
                    [
                        2335,
                        108
                    ],
                    [
                        2359,
                        137
                    ],
                    [
                        2369,
                        155
                    ],
                    [
                        2371,
                        177
                    ],
                    [
                        2375,
                        206
                    ],
                    [
                        2379,
                        237
                    ],
                    [
                        2378,
                        260
                    ],
                    [
                        2363,
                        289
                    ],
                    [
                        2351,
                        309
                    ],
                    [
                        2339,
                        324
                    ],
                    [
                        2330,
                        341
                    ],
                    [
                        2324,
                        356
                    ],
                    [
                        2310,
                        361
                    ],
                    [
                        2307,
                        372
                    ],
                    [
                        2299,
                        382
                    ],
                    [
                        2285,
                        388
                    ],
                    [
                        2265,
                        385
                    ],
                    [
                        2249,
                        380
                    ],
                    [
                        2223,
                        407
                    ],
                    [
                        2216,
                        438
                    ],
                    [
                        2206,
                        460
                    ],
                    [
                        2183,
                        468
                    ],
                    [
                        2167,
                        473
                    ],
                    [
                        2158,
                        474
                    ],
                    [
                        2147,
                        475
                    ],
                    [
                        2136,
                        486
                    ],
                    [
                        2120,
                        490
                    ],
                    [
                        2111,
                        487
                    ],
                    [
                        2101,
                        487
                    ],
                    [
                        2086,
                        489
                    ],
                    [
                        2070,
                        490
                    ],
                    [
                        2059,
                        484
                    ],
                    [
                        2049,
                        485
                    ],
                    [
                        2040,
                        490
                    ],
                    [
                        2021,
                        490
                    ],
                    [
                        2012,
                        493
                    ],
                    [
                        1996,
                        496
                    ],
                    [
                        1981,
                        500
                    ],
                    [
                        1964,
                        508
                    ],
                    [
                        1951,
                        503
                    ],
                    [
                        1938,
                        490
                    ],
                    [
                        1933,
                        484
                    ],
                    [
                        1927,
                        472
                    ],
                    [
                        1918,
                        465
                    ],
                    [
                        1906,
                        458
                    ],
                    [
                        1892,
                        453
                    ],
                    [
                        1879,
                        444
                    ],
                    [
                        1868,
                        436
                    ],
                    [
                        1858,
                        421
                    ],
                    [
                        1849,
                        408
                    ],
                    [
                        1844,
                        394
                    ],
                    [
                        1846,
                        383
                    ],
                    [
                        1840,
                        373
                    ],
                    [
                        1822,
                        363
                    ],
                    [
                        1802,
                        356
                    ],
                    [
                        1781,
                        352
                    ],
                    [
                        1759,
                        347
                    ],
                    [
                        1741,
                        345
                    ],
                    [
                        1730,
                        347
                    ],
                    [
                        1714,
                        353
                    ],
                    [
                        1690,
                        362
                    ],
                    [
                        1674,
                        351
                    ],
                    [
                        1671,
                        344
                    ]
                ],
                "interior": []
            }
        },
        {
            "id": 496979594,
            "classId": 1656178,
            "description": "",
            "geometryType": "polygon",
            "labelerLogin": "trkkvsn0619",
            "createdAt": "2020-08-06T00:43:00.574Z",
            "updatedAt": "2020-08-10T15:36:24.236Z",
            "tags": [
                {
                    "id": 97550176,
                    "tagId": 28281838,
                    "name": "Cell_4",
                    "value": null,
                    "labelerLogin": "trkkvsn0619",
                    "createdAt": "2020-08-10T15:40:22.666Z",
                    "updatedAt": "2020-08-10T15:40:22.666Z"
                }
            ],
            "classTitle": "Cells",
            "points": {
                "exterior": [
                    [
                        403,
                        858
                    ],
                    [
                        403,
                        848
                    ],
                    [
                        388,
                        834
                    ],
                    [
                        370,
                        823
                    ],
                    [
                        365,
                        806
                    ],
                    [
                        384,
                        791
                    ],
                    [
                        403,
                        778
                    ],
                    [
                        410,
                        762
                    ],
                    [
                        426,
                        747
                    ],
                    [
                        436,
                        735
                    ],
                    [
                        447,
                        713
                    ],
                    [
                        460,
                        719
                    ],
                    [
                        468,
                        732
                    ],
                    [
                        486,
                        723
                    ],
                    [
                        508,
                        711
                    ],
                    [
                        519,
                        703
                    ],
                    [
                        523,
                        689
                    ],
                    [
                        532,
                        686
                    ],
                    [
                        543,
                        684
                    ],
                    [
                        551,
                        686
                    ],
                    [
                        556,
                        694
                    ],
                    [
                        559,
                        704
                    ],
                    [
                        570,
                        705
                    ],
                    [
                        579,
                        710
                    ],
                    [
                        583,
                        702
                    ],
                    [
                        582,
                        693
                    ],
                    [
                        582,
                        685
                    ],
                    [
                        588,
                        676
                    ],
                    [
                        596,
                        674
                    ],
                    [
                        605,
                        677
                    ],
                    [
                        610,
                        682
                    ],
                    [
                        615,
                        693
                    ],
                    [
                        624,
                        687
                    ],
                    [
                        637,
                        681
                    ],
                    [
                        650,
                        684
                    ],
                    [
                        659,
                        689
                    ],
                    [
                        668,
                        698
                    ],
                    [
                        676,
                        711
                    ],
                    [
                        679,
                        723
                    ],
                    [
                        687,
                        721
                    ],
                    [
                        697,
                        720
                    ],
                    [
                        705,
                        727
                    ],
                    [
                        706,
                        736
                    ],
                    [
                        698,
                        745
                    ],
                    [
                        702,
                        757
                    ],
                    [
                        713,
                        760
                    ],
                    [
                        723,
                        762
                    ],
                    [
                        725,
                        770
                    ],
                    [
                        719,
                        775
                    ],
                    [
                        706,
                        784
                    ],
                    [
                        717,
                        797
                    ],
                    [
                        727,
                        803
                    ],
                    [
                        727,
                        810
                    ],
                    [
                        716,
                        814
                    ],
                    [
                        702,
                        821
                    ],
                    [
                        708,
                        831
                    ],
                    [
                        717,
                        837
                    ],
                    [
                        722,
                        842
                    ],
                    [
                        725,
                        847
                    ],
                    [
                        719,
                        851
                    ],
                    [
                        712,
                        858
                    ],
                    [
                        708,
                        867
                    ],
                    [
                        718,
                        877
                    ],
                    [
                        726,
                        882
                    ],
                    [
                        726,
                        890
                    ],
                    [
                        719,
                        892
                    ],
                    [
                        711,
                        900
                    ],
                    [
                        705,
                        905
                    ],
                    [
                        705,
                        916
                    ],
                    [
                        713,
                        918
                    ],
                    [
                        718,
                        922
                    ],
                    [
                        718,
                        929
                    ],
                    [
                        720,
                        941
                    ],
                    [
                        729,
                        946
                    ],
                    [
                        736,
                        949
                    ],
                    [
                        740,
                        950
                    ],
                    [
                        743,
                        953
                    ],
                    [
                        741,
                        958
                    ],
                    [
                        737,
                        962
                    ],
                    [
                        731,
                        969
                    ],
                    [
                        725,
                        974
                    ],
                    [
                        714,
                        974
                    ],
                    [
                        709,
                        972
                    ],
                    [
                        708,
                        982
                    ],
                    [
                        713,
                        992
                    ],
                    [
                        714,
                        1001
                    ],
                    [
                        716,
                        1009
                    ],
                    [
                        716,
                        1015
                    ],
                    [
                        707,
                        1013
                    ],
                    [
                        701,
                        1007
                    ],
                    [
                        696,
                        1011
                    ],
                    [
                        699,
                        1022
                    ],
                    [
                        703,
                        1033
                    ],
                    [
                        708,
                        1041
                    ],
                    [
                        704,
                        1048
                    ],
                    [
                        693,
                        1044
                    ],
                    [
                        683,
                        1042
                    ],
                    [
                        673,
                        1044
                    ],
                    [
                        662,
                        1037
                    ],
                    [
                        648,
                        1031
                    ],
                    [
                        638,
                        1021
                    ],
                    [
                        612,
                        1007
                    ],
                    [
                        590,
                        1004
                    ],
                    [
                        560,
                        1004
                    ],
                    [
                        531,
                        1000
                    ],
                    [
                        509,
                        995
                    ],
                    [
                        485,
                        986
                    ],
                    [
                        479,
                        974
                    ],
                    [
                        458,
                        960
                    ],
                    [
                        445,
                        949
                    ],
                    [
                        434,
                        935
                    ],
                    [
                        427,
                        926
                    ],
                    [
                        422,
                        914
                    ],
                    [
                        414,
                        893
                    ],
                    [
                        412,
                        887
                    ],
                    [
                        406,
                        881
                    ],
                    [
                        401,
                        869
                    ]
                ],
                "interior": []
            }
        },
        {
            "id": 496979652,
            "classId": 1656178,
            "description": "",
            "geometryType": "polygon",
            "labelerLogin": "trkkvsn0619",
            "createdAt": "2020-08-06T00:46:21.275Z",
            "updatedAt": "2020-08-10T16:05:16.091Z",
            "tags": [
                {
                    "id": 97473069,
                    "tagId": 28281835,
                    "name": "Cell_3",
                    "value": null,
                    "labelerLogin": "trkkvsn0619",
                    "createdAt": "2020-08-06T01:00:37.487Z",
                    "updatedAt": "2020-08-06T01:00:37.487Z"
                }
            ],
            "classTitle": "Cells",
            "points": {
                "exterior": [
                    [
                        0,
                        554
                    ],
                    [
                        31,
                        539
                    ],
                    [
                        67,
                        509
                    ],
                    [
                        98,
                        474
                    ],
                    [
                        130,
                        437
                    ],
                    [
                        161,
                        387
                    ],
                    [
                        209,
                        312
                    ],
                    [
                        247,
                        257
                    ],
                    [
                        267,
                        223
                    ],
                    [
                        278,
                        183
                    ],
                    [
                        292,
                        152
                    ],
                    [
                        310,
                        114
                    ],
                    [
                        330,
                        102
                    ],
                    [
                        359,
                        88
                    ],
                    [
                        387,
                        75
                    ],
                    [
                        400,
                        63
                    ],
                    [
                        411,
                        66
                    ],
                    [
                        420,
                        68
                    ],
                    [
                        413,
                        77
                    ],
                    [
                        407,
                        88
                    ],
                    [
                        393,
                        96
                    ],
                    [
                        377,
                        102
                    ],
                    [
                        377,
                        112
                    ],
                    [
                        381,
                        120
                    ],
                    [
                        385,
                        130
                    ],
                    [
                        380,
                        145
                    ],
                    [
                        375,
                        154
                    ],
                    [
                        385,
                        168
                    ],
                    [
                        390,
                        178
                    ],
                    [
                        392,
                        190
                    ],
                    [
                        380,
                        190
                    ],
                    [
                        374,
                        196
                    ],
                    [
                        362,
                        209
                    ],
                    [
                        354,
                        211
                    ],
                    [
                        345,
                        217
                    ],
                    [
                        331,
                        233
                    ],
                    [
                        317,
                        264
                    ],
                    [
                        297,
                        298
                    ],
                    [
                        236,
                        413
                    ],
                    [
                        223,
                        448
                    ],
                    [
                        228,
                        476
                    ],
                    [
                        199,
                        499
                    ],
                    [
                        186,
                        514
                    ],
                    [
                        177,
                        527
                    ],
                    [
                        166,
                        537
                    ],
                    [
                        155,
                        547
                    ],
                    [
                        142,
                        551
                    ],
                    [
                        117,
                        573
                    ],
                    [
                        104,
                        582
                    ],
                    [
                        95,
                        590
                    ],
                    [
                        73,
                        600
                    ],
                    [
                        57,
                        612
                    ],
                    [
                        34,
                        633
                    ],
                    [
                        16,
                        651
                    ],
                    [
                        0,
                        669
                    ]
                ],
                "interior": []
            }
        },
        {
            "id": 496979701,
            "classId": 1656178,
            "description": "",
            "geometryType": "polygon",
            "labelerLogin": "trkkvsn0619",
            "createdAt": "2020-08-06T00:49:08.991Z",
            "updatedAt": "2020-08-10T15:36:24.236Z",
            "tags": [
                {
                    "id": 97550177,
                    "tagId": 28298784,
                    "name": "Cell_11",
                    "value": null,
                    "labelerLogin": "trkkvsn0619",
                    "createdAt": "2020-08-10T15:40:28.347Z",
                    "updatedAt": "2020-08-10T15:40:28.347Z"
                }
            ],
            "classTitle": "Cells",
            "points": {
                "exterior": [
                    [
                        0,
                        1607
                    ],
                    [
                        19,
                        1599
                    ],
                    [
                        38,
                        1584
                    ],
                    [
                        47,
                        1562
                    ],
                    [
                        56,
                        1555
                    ],
                    [
                        76,
                        1562
                    ],
                    [
                        92,
                        1574
                    ],
                    [
                        104,
                        1590
                    ],
                    [
                        113,
                        1605
                    ],
                    [
                        128,
                        1610
                    ],
                    [
                        152,
                        1610
                    ],
                    [
                        179,
                        1611
                    ],
                    [
                        207,
                        1611
                    ],
                    [
                        229,
                        1609
                    ],
                    [
                        247,
                        1596
                    ],
                    [
                        265,
                        1589
                    ],
                    [
                        295,
                        1580
                    ],
                    [
                        310,
                        1578
                    ],
                    [
                        322,
                        1598
                    ],
                    [
                        331,
                        1616
                    ],
                    [
                        341,
                        1623
                    ],
                    [
                        362,
                        1629
                    ],
                    [
                        364,
                        1646
                    ],
                    [
                        374,
                        1671
                    ],
                    [
                        374,
                        1688
                    ],
                    [
                        358,
                        1707
                    ],
                    [
                        332,
                        1714
                    ],
                    [
                        308,
                        1712
                    ],
                    [
                        285,
                        1704
                    ],
                    [
                        268,
                        1692
                    ],
                    [
                        250,
                        1684
                    ],
                    [
                        228,
                        1679
                    ],
                    [
                        206,
                        1679
                    ],
                    [
                        164,
                        1683
                    ],
                    [
                        134,
                        1686
                    ],
                    [
                        103,
                        1688
                    ],
                    [
                        74,
                        1702
                    ],
                    [
                        57,
                        1712
                    ],
                    [
                        35,
                        1722
                    ],
                    [
                        15,
                        1735
                    ],
                    [
                        0,
                        1743
                    ]
                ],
                "interior": []
            }
        },
        {
            "id": 496979716,
            "classId": 1656178,
            "description": "",
            "geometryType": "polygon",
            "labelerLogin": "trkkvsn0619",
            "createdAt": "2020-08-06T00:50:06.603Z",
            "updatedAt": "2020-08-10T15:36:24.236Z",
            "tags": [
                {
                    "id": 97473067,
                    "tagId": 28281830,
                    "name": "Cell_1",
                    "value": null,
                    "labelerLogin": "trkkvsn0619",
                    "createdAt": "2020-08-06T01:00:29.788Z",
                    "updatedAt": "2020-08-06T01:00:29.788Z"
                }
            ],
            "classTitle": "Cells",
            "points": {
                "exterior": [
                    [
                        0,
                        328
                    ],
                    [
                        11,
                        325
                    ],
                    [
                        28,
                        334
                    ],
                    [
                        42,
                        352
                    ],
                    [
                        56,
                        345
                    ],
                    [
                        72,
                        344
                    ],
                    [
                        90,
                        346
                    ],
                    [
                        100,
                        338
                    ],
                    [
                        125,
                        336
                    ],
                    [
                        132,
                        319
                    ],
                    [
                        140,
                        302
                    ],
                    [
                        148,
                        287
                    ],
                    [
                        161,
                        281
                    ],
                    [
                        169,
                        267
                    ],
                    [
                        176,
                        257
                    ],
                    [
                        195,
                        252
                    ],
                    [
                        214,
                        242
                    ],
                    [
                        230,
                        231
                    ],
                    [
                        243,
                        222
                    ],
                    [
                        267,
                        203
                    ],
                    [
                        281,
                        189
                    ],
                    [
                        303,
                        153
                    ],
                    [
                        312,
                        132
                    ],
                    [
                        345,
                        118
                    ],
                    [
                        367,
                        130
                    ],
                    [
                        388,
                        125
                    ],
                    [
                        396,
                        114
                    ],
                    [
                        411,
                        101
                    ],
                    [
                        421,
                        84
                    ],
                    [
                        418,
                        64
                    ],
                    [
                        396,
                        63
                    ],
                    [
                        356,
                        84
                    ],
                    [
                        336,
                        95
                    ],
                    [
                        319,
                        106
                    ],
                    [
                        299,
                        111
                    ],
                    [
                        281,
                        124
                    ],
                    [
                        254,
                        127
                    ],
                    [
                        233,
                        142
                    ],
                    [
                        206,
                        151
                    ],
                    [
                        180,
                        165
                    ],
                    [
                        164,
                        174
                    ],
                    [
                        136,
                        186
                    ],
                    [
                        120,
                        187
                    ],
                    [
                        95,
                        196
                    ],
                    [
                        81,
                        200
                    ],
                    [
                        64,
                        202
                    ],
                    [
                        76,
                        184
                    ],
                    [
                        86,
                        157
                    ],
                    [
                        93,
                        134
                    ],
                    [
                        90,
                        99
                    ],
                    [
                        80,
                        77
                    ],
                    [
                        73,
                        60
                    ],
                    [
                        54,
                        37
                    ],
                    [
                        34,
                        23
                    ],
                    [
                        20,
                        10
                    ],
                    [
                        0,
                        2
                    ]
                ],
                "interior": []
            }
        },
        {
            "id": 496979746,
            "classId": 1656178,
            "description": "",
            "geometryType": "polygon",
            "labelerLogin": "trkkvsn0619",
            "createdAt": "2020-08-06T00:51:53.645Z",
            "updatedAt": "2020-08-10T15:36:24.236Z",
            "tags": [
                {
                    "id": 97473072,
                    "tagId": 28281840,
                    "name": "Cell_6",
                    "value": null,
                    "labelerLogin": "trkkvsn0619",
                    "createdAt": "2020-08-06T01:00:47.285Z",
                    "updatedAt": "2020-08-06T01:00:47.285Z"
                }
            ],
            "classTitle": "Cells",
            "points": {
                "exterior": [
                    [
                        1277,
                        1477
                    ],
                    [
                        1226,
                        1474
                    ],
                    [
                        1324,
                        1502
                    ],
                    [
                        1359,
                        1520
                    ],
                    [
                        1399,
                        1540
                    ],
                    [
                        1441,
                        1565
                    ],
                    [
                        1480,
                        1584
                    ],
                    [
                        1493,
                        1602
                    ],
                    [
                        1517,
                        1630
                    ],
                    [
                        1569,
                        1640
                    ],
                    [
                        1592,
                        1630
                    ],
                    [
                        1627,
                        1636
                    ],
                    [
                        1664,
                        1661
                    ],
                    [
                        1680,
                        1684
                    ],
                    [
                        1717,
                        1701
                    ],
                    [
                        1739,
                        1718
                    ],
                    [
                        1760,
                        1738
                    ],
                    [
                        1802,
                        1753
                    ],
                    [
                        1824,
                        1763
                    ],
                    [
                        1847,
                        1762
                    ],
                    [
                        1857,
                        1749
                    ],
                    [
                        1875,
                        1759
                    ],
                    [
                        1893,
                        1764
                    ],
                    [
                        1915,
                        1760
                    ],
                    [
                        1932,
                        1765
                    ],
                    [
                        1951,
                        1755
                    ],
                    [
                        1957,
                        1736
                    ],
                    [
                        1966,
                        1729
                    ],
                    [
                        1962,
                        1713
                    ],
                    [
                        1968,
                        1699
                    ],
                    [
                        1972,
                        1684
                    ],
                    [
                        1973,
                        1664
                    ],
                    [
                        1968,
                        1647
                    ],
                    [
                        1952,
                        1640
                    ],
                    [
                        1940,
                        1633
                    ],
                    [
                        1919,
                        1631
                    ],
                    [
                        1903,
                        1616
                    ],
                    [
                        1889,
                        1595
                    ],
                    [
                        1879,
                        1579
                    ],
                    [
                        1871,
                        1557
                    ],
                    [
                        1864,
                        1533
                    ],
                    [
                        1859,
                        1509
                    ],
                    [
                        1862,
                        1483
                    ],
                    [
                        1872,
                        1469
                    ],
                    [
                        1882,
                        1456
                    ],
                    [
                        1887,
                        1446
                    ],
                    [
                        1888,
                        1436
                    ],
                    [
                        1887,
                        1423
                    ],
                    [
                        1883,
                        1408
                    ],
                    [
                        1874,
                        1393
                    ],
                    [
                        1869,
                        1384
                    ],
                    [
                        1862,
                        1380
                    ],
                    [
                        1847,
                        1384
                    ],
                    [
                        1836,
                        1389
                    ],
                    [
                        1822,
                        1393
                    ],
                    [
                        1813,
                        1388
                    ],
                    [
                        1806,
                        1394
                    ],
                    [
                        1801,
                        1414
                    ],
                    [
                        1796,
                        1423
                    ],
                    [
                        1800,
                        1437
                    ],
                    [
                        1800,
                        1447
                    ],
                    [
                        1792,
                        1461
                    ],
                    [
                        1768,
                        1476
                    ],
                    [
                        1742,
                        1487
                    ],
                    [
                        1717,
                        1495
                    ],
                    [
                        1686,
                        1499
                    ],
                    [
                        1666,
                        1502
                    ],
                    [
                        1626,
                        1504
                    ],
                    [
                        1601,
                        1504
                    ],
                    [
                        1577,
                        1497
                    ],
                    [
                        1544,
                        1493
                    ],
                    [
                        1511,
                        1490
                    ],
                    [
                        1480,
                        1486
                    ],
                    [
                        1451,
                        1485
                    ],
                    [
                        1424,
                        1482
                    ],
                    [
                        1390,
                        1482
                    ],
                    [
                        1352,
                        1479
                    ],
                    [
                        1319,
                        1480
                    ]
                ],
                "interior": []
            }
        },
        {
            "id": 496979786,
            "classId": 1656178,
            "description": "",
            "geometryType": "polygon",
            "labelerLogin": "trkkvsn0619",
            "createdAt": "2020-08-06T00:54:37.834Z",
            "updatedAt": "2020-08-10T15:36:24.236Z",
            "tags": [
                {
                    "id": 97473071,
                    "tagId": 28281839,
                    "name": "Cell_5",
                    "value": null,
                    "labelerLogin": "trkkvsn0619",
                    "createdAt": "2020-08-06T01:00:44.303Z",
                    "updatedAt": "2020-08-06T01:00:44.303Z"
                }
            ],
            "classTitle": "Cells",
            "points": {
                "exterior": [
                    [
                        1288,
                        1475
                    ],
                    [
                        1182,
                        1468
                    ],
                    [
                        1094,
                        1470
                    ],
                    [
                        1060,
                        1474
                    ],
                    [
                        1016,
                        1476
                    ],
                    [
                        993,
                        1471
                    ],
                    [
                        970,
                        1474
                    ],
                    [
                        944,
                        1473
                    ],
                    [
                        917,
                        1477
                    ],
                    [
                        893,
                        1481
                    ],
                    [
                        870,
                        1492
                    ],
                    [
                        860,
                        1500
                    ],
                    [
                        850,
                        1492
                    ],
                    [
                        837,
                        1495
                    ],
                    [
                        822,
                        1498
                    ],
                    [
                        800,
                        1505
                    ],
                    [
                        790,
                        1517
                    ],
                    [
                        781,
                        1531
                    ],
                    [
                        772,
                        1536
                    ],
                    [
                        758,
                        1531
                    ],
                    [
                        749,
                        1519
                    ],
                    [
                        753,
                        1500
                    ],
                    [
                        754,
                        1487
                    ],
                    [
                        736,
                        1478
                    ],
                    [
                        722,
                        1479
                    ],
                    [
                        704,
                        1465
                    ],
                    [
                        688,
                        1456
                    ],
                    [
                        680,
                        1443
                    ],
                    [
                        666,
                        1435
                    ],
                    [
                        657,
                        1445
                    ],
                    [
                        641,
                        1447
                    ],
                    [
                        632,
                        1432
                    ],
                    [
                        623,
                        1424
                    ],
                    [
                        620,
                        1411
                    ],
                    [
                        610,
                        1406
                    ],
                    [
                        601,
                        1403
                    ],
                    [
                        594,
                        1407
                    ],
                    [
                        589,
                        1399
                    ],
                    [
                        585,
                        1389
                    ],
                    [
                        568,
                        1384
                    ],
                    [
                        553,
                        1387
                    ],
                    [
                        545,
                        1385
                    ],
                    [
                        543,
                        1373
                    ],
                    [
                        557,
                        1373
                    ],
                    [
                        574,
                        1371
                    ],
                    [
                        589,
                        1366
                    ],
                    [
                        602,
                        1360
                    ],
                    [
                        606,
                        1353
                    ],
                    [
                        601,
                        1344
                    ],
                    [
                        604,
                        1333
                    ],
                    [
                        609,
                        1325
                    ],
                    [
                        625,
                        1335
                    ],
                    [
                        644,
                        1338
                    ],
                    [
                        660,
                        1340
                    ],
                    [
                        674,
                        1334
                    ],
                    [
                        684,
                        1331
                    ],
                    [
                        695,
                        1344
                    ],
                    [
                        704,
                        1360
                    ],
                    [
                        714,
                        1368
                    ],
                    [
                        731,
                        1373
                    ],
                    [
                        751,
                        1378
                    ],
                    [
                        785,
                        1378
                    ],
                    [
                        812,
                        1374
                    ],
                    [
                        865,
                        1360
                    ],
                    [
                        891,
                        1357
                    ],
                    [
                        905,
                        1334
                    ],
                    [
                        904,
                        1319
                    ],
                    [
                        901,
                        1294
                    ],
                    [
                        938,
                        1298
                    ],
                    [
                        958,
                        1315
                    ],
                    [
                        981,
                        1323
                    ],
                    [
                        996,
                        1328
                    ],
                    [
                        1024,
                        1340
                    ],
                    [
                        1066,
                        1348
                    ],
                    [
                        1119,
                        1351
                    ],
                    [
                        1163,
                        1357
                    ],
                    [
                        1194,
                        1357
                    ],
                    [
                        1230,
                        1357
                    ],
                    [
                        1246,
                        1354
                    ],
                    [
                        1273,
                        1355
                    ],
                    [
                        1298,
                        1351
                    ],
                    [
                        1328,
                        1350
                    ],
                    [
                        1341,
                        1348
                    ],
                    [
                        1366,
                        1364
                    ],
                    [
                        1382,
                        1365
                    ],
                    [
                        1409,
                        1361
                    ],
                    [
                        1427,
                        1361
                    ],
                    [
                        1444,
                        1360
                    ],
                    [
                        1458,
                        1373
                    ],
                    [
                        1464,
                        1385
                    ],
                    [
                        1481,
                        1395
                    ],
                    [
                        1501,
                        1401
                    ],
                    [
                        1512,
                        1408
                    ],
                    [
                        1519,
                        1424
                    ],
                    [
                        1521,
                        1435
                    ],
                    [
                        1515,
                        1449
                    ],
                    [
                        1521,
                        1466
                    ],
                    [
                        1545,
                        1477
                    ],
                    [
                        1561,
                        1493
                    ],
                    [
                        1530,
                        1491
                    ],
                    [
                        1454,
                        1484
                    ],
                    [
                        1394,
                        1484
                    ]
                ],
                "interior": []
            }
        },
        {
            "id": 498971929,
            "classId": 1656178,
            "description": "",
            "geometryType": "polygon",
            "labelerLogin": "trkkvsn0619",
            "createdAt": "2020-08-10T15:29:00.055Z",
            "updatedAt": "2020-08-10T15:36:24.236Z",
            "tags": [
                {
                    "id": 97550099,
                    "tagId": 28298752,
                    "name": "Cell_7A",
                    "value": null,
                    "labelerLogin": "trkkvsn0619",
                    "createdAt": "2020-08-10T15:29:26.180Z",
                    "updatedAt": "2020-08-10T15:29:26.180Z"
                }
            ],
            "classTitle": "Cells",
            "points": {
                "exterior": [
                    [
                        1626,
                        541
                    ],
                    [
                        1610,
                        525
                    ],
                    [
                        1596,
                        495
                    ],
                    [
                        1601,
                        461
                    ],
                    [
                        1617,
                        441
                    ],
                    [
                        1638,
                        429
                    ],
                    [
                        1663,
                        427
                    ],
                    [
                        1679,
                        433
                    ],
                    [
                        1692,
                        440
                    ],
                    [
                        1706,
                        456
                    ],
                    [
                        1717,
                        468
                    ],
                    [
                        1721,
                        485
                    ],
                    [
                        1720,
                        509
                    ],
                    [
                        1710,
                        532
                    ],
                    [
                        1691,
                        542
                    ],
                    [
                        1659,
                        546
                    ]
                ],
                "interior": []
            }
        },
        {
            "id": 498971946,
            "classId": 1656178,
            "description": "",
            "geometryType": "polygon",
            "labelerLogin": "trkkvsn0619",
            "createdAt": "2020-08-10T15:29:35.522Z",
            "updatedAt": "2020-08-10T15:36:24.236Z",
            "tags": [
                {
                    "id": 97550102,
                    "tagId": 28298753,
                    "name": "Cell_7B",
                    "value": null,
                    "labelerLogin": "trkkvsn0619",
                    "createdAt": "2020-08-10T15:30:03.527Z",
                    "updatedAt": "2020-08-10T15:30:03.527Z"
                }
            ],
            "classTitle": "Cells",
            "points": {
                "exterior": [
                    [
                        1630,
                        542
                    ],
                    [
                        1624,
                        552
                    ],
                    [
                        1614,
                        562
                    ],
                    [
                        1607,
                        571
                    ],
                    [
                        1600,
                        587
                    ],
                    [
                        1598,
                        603
                    ],
                    [
                        1601,
                        626
                    ],
                    [
                        1610,
                        640
                    ],
                    [
                        1621,
                        650
                    ],
                    [
                        1637,
                        655
                    ],
                    [
                        1650,
                        659
                    ],
                    [
                        1674,
                        658
                    ],
                    [
                        1692,
                        653
                    ],
                    [
                        1712,
                        636
                    ],
                    [
                        1722,
                        615
                    ],
                    [
                        1723,
                        594
                    ],
                    [
                        1720,
                        579
                    ],
                    [
                        1716,
                        564
                    ],
                    [
                        1709,
                        554
                    ],
                    [
                        1698,
                        545
                    ],
                    [
                        1691,
                        541
                    ],
                    [
                        1667,
                        545
                    ]
                ],
                "interior": []
            }
        },
        {
            "id": 498972189,
            "classId": 1656178,
            "description": "",
            "geometryType": "polygon",
            "labelerLogin": "trkkvsn0619",
            "createdAt": "2020-08-10T15:36:23.644Z",
            "updatedAt": "2020-08-10T15:36:53.816Z",
            "tags": [
                {
                    "id": 97550110,
                    "tagId": 28281843,
                    "name": "Cell_9",
                    "value": null,
                    "labelerLogin": "trkkvsn0619",
                    "createdAt": "2020-08-10T15:36:59.496Z",
                    "updatedAt": "2020-08-10T15:36:59.496Z"
                }
            ],
            "classTitle": "Cells",
            "points": {
                "exterior": [
                    [
                        2303,
                        1314
                    ],
                    [
                        2301,
                        1304
                    ],
                    [
                        2308,
                        1293
                    ],
                    [
                        2320,
                        1297
                    ],
                    [
                        2329,
                        1287
                    ],
                    [
                        2337,
                        1274
                    ],
                    [
                        2348,
                        1266
                    ],
                    [
                        2354,
                        1255
                    ],
                    [
                        2362,
                        1234
                    ],
                    [
                        2361,
                        1225
                    ],
                    [
                        2369,
                        1214
                    ],
                    [
                        2372,
                        1210
                    ],
                    [
                        2386,
                        1210
                    ],
                    [
                        2395,
                        1213
                    ],
                    [
                        2401,
                        1218
                    ],
                    [
                        2411,
                        1224
                    ],
                    [
                        2426,
                        1224
                    ],
                    [
                        2435,
                        1217
                    ],
                    [
                        2446,
                        1214
                    ],
                    [
                        2442,
                        1222
                    ],
                    [
                        2436,
                        1229
                    ],
                    [
                        2420,
                        1237
                    ],
                    [
                        2404,
                        1243
                    ],
                    [
                        2388,
                        1252
                    ],
                    [
                        2378,
                        1267
                    ],
                    [
                        2370,
                        1281
                    ],
                    [
                        2374,
                        1299
                    ],
                    [
                        2379,
                        1312
                    ],
                    [
                        2378,
                        1322
                    ],
                    [
                        2365,
                        1329
                    ],
                    [
                        2353,
                        1326
                    ],
                    [
                        2348,
                        1322
                    ],
                    [
                        2349,
                        1309
                    ],
                    [
                        2354,
                        1297
                    ],
                    [
                        2344,
                        1301
                    ],
                    [
                        2335,
                        1309
                    ],
                    [
                        2321,
                        1320
                    ],
                    [
                        2309,
                        1322
                    ]
                ],
                "interior": []
            }
        }
    ]
}