{
    "description": "",
    "tags": [
        {
            "id": 85749005,
            "tagId": 28285101,
            "name": "Frame",
            "value": 358,
            "labelerLogin": "kyn.emre",
            "createdAt": "2020-08-08T17:40:49.280Z",
            "updatedAt": "2020-08-08T17:40:49.280Z"
        }
    ],
    "size": {
        "height": 1912,
        "width": 2568
    },
    "objects": [
        {
            "id": 498639687,
            "classId": 1663235,
            "description": "",
            "geometryType": "polygon",
            "labelerLogin": "kyn.emre",
            "createdAt": "2020-08-08T17:40:49.280Z",
            "updatedAt": "2020-08-10T14:59:45.524Z",
            "tags": [
                {
                    "id": 97536563,
                    "tagId": 28285099,
                    "name": "Cell_4",
                    "value": null,
                    "labelerLogin": "kyn.emre",
                    "createdAt": "2020-08-08T17:40:49.280Z",
                    "updatedAt": "2020-08-08T17:40:49.280Z"
                }
            ],
            "classTitle": "Cell",
            "points": {
                "exterior": [
                    [
                        449,
                        848
                    ],
                    [
                        459,
                        844
                    ],
                    [
                        459,
                        831
                    ],
                    [
                        477,
                        844
                    ],
                    [
                        499,
                        847
                    ],
                    [
                        512,
                        855
                    ],
                    [
                        539,
                        848
                    ],
                    [
                        556,
                        825
                    ],
                    [
                        560,
                        807
                    ],
                    [
                        556,
                        792
                    ],
                    [
                        574,
                        788
                    ],
                    [
                        588,
                        772
                    ],
                    [
                        593,
                        755
                    ],
                    [
                        595,
                        744
                    ],
                    [
                        604,
                        730
                    ],
                    [
                        605,
                        715
                    ],
                    [
                        619,
                        714
                    ],
                    [
                        616,
                        699
                    ],
                    [
                        616,
                        686
                    ],
                    [
                        616,
                        673
                    ],
                    [
                        607,
                        665
                    ],
                    [
                        607,
                        654
                    ],
                    [
                        600,
                        637
                    ],
                    [
                        593,
                        624
                    ],
                    [
                        579,
                        621
                    ],
                    [
                        567,
                        620
                    ],
                    [
                        562,
                        606
                    ],
                    [
                        551,
                        602
                    ],
                    [
                        542,
                        598
                    ],
                    [
                        550,
                        586
                    ],
                    [
                        530,
                        594
                    ],
                    [
                        521,
                        601
                    ],
                    [
                        493,
                        603
                    ],
                    [
                        450,
                        596
                    ],
                    [
                        434,
                        585
                    ],
                    [
                        374,
                        588
                    ],
                    [
                        320,
                        627
                    ],
                    [
                        305,
                        661
                    ],
                    [
                        289,
                        703
                    ],
                    [
                        290,
                        752
                    ],
                    [
                        299,
                        770
                    ],
                    [
                        303,
                        791
                    ],
                    [
                        316,
                        778
                    ],
                    [
                        323,
                        796
                    ],
                    [
                        308,
                        810
                    ],
                    [
                        325,
                        816
                    ],
                    [
                        339,
                        816
                    ],
                    [
                        340,
                        825
                    ],
                    [
                        352,
                        838
                    ],
                    [
                        355,
                        849
                    ],
                    [
                        365,
                        855
                    ],
                    [
                        375,
                        852
                    ],
                    [
                        393,
                        838
                    ],
                    [
                        408,
                        829
                    ],
                    [
                        417,
                        834
                    ],
                    [
                        440,
                        839
                    ]
                ],
                "interior": []
            }
        },
        {
            "id": 498639688,
            "classId": 1663235,
            "description": "",
            "geometryType": "polygon",
            "labelerLogin": "kyn.emre",
            "createdAt": "2020-08-08T17:40:49.280Z",
            "updatedAt": "2020-08-10T14:59:45.524Z",
            "tags": [
                {
                    "id": 97536564,
                    "tagId": 28285097,
                    "name": "Cell_1",
                    "value": null,
                    "labelerLogin": "kyn.emre",
                    "createdAt": "2020-08-08T17:40:49.280Z",
                    "updatedAt": "2020-08-08T17:40:49.280Z"
                }
            ],
            "classTitle": "Cell",
            "points": {
                "exterior": [
                    [
                        2,
                        68
                    ],
                    [
                        42,
                        83
                    ],
                    [
                        92,
                        102
                    ],
                    [
                        176,
                        127
                    ],
                    [
                        232,
                        150
                    ],
                    [
                        268,
                        186
                    ],
                    [
                        289,
                        227
                    ],
                    [
                        345,
                        229
                    ],
                    [
                        387,
                        215
                    ],
                    [
                        410,
                        206
                    ],
                    [
                        414,
                        169
                    ],
                    [
                        393,
                        148
                    ],
                    [
                        391,
                        133
                    ],
                    [
                        391,
                        102
                    ],
                    [
                        391,
                        77
                    ],
                    [
                        370,
                        77
                    ],
                    [
                        353,
                        50
                    ],
                    [
                        345,
                        27
                    ],
                    [
                        303,
                        29
                    ],
                    [
                        270,
                        31
                    ],
                    [
                        259,
                        43
                    ],
                    [
                        126,
                        0
                    ],
                    [
                        2,
                        0
                    ]
                ],
                "interior": []
            }
        },
        {
            "id": 498639689,
            "classId": 1663235,
            "description": "",
            "geometryType": "polygon",
            "labelerLogin": "kyn.emre",
            "createdAt": "2020-08-08T17:40:49.280Z",
            "updatedAt": "2020-08-10T15:00:24.852Z",
            "tags": [
                {
                    "id": 97536565,
                    "tagId": 28285095,
                    "name": "Cell_2",
                    "value": null,
                    "labelerLogin": "kyn.emre",
                    "createdAt": "2020-08-08T17:40:49.280Z",
                    "updatedAt": "2020-08-08T17:40:49.280Z"
                }
            ],
            "classTitle": "Cell",
            "points": {
                "exterior": [
                    [
                        0,
                        878
                    ],
                    [
                        33,
                        820
                    ],
                    [
                        83,
                        752
                    ],
                    [
                        154,
                        685
                    ],
                    [
                        207,
                        640
                    ],
                    [
                        274,
                        629
                    ],
                    [
                        300,
                        561
                    ],
                    [
                        291,
                        530
                    ],
                    [
                        266,
                        497
                    ],
                    [
                        252,
                        469
                    ],
                    [
                        201,
                        466
                    ],
                    [
                        168,
                        455
                    ],
                    [
                        150,
                        471
                    ],
                    [
                        114,
                        506
                    ],
                    [
                        73,
                        540
                    ],
                    [
                        34,
                        571
                    ],
                    [
                        0,
                        626
                    ]
                ],
                "interior": []
            }
        },
        {
            "id": 498639690,
            "classId": 1663235,
            "description": "",
            "geometryType": "polygon",
            "labelerLogin": "kyn.emre",
            "createdAt": "2020-08-08T17:40:49.280Z",
            "updatedAt": "2020-08-10T14:59:45.524Z",
            "tags": [
                {
                    "id": 97536566,
                    "tagId": 28285096,
                    "name": "Cell_8",
                    "value": null,
                    "labelerLogin": "kyn.emre",
                    "createdAt": "2020-08-08T17:40:49.280Z",
                    "updatedAt": "2020-08-08T17:40:49.280Z"
                }
            ],
            "classTitle": "Cell",
            "points": {
                "exterior": [
                    [
                        1990,
                        394
                    ],
                    [
                        1942,
                        389
                    ],
                    [
                        1934,
                        371
                    ],
                    [
                        1896,
                        377
                    ],
                    [
                        1865,
                        360
                    ],
                    [
                        1872,
                        334
                    ],
                    [
                        1876,
                        314
                    ],
                    [
                        1850,
                        308
                    ],
                    [
                        1790,
                        308
                    ],
                    [
                        1746,
                        301
                    ],
                    [
                        1732,
                        308
                    ],
                    [
                        1706,
                        304
                    ],
                    [
                        1659,
                        308
                    ],
                    [
                        1633,
                        325
                    ],
                    [
                        1614,
                        311
                    ],
                    [
                        1595,
                        311
                    ],
                    [
                        1571,
                        319
                    ],
                    [
                        1546,
                        314
                    ],
                    [
                        1538,
                        296
                    ],
                    [
                        1573,
                        259
                    ],
                    [
                        1592,
                        247
                    ],
                    [
                        1631,
                        224
                    ],
                    [
                        1649,
                        210
                    ],
                    [
                        1667,
                        190
                    ],
                    [
                        1676,
                        167
                    ],
                    [
                        1670,
                        147
                    ],
                    [
                        1649,
                        115
                    ],
                    [
                        1650,
                        83
                    ],
                    [
                        1679,
                        49
                    ],
                    [
                        1709,
                        30
                    ],
                    [
                        1729,
                        20
                    ],
                    [
                        1749,
                        7
                    ],
                    [
                        1791,
                        1
                    ],
                    [
                        1837,
                        0
                    ],
                    [
                        1855,
                        0
                    ],
                    [
                        1866,
                        24
                    ],
                    [
                        1872,
                        51
                    ],
                    [
                        1863,
                        75
                    ],
                    [
                        1873,
                        111
                    ],
                    [
                        1896,
                        123
                    ],
                    [
                        1922,
                        132
                    ],
                    [
                        1954,
                        122
                    ],
                    [
                        1968,
                        100
                    ],
                    [
                        1983,
                        76
                    ],
                    [
                        2023,
                        67
                    ],
                    [
                        2052,
                        62
                    ],
                    [
                        2075,
                        62
                    ],
                    [
                        2109,
                        76
                    ],
                    [
                        2127,
                        93
                    ],
                    [
                        2120,
                        116
                    ],
                    [
                        2112,
                        134
                    ],
                    [
                        2102,
                        180
                    ],
                    [
                        2088,
                        223
                    ],
                    [
                        2079,
                        257
                    ],
                    [
                        2076,
                        283
                    ],
                    [
                        2058,
                        315
                    ],
                    [
                        2029,
                        353
                    ],
                    [
                        2012,
                        373
                    ]
                ],
                "interior": []
            }
        },
        {
            "id": 498639691,
            "classId": 1663235,
            "description": "",
            "geometryType": "polygon",
            "labelerLogin": "kyn.emre",
            "createdAt": "2020-08-08T17:40:49.280Z",
            "updatedAt": "2020-08-10T14:59:45.524Z",
            "tags": [
                {
                    "id": 97536567,
                    "tagId": 28285094,
                    "name": "Cell_7",
                    "value": null,
                    "labelerLogin": "kyn.emre",
                    "createdAt": "2020-08-08T17:40:49.280Z",
                    "updatedAt": "2020-08-08T17:40:49.280Z"
                }
            ],
            "classTitle": "Cell",
            "points": {
                "exterior": [
                    [
                        1545,
                        317
                    ],
                    [
                        1544,
                        330
                    ],
                    [
                        1557,
                        340
                    ],
                    [
                        1575,
                        336
                    ],
                    [
                        1560,
                        358
                    ],
                    [
                        1588,
                        365
                    ],
                    [
                        1610,
                        360
                    ],
                    [
                        1611,
                        382
                    ],
                    [
                        1587,
                        388
                    ],
                    [
                        1571,
                        395
                    ],
                    [
                        1558,
                        421
                    ],
                    [
                        1575,
                        438
                    ],
                    [
                        1587,
                        461
                    ],
                    [
                        1580,
                        487
                    ],
                    [
                        1585,
                        530
                    ],
                    [
                        1591,
                        572
                    ],
                    [
                        1607,
                        602
                    ],
                    [
                        1600,
                        635
                    ],
                    [
                        1588,
                        651
                    ],
                    [
                        1582,
                        684
                    ],
                    [
                        1601,
                        705
                    ],
                    [
                        1620,
                        712
                    ],
                    [
                        1660,
                        700
                    ],
                    [
                        1679,
                        693
                    ],
                    [
                        1685,
                        671
                    ],
                    [
                        1689,
                        653
                    ],
                    [
                        1699,
                        628
                    ],
                    [
                        1734,
                        597
                    ],
                    [
                        1754,
                        586
                    ],
                    [
                        1770,
                        553
                    ],
                    [
                        1770,
                        514
                    ],
                    [
                        1774,
                        483
                    ],
                    [
                        1765,
                        455
                    ],
                    [
                        1761,
                        425
                    ],
                    [
                        1751,
                        399
                    ],
                    [
                        1745,
                        379
                    ],
                    [
                        1752,
                        376
                    ],
                    [
                        1765,
                        364
                    ],
                    [
                        1768,
                        358
                    ],
                    [
                        1768,
                        341
                    ],
                    [
                        1771,
                        330
                    ],
                    [
                        1771,
                        316
                    ],
                    [
                        1751,
                        313
                    ],
                    [
                        1739,
                        307
                    ],
                    [
                        1701,
                        310
                    ],
                    [
                        1663,
                        309
                    ],
                    [
                        1637,
                        328
                    ],
                    [
                        1608,
                        313
                    ],
                    [
                        1573,
                        319
                    ]
                ],
                "interior": []
            }
        },
        {
            "id": 498639692,
            "classId": 1663235,
            "description": "",
            "geometryType": "polygon",
            "labelerLogin": "kyn.emre",
            "createdAt": "2020-08-08T17:40:49.280Z",
            "updatedAt": "2020-08-10T14:59:45.524Z",
            "tags": [
                {
                    "id": 97536568,
                    "tagId": 28285092,
                    "name": "Cell_6",
                    "value": null,
                    "labelerLogin": "kyn.emre",
                    "createdAt": "2020-08-08T17:40:49.280Z",
                    "updatedAt": "2020-08-08T17:40:49.280Z"
                }
            ],
            "classTitle": "Cell",
            "points": {
                "exterior": [
                    [
                        1713,
                        1515
                    ],
                    [
                        1686,
                        1518
                    ],
                    [
                        1673,
                        1501
                    ],
                    [
                        1640,
                        1501
                    ],
                    [
                        1610,
                        1506
                    ],
                    [
                        1600,
                        1503
                    ],
                    [
                        1569,
                        1518
                    ],
                    [
                        1534,
                        1520
                    ],
                    [
                        1505,
                        1520
                    ],
                    [
                        1471,
                        1517
                    ],
                    [
                        1426,
                        1517
                    ],
                    [
                        1402,
                        1517
                    ],
                    [
                        1372,
                        1517
                    ],
                    [
                        1301,
                        1503
                    ],
                    [
                        1280,
                        1499
                    ],
                    [
                        1255,
                        1490
                    ],
                    [
                        1230,
                        1484
                    ],
                    [
                        1193,
                        1477
                    ],
                    [
                        1165,
                        1474
                    ],
                    [
                        1086,
                        1463
                    ],
                    [
                        1040,
                        1466
                    ],
                    [
                        1025,
                        1474
                    ],
                    [
                        1024,
                        1490
                    ],
                    [
                        967,
                        1469
                    ],
                    [
                        922,
                        1463
                    ],
                    [
                        873,
                        1463
                    ],
                    [
                        835,
                        1463
                    ],
                    [
                        819,
                        1485
                    ],
                    [
                        819,
                        1496
                    ],
                    [
                        827,
                        1509
                    ],
                    [
                        835,
                        1528
                    ],
                    [
                        848,
                        1549
                    ],
                    [
                        868,
                        1550
                    ],
                    [
                        885,
                        1579
                    ],
                    [
                        902,
                        1607
                    ],
                    [
                        916,
                        1634
                    ],
                    [
                        941,
                        1653
                    ],
                    [
                        984,
                        1647
                    ],
                    [
                        1011,
                        1645
                    ],
                    [
                        1071,
                        1644
                    ],
                    [
                        1098,
                        1639
                    ],
                    [
                        1127,
                        1634
                    ],
                    [
                        1184,
                        1625
                    ],
                    [
                        1220,
                        1621
                    ],
                    [
                        1277,
                        1615
                    ],
                    [
                        1320,
                        1612
                    ],
                    [
                        1375,
                        1615
                    ],
                    [
                        1407,
                        1609
                    ],
                    [
                        1452,
                        1606
                    ],
                    [
                        1512,
                        1612
                    ],
                    [
                        1548,
                        1626
                    ],
                    [
                        1570,
                        1643
                    ],
                    [
                        1597,
                        1629
                    ],
                    [
                        1626,
                        1618
                    ],
                    [
                        1651,
                        1617
                    ],
                    [
                        1665,
                        1609
                    ],
                    [
                        1681,
                        1588
                    ],
                    [
                        1708,
                        1582
                    ],
                    [
                        1729,
                        1577
                    ],
                    [
                        1731,
                        1544
                    ]
                ],
                "interior": []
            }
        },
        {
            "id": 498639693,
            "classId": 1663235,
            "description": "",
            "geometryType": "polygon",
            "labelerLogin": "kyn.emre",
            "createdAt": "2020-08-08T17:40:49.280Z",
            "updatedAt": "2020-08-10T14:59:45.524Z",
            "tags": [
                {
                    "id": 97536569,
                    "tagId": 28285093,
                    "name": "Cell_5",
                    "value": null,
                    "labelerLogin": "kyn.emre",
                    "createdAt": "2020-08-08T17:40:49.280Z",
                    "updatedAt": "2020-08-08T17:40:49.280Z"
                }
            ],
            "classTitle": "Cell",
            "points": {
                "exterior": [
                    [
                        1445,
                        1514
                    ],
                    [
                        1442,
                        1498
                    ],
                    [
                        1409,
                        1487
                    ],
                    [
                        1391,
                        1477
                    ],
                    [
                        1385,
                        1457
                    ],
                    [
                        1379,
                        1436
                    ],
                    [
                        1361,
                        1417
                    ],
                    [
                        1339,
                        1412
                    ],
                    [
                        1333,
                        1403
                    ],
                    [
                        1337,
                        1389
                    ],
                    [
                        1342,
                        1374
                    ],
                    [
                        1317,
                        1370
                    ],
                    [
                        1296,
                        1366
                    ],
                    [
                        1282,
                        1365
                    ],
                    [
                        1265,
                        1346
                    ],
                    [
                        1253,
                        1325
                    ],
                    [
                        1201,
                        1316
                    ],
                    [
                        1169,
                        1308
                    ],
                    [
                        1125,
                        1295
                    ],
                    [
                        1086,
                        1273
                    ],
                    [
                        1043,
                        1270
                    ],
                    [
                        990,
                        1267
                    ],
                    [
                        962,
                        1279
                    ],
                    [
                        957,
                        1303
                    ],
                    [
                        933,
                        1305
                    ],
                    [
                        913,
                        1289
                    ],
                    [
                        879,
                        1289
                    ],
                    [
                        854,
                        1292
                    ],
                    [
                        834,
                        1292
                    ],
                    [
                        800,
                        1304
                    ],
                    [
                        781,
                        1327
                    ],
                    [
                        762,
                        1338
                    ],
                    [
                        742,
                        1333
                    ],
                    [
                        729,
                        1311
                    ],
                    [
                        712,
                        1292
                    ],
                    [
                        681,
                        1289
                    ],
                    [
                        662,
                        1276
                    ],
                    [
                        651,
                        1282
                    ],
                    [
                        629,
                        1267
                    ],
                    [
                        596,
                        1261
                    ],
                    [
                        552,
                        1278
                    ],
                    [
                        542,
                        1289
                    ],
                    [
                        523,
                        1297
                    ],
                    [
                        502,
                        1328
                    ],
                    [
                        492,
                        1351
                    ],
                    [
                        476,
                        1365
                    ],
                    [
                        463,
                        1382
                    ],
                    [
                        466,
                        1405
                    ],
                    [
                        460,
                        1434
                    ],
                    [
                        474,
                        1453
                    ],
                    [
                        482,
                        1472
                    ],
                    [
                        497,
                        1495
                    ],
                    [
                        511,
                        1509
                    ],
                    [
                        517,
                        1491
                    ],
                    [
                        532,
                        1501
                    ],
                    [
                        560,
                        1494
                    ],
                    [
                        590,
                        1482
                    ],
                    [
                        623,
                        1470
                    ],
                    [
                        672,
                        1470
                    ],
                    [
                        709,
                        1466
                    ],
                    [
                        740,
                        1460
                    ],
                    [
                        779,
                        1457
                    ],
                    [
                        823,
                        1455
                    ],
                    [
                        855,
                        1462
                    ],
                    [
                        888,
                        1481
                    ],
                    [
                        922,
                        1506
                    ],
                    [
                        961,
                        1546
                    ],
                    [
                        996,
                        1613
                    ],
                    [
                        1128,
                        1910
                    ],
                    [
                        1143,
                        1910
                    ],
                    [
                        1027,
                        1605
                    ],
                    [
                        1006,
                        1537
                    ],
                    [
                        1023,
                        1488
                    ],
                    [
                        1046,
                        1470
                    ],
                    [
                        1071,
                        1467
                    ],
                    [
                        1113,
                        1467
                    ],
                    [
                        1130,
                        1466
                    ],
                    [
                        1162,
                        1467
                    ],
                    [
                        1209,
                        1475
                    ],
                    [
                        1262,
                        1488
                    ],
                    [
                        1323,
                        1500
                    ],
                    [
                        1371,
                        1505
                    ],
                    [
                        1407,
                        1507
                    ]
                ],
                "interior": []
            }
        },
        {
            "id": 498970210,
            "classId": 1663235,
            "description": "",
            "geometryType": "polygon",
            "labelerLogin": "kyn.emre",
            "createdAt": "2020-08-10T14:59:45.336Z",
            "updatedAt": "2020-08-10T15:02:01.090Z",
            "tags": [
                {
                    "id": 97550001,
                    "tagId": 28285098,
                    "name": "Cell_3",
                    "value": null,
                    "labelerLogin": "kyn.emre",
                    "createdAt": "2020-08-10T15:00:08.412Z",
                    "updatedAt": "2020-08-10T15:00:08.412Z"
                }
            ],
            "classTitle": "Cell",
            "points": {
                "exterior": [
                    [
                        0,
                        552
                    ],
                    [
                        21,
                        513
                    ],
                    [
                        47,
                        489
                    ],
                    [
                        57,
                        468
                    ],
                    [
                        58,
                        454
                    ],
                    [
                        51,
                        421
                    ],
                    [
                        67,
                        399
                    ],
                    [
                        86,
                        414
                    ],
                    [
                        98,
                        402
                    ],
                    [
                        107,
                        383
                    ],
                    [
                        122,
                        395
                    ],
                    [
                        136,
                        371
                    ],
                    [
                        159,
                        381
                    ],
                    [
                        163,
                        400
                    ],
                    [
                        149,
                        419
                    ],
                    [
                        148,
                        439
                    ],
                    [
                        130,
                        456
                    ],
                    [
                        127,
                        476
                    ],
                    [
                        121,
                        496
                    ],
                    [
                        103,
                        504
                    ],
                    [
                        85,
                        519
                    ],
                    [
                        80,
                        531
                    ],
                    [
                        59,
                        540
                    ],
                    [
                        35,
                        566
                    ],
                    [
                        14,
                        588
                    ],
                    [
                        0,
                        608
                    ]
                ],
                "interior": []
            }
        }
    ]
}