{
    "description": "",
    "tags": [
        {
            "id": 85748995,
            "tagId": 28285101,
            "name": "Frame",
            "value": 1,
            "labelerLogin": "kyn.emre",
            "createdAt": "2020-08-08T17:40:49.280Z",
            "updatedAt": "2020-08-08T17:40:49.280Z"
        }
    ],
    "size": {
        "height": 1912,
        "width": 2568
    },
    "objects": [
        {
            "id": 498639582,
            "classId": 1663235,
            "description": "",
            "geometryType": "polygon",
            "labelerLogin": "kyn.emre",
            "createdAt": "2020-08-08T17:40:49.280Z",
            "updatedAt": "2020-08-09T12:52:11.647Z",
            "tags": [
                {
                    "id": 97536458,
                    "tagId": 28285092,
                    "name": "Cell_6",
                    "value": null,
                    "labelerLogin": "kyn.emre",
                    "createdAt": "2020-08-08T17:40:49.280Z",
                    "updatedAt": "2020-08-08T17:40:49.280Z"
                }
            ],
            "classTitle": "Cell",
            "points": {
                "exterior": [
                    [
                        1594,
                        1486
                    ],
                    [
                        1662,
                        1495
                    ],
                    [
                        1700,
                        1547
                    ],
                    [
                        1704,
                        1622
                    ],
                    [
                        1672,
                        1669
                    ],
                    [
                        1601,
                        1682
                    ],
                    [
                        1543,
                        1648
                    ],
                    [
                        1521,
                        1594
                    ],
                    [
                        1540,
                        1523
                    ]
                ],
                "interior": []
            }
        },
        {
            "id": 498639583,
            "classId": 1663235,
            "description": "",
            "geometryType": "polygon",
            "labelerLogin": "kyn.emre",
            "createdAt": "2020-08-08T17:40:49.280Z",
            "updatedAt": "2020-08-09T12:52:11.647Z",
            "tags": [
                {
                    "id": 97536459,
                    "tagId": 28285093,
                    "name": "Cell_5",
                    "value": null,
                    "labelerLogin": "kyn.emre",
                    "createdAt": "2020-08-08T17:40:49.280Z",
                    "updatedAt": "2020-08-08T17:40:49.280Z"
                }
            ],
            "classTitle": "Cell",
            "points": {
                "exterior": [
                    [
                        853,
                        1666
                    ],
                    [
                        907,
                        1628
                    ],
                    [
                        935,
                        1571
                    ],
                    [
                        922,
                        1530
                    ],
                    [
                        899,
                        1495
                    ],
                    [
                        868,
                        1473
                    ],
                    [
                        812,
                        1475
                    ],
                    [
                        760,
                        1497
                    ],
                    [
                        729,
                        1534
                    ],
                    [
                        719,
                        1583
                    ],
                    [
                        749,
                        1635
                    ],
                    [
                        795,
                        1661
                    ]
                ],
                "interior": []
            }
        },
        {
            "id": 498639584,
            "classId": 1663235,
            "description": "",
            "geometryType": "polygon",
            "labelerLogin": "kyn.emre",
            "createdAt": "2020-08-08T17:40:49.280Z",
            "updatedAt": "2020-08-09T12:52:11.647Z",
            "tags": [
                {
                    "id": 97536460,
                    "tagId": 28285095,
                    "name": "Cell_2",
                    "value": null,
                    "labelerLogin": "kyn.emre",
                    "createdAt": "2020-08-08T17:40:49.280Z",
                    "updatedAt": "2020-08-08T17:40:49.280Z"
                }
            ],
            "classTitle": "Cell",
            "points": {
                "exterior": [
                    [
                        633,
                        860
                    ],
                    [
                        683,
                        822
                    ],
                    [
                        692,
                        769
                    ],
                    [
                        669,
                        722
                    ],
                    [
                        616,
                        673
                    ],
                    [
                        564,
                        667
                    ],
                    [
                        517,
                        681
                    ],
                    [
                        491,
                        722
                    ],
                    [
                        481,
                        776
                    ],
                    [
                        511,
                        828
                    ],
                    [
                        566,
                        859
                    ]
                ],
                "interior": []
            }
        },
        {
            "id": 498639586,
            "classId": 1663235,
            "description": "",
            "geometryType": "polygon",
            "labelerLogin": "kyn.emre",
            "createdAt": "2020-08-08T17:40:49.280Z",
            "updatedAt": "2020-08-09T12:52:11.647Z",
            "tags": [
                {
                    "id": 97536462,
                    "tagId": 28285096,
                    "name": "Cell_8",
                    "value": null,
                    "labelerLogin": "kyn.emre",
                    "createdAt": "2020-08-08T17:40:49.280Z",
                    "updatedAt": "2020-08-08T17:40:49.280Z"
                }
            ],
            "classTitle": "Cell",
            "points": {
                "exterior": [
                    [
                        1639,
                        295
                    ],
                    [
                        1703,
                        262
                    ],
                    [
                        1735,
                        229
                    ],
                    [
                        1730,
                        168
                    ],
                    [
                        1696,
                        123
                    ],
                    [
                        1643,
                        103
                    ],
                    [
                        1583,
                        121
                    ],
                    [
                        1542,
                        157
                    ],
                    [
                        1536,
                        191
                    ],
                    [
                        1539,
                        227
                    ],
                    [
                        1566,
                        270
                    ],
                    [
                        1600,
                        289
                    ]
                ],
                "interior": []
            }
        },
        {
            "id": 498639585,
            "classId": 1663235,
            "description": "",
            "geometryType": "polygon",
            "labelerLogin": "kyn.emre",
            "createdAt": "2020-08-08T17:40:49.280Z",
            "updatedAt": "2020-08-10T13:55:13.991Z",
            "tags": [
                {
                    "id": 97536461,
                    "tagId": 28285094,
                    "name": "Cell_7",
                    "value": null,
                    "labelerLogin": "kyn.emre",
                    "createdAt": "2020-08-08T17:40:49.280Z",
                    "updatedAt": "2020-08-08T17:40:49.280Z"
                }
            ],
            "classTitle": "Cell",
            "points": {
                "exterior": [
                    [
                        1611,
                        732
                    ],
                    [
                        1638,
                        744
                    ],
                    [
                        1672,
                        742
                    ],
                    [
                        1704,
                        726
                    ],
                    [
                        1717,
                        707
                    ],
                    [
                        1725,
                        686
                    ],
                    [
                        1726,
                        666
                    ],
                    [
                        1719,
                        648
                    ],
                    [
                        1711,
                        628
                    ],
                    [
                        1699,
                        615
                    ],
                    [
                        1684,
                        601
                    ],
                    [
                        1661,
                        593
                    ],
                    [
                        1616,
                        598
                    ],
                    [
                        1586,
                        618
                    ],
                    [
                        1572,
                        650
                    ],
                    [
                        1570,
                        676
                    ],
                    [
                        1577,
                        699
                    ],
                    [
                        1591,
                        717
                    ]
                ],
                "interior": []
            }
        },
        {
            "id": 498639587,
            "classId": 1663235,
            "description": "",
            "geometryType": "polygon",
            "labelerLogin": "kyn.emre",
            "createdAt": "2020-08-08T17:40:49.280Z",
            "updatedAt": "2020-08-09T12:52:11.647Z",
            "tags": [
                {
                    "id": 97536463,
                    "tagId": 28285097,
                    "name": "Cell_1",
                    "value": null,
                    "labelerLogin": "kyn.emre",
                    "createdAt": "2020-08-08T17:40:49.280Z",
                    "updatedAt": "2020-08-08T17:40:49.280Z"
                }
            ],
            "classTitle": "Cell",
            "points": {
                "exterior": [
                    [
                        176,
                        390
                    ],
                    [
                        236,
                        366
                    ],
                    [
                        255,
                        306
                    ],
                    [
                        255,
                        274
                    ],
                    [
                        239,
                        228
                    ],
                    [
                        209,
                        207
                    ],
                    [
                        178,
                        201
                    ],
                    [
                        141,
                        188
                    ],
                    [
                        98,
                        199
                    ],
                    [
                        72,
                        227
                    ],
                    [
                        63,
                        248
                    ],
                    [
                        42,
                        269
                    ],
                    [
                        49,
                        307
                    ],
                    [
                        76,
                        354
                    ],
                    [
                        121,
                        379
                    ]
                ],
                "interior": []
            }
        },
        {
            "id": 498639588,
            "classId": 1663235,
            "description": "",
            "geometryType": "polygon",
            "labelerLogin": "kyn.emre",
            "createdAt": "2020-08-08T17:40:49.280Z",
            "updatedAt": "2020-08-10T13:58:24.428Z",
            "tags": [
                {
                    "id": 97536464,
                    "tagId": 28285098,
                    "name": "Cell_3",
                    "value": null,
                    "labelerLogin": "kyn.emre",
                    "createdAt": "2020-08-08T17:40:49.280Z",
                    "updatedAt": "2020-08-08T17:40:49.280Z"
                }
            ],
            "classTitle": "Cell",
            "points": {
                "exterior": [
                    [
                        0,
                        485
                    ],
                    [
                        33,
                        470
                    ],
                    [
                        74,
                        476
                    ],
                    [
                        101,
                        502
                    ],
                    [
                        114,
                        536
                    ],
                    [
                        111,
                        563
                    ],
                    [
                        100,
                        585
                    ],
                    [
                        70,
                        606
                    ],
                    [
                        45,
                        614
                    ],
                    [
                        25,
                        613
                    ],
                    [
                        0,
                        602
                    ]
                ],
                "interior": []
            }
        },
        {
            "id": 498639589,
            "classId": 1663235,
            "description": "",
            "geometryType": "polygon",
            "labelerLogin": "kyn.emre",
            "createdAt": "2020-08-08T17:40:49.280Z",
            "updatedAt": "2020-08-09T12:52:11.647Z",
            "tags": [
                {
                    "id": 97536465,
                    "tagId": 28285099,
                    "name": "Cell_4",
                    "value": null,
                    "labelerLogin": "kyn.emre",
                    "createdAt": "2020-08-08T17:40:49.280Z",
                    "updatedAt": "2020-08-08T17:40:49.280Z"
                }
            ],
            "classTitle": "Cell",
            "points": {
                "exterior": [
                    [
                        0,
                        952
                    ],
                    [
                        27,
                        966
                    ],
                    [
                        67,
                        961
                    ],
                    [
                        88,
                        946
                    ],
                    [
                        95,
                        927
                    ],
                    [
                        85,
                        908
                    ],
                    [
                        100,
                        883
                    ],
                    [
                        114,
                        862
                    ],
                    [
                        130,
                        828
                    ],
                    [
                        133,
                        802
                    ],
                    [
                        141,
                        778
                    ],
                    [
                        138,
                        763
                    ],
                    [
                        143,
                        750
                    ],
                    [
                        133,
                        736
                    ],
                    [
                        114,
                        722
                    ],
                    [
                        87,
                        711
                    ],
                    [
                        75,
                        711
                    ],
                    [
                        56,
                        706
                    ],
                    [
                        31,
                        700
                    ],
                    [
                        14,
                        703
                    ],
                    [
                        0,
                        706
                    ]
                ],
                "interior": []
            }
        },
        {
            "id": 498639590,
            "classId": 1663235,
            "description": "",
            "geometryType": "polygon",
            "labelerLogin": "kyn.emre",
            "createdAt": "2020-08-08T17:40:49.280Z",
            "updatedAt": "2020-08-09T12:52:11.647Z",
            "tags": [
                {
                    "id": 97536466,
                    "tagId": 28285100,
                    "name": "Cell_9",
                    "value": null,
                    "labelerLogin": "kyn.emre",
                    "createdAt": "2020-08-08T17:40:49.280Z",
                    "updatedAt": "2020-08-08T17:40:49.280Z"
                }
            ],
            "classTitle": "Cell",
            "points": {
                "exterior": [
                    [
                        2567,
                        735
                    ],
                    [
                        2527,
                        758
                    ],
                    [
                        2502,
                        796
                    ],
                    [
                        2501,
                        839
                    ],
                    [
                        2514,
                        864
                    ],
                    [
                        2531,
                        893
                    ],
                    [
                        2554,
                        908
                    ],
                    [
                        2567,
                        911
                    ]
                ],
                "interior": []
            }
        }
    ]
}