{
    "description": "",
    "tags": [
        {
            "id": 85749006,
            "tagId": 28285101,
            "name": "Frame",
            "value": 153,
            "labelerLogin": "kyn.emre",
            "createdAt": "2020-08-08T17:40:49.280Z",
            "updatedAt": "2020-08-08T17:40:49.280Z"
        }
    ],
    "size": {
        "height": 1912,
        "width": 2568
    },
    "objects": [
        {
            "id": 498639645,
            "classId": 1663235,
            "description": "",
            "geometryType": "polygon",
            "labelerLogin": "kyn.emre",
            "createdAt": "2020-08-08T17:40:49.280Z",
            "updatedAt": "2020-08-10T15:11:01.255Z",
            "tags": [
                {
                    "id": 97536521,
                    "tagId": 28285092,
                    "name": "Cell_6",
                    "value": null,
                    "labelerLogin": "kyn.emre",
                    "createdAt": "2020-08-08T17:40:49.280Z",
                    "updatedAt": "2020-08-08T17:40:49.280Z"
                }
            ],
            "classTitle": "Cell",
            "points": {
                "exterior": [
                    [
                        1328,
                        1765
                    ],
                    [
                        1366,
                        1786
                    ],
                    [
                        1395,
                        1756
                    ],
                    [
                        1447,
                        1720
                    ],
                    [
                        1483,
                        1689
                    ],
                    [
                        1537,
                        1639
                    ],
                    [
                        1596,
                        1610
                    ],
                    [
                        1661,
                        1566
                    ],
                    [
                        1746,
                        1542
                    ],
                    [
                        1780,
                        1542
                    ],
                    [
                        1811,
                        1532
                    ],
                    [
                        1825,
                        1499
                    ],
                    [
                        1848,
                        1458
                    ],
                    [
                        1856,
                        1436
                    ],
                    [
                        1800,
                        1456
                    ],
                    [
                        1750,
                        1472
                    ],
                    [
                        1677,
                        1487
                    ],
                    [
                        1612,
                        1488
                    ],
                    [
                        1544,
                        1491
                    ],
                    [
                        1480,
                        1495
                    ],
                    [
                        1438,
                        1498
                    ],
                    [
                        1364,
                        1498
                    ],
                    [
                        1332,
                        1491
                    ],
                    [
                        1313,
                        1512
                    ],
                    [
                        1309,
                        1530
                    ],
                    [
                        1315,
                        1552
                    ],
                    [
                        1283,
                        1558
                    ],
                    [
                        1276,
                        1580
                    ],
                    [
                        1264,
                        1601
                    ],
                    [
                        1249,
                        1631
                    ],
                    [
                        1223,
                        1633
                    ],
                    [
                        1226,
                        1666
                    ],
                    [
                        1251,
                        1700
                    ],
                    [
                        1270,
                        1732
                    ],
                    [
                        1299,
                        1750
                    ]
                ],
                "interior": []
            }
        },
        {
            "id": 498639646,
            "classId": 1663235,
            "description": "",
            "geometryType": "polygon",
            "labelerLogin": "kyn.emre",
            "createdAt": "2020-08-08T17:40:49.280Z",
            "updatedAt": "2020-08-10T15:11:01.255Z",
            "tags": [
                {
                    "id": 97536522,
                    "tagId": 28285093,
                    "name": "Cell_5",
                    "value": null,
                    "labelerLogin": "kyn.emre",
                    "createdAt": "2020-08-08T17:40:49.280Z",
                    "updatedAt": "2020-08-08T17:40:49.280Z"
                }
            ],
            "classTitle": "Cell",
            "points": {
                "exterior": [
                    [
                        1222,
                        1641
                    ],
                    [
                        1242,
                        1690
                    ],
                    [
                        1232,
                        1726
                    ],
                    [
                        1197,
                        1742
                    ],
                    [
                        1154,
                        1779
                    ],
                    [
                        1114,
                        1812
                    ],
                    [
                        1066,
                        1841
                    ],
                    [
                        1005,
                        1829
                    ],
                    [
                        1005,
                        1794
                    ],
                    [
                        1035,
                        1751
                    ],
                    [
                        1049,
                        1721
                    ],
                    [
                        1054,
                        1686
                    ],
                    [
                        1030,
                        1665
                    ],
                    [
                        988,
                        1641
                    ],
                    [
                        965,
                        1622
                    ],
                    [
                        925,
                        1603
                    ],
                    [
                        876,
                        1587
                    ],
                    [
                        828,
                        1573
                    ],
                    [
                        793,
                        1557
                    ],
                    [
                        763,
                        1547
                    ],
                    [
                        725,
                        1547
                    ],
                    [
                        662,
                        1528
                    ],
                    [
                        610,
                        1536
                    ],
                    [
                        598,
                        1571
                    ],
                    [
                        578,
                        1547
                    ],
                    [
                        549,
                        1526
                    ],
                    [
                        571,
                        1488
                    ],
                    [
                        596,
                        1460
                    ],
                    [
                        591,
                        1427
                    ],
                    [
                        591,
                        1385
                    ],
                    [
                        617,
                        1376
                    ],
                    [
                        655,
                        1362
                    ],
                    [
                        673,
                        1336
                    ],
                    [
                        707,
                        1332
                    ],
                    [
                        760,
                        1346
                    ],
                    [
                        782,
                        1346
                    ],
                    [
                        826,
                        1331
                    ],
                    [
                        864,
                        1319
                    ],
                    [
                        892,
                        1331
                    ],
                    [
                        934,
                        1313
                    ],
                    [
                        950,
                        1322
                    ],
                    [
                        1007,
                        1322
                    ],
                    [
                        1019,
                        1352
                    ],
                    [
                        1075,
                        1350
                    ],
                    [
                        1112,
                        1378
                    ],
                    [
                        1138,
                        1390
                    ],
                    [
                        1147,
                        1428
                    ],
                    [
                        1176,
                        1460
                    ],
                    [
                        1202,
                        1468
                    ],
                    [
                        1220,
                        1502
                    ],
                    [
                        1220,
                        1533
                    ],
                    [
                        1239,
                        1563
                    ],
                    [
                        1239,
                        1608
                    ]
                ],
                "interior": []
            }
        },
        {
            "id": 498639647,
            "classId": 1663235,
            "description": "",
            "geometryType": "polygon",
            "labelerLogin": "kyn.emre",
            "createdAt": "2020-08-08T17:40:49.280Z",
            "updatedAt": "2020-08-10T15:11:01.255Z",
            "tags": [
                {
                    "id": 97536523,
                    "tagId": 28285094,
                    "name": "Cell_7",
                    "value": null,
                    "labelerLogin": "kyn.emre",
                    "createdAt": "2020-08-08T17:40:49.280Z",
                    "updatedAt": "2020-08-08T17:40:49.280Z"
                }
            ],
            "classTitle": "Cell",
            "points": {
                "exterior": [
                    [
                        1867,
                        88
                    ],
                    [
                        1839,
                        110
                    ],
                    [
                        1810,
                        119
                    ],
                    [
                        1801,
                        138
                    ],
                    [
                        1799,
                        165
                    ],
                    [
                        1763,
                        207
                    ],
                    [
                        1781,
                        231
                    ],
                    [
                        1804,
                        260
                    ],
                    [
                        1789,
                        297
                    ],
                    [
                        1774,
                        335
                    ],
                    [
                        1764,
                        365
                    ],
                    [
                        1773,
                        423
                    ],
                    [
                        1799,
                        465
                    ],
                    [
                        1823,
                        503
                    ],
                    [
                        1831,
                        538
                    ],
                    [
                        1825,
                        573
                    ],
                    [
                        1803,
                        584
                    ],
                    [
                        1793,
                        606
                    ],
                    [
                        1812,
                        634
                    ],
                    [
                        1834,
                        647
                    ],
                    [
                        1848,
                        644
                    ],
                    [
                        1847,
                        678
                    ],
                    [
                        1871,
                        678
                    ],
                    [
                        1896,
                        656
                    ],
                    [
                        1889,
                        621
                    ],
                    [
                        1885,
                        611
                    ],
                    [
                        1895,
                        597
                    ],
                    [
                        1893,
                        579
                    ],
                    [
                        1876,
                        569
                    ],
                    [
                        1873,
                        519
                    ],
                    [
                        1885,
                        458
                    ],
                    [
                        1889,
                        384
                    ],
                    [
                        1880,
                        316
                    ],
                    [
                        1878,
                        275
                    ],
                    [
                        1896,
                        235
                    ],
                    [
                        1914,
                        202
                    ],
                    [
                        1927,
                        179
                    ],
                    [
                        1936,
                        161
                    ],
                    [
                        1915,
                        148
                    ],
                    [
                        1902,
                        143
                    ],
                    [
                        1890,
                        128
                    ],
                    [
                        1896,
                        109
                    ],
                    [
                        1875,
                        101
                    ]
                ],
                "interior": []
            }
        },
        {
            "id": 498639648,
            "classId": 1663235,
            "description": "",
            "geometryType": "polygon",
            "labelerLogin": "kyn.emre",
            "createdAt": "2020-08-08T17:40:49.280Z",
            "updatedAt": "2020-08-10T15:11:01.255Z",
            "tags": [
                {
                    "id": 97536524,
                    "tagId": 28285095,
                    "name": "Cell_2",
                    "value": null,
                    "labelerLogin": "kyn.emre",
                    "createdAt": "2020-08-08T17:40:49.280Z",
                    "updatedAt": "2020-08-08T17:40:49.280Z"
                }
            ],
            "classTitle": "Cell",
            "points": {
                "exterior": [
                    [
                        202,
                        402
                    ],
                    [
                        189,
                        426
                    ],
                    [
                        186,
                        443
                    ],
                    [
                        168,
                        481
                    ],
                    [
                        143,
                        530
                    ],
                    [
                        143,
                        590
                    ],
                    [
                        138,
                        637
                    ],
                    [
                        109,
                        666
                    ],
                    [
                        59,
                        680
                    ],
                    [
                        32,
                        689
                    ],
                    [
                        36,
                        732
                    ],
                    [
                        63,
                        767
                    ],
                    [
                        91,
                        771
                    ],
                    [
                        115,
                        801
                    ],
                    [
                        166,
                        789
                    ],
                    [
                        187,
                        793
                    ],
                    [
                        260,
                        788
                    ],
                    [
                        307,
                        785
                    ],
                    [
                        361,
                        764
                    ],
                    [
                        421,
                        795
                    ],
                    [
                        462,
                        816
                    ],
                    [
                        511,
                        844
                    ],
                    [
                        541,
                        870
                    ],
                    [
                        550,
                        898
                    ],
                    [
                        570,
                        928
                    ],
                    [
                        607,
                        919
                    ],
                    [
                        645,
                        908
                    ],
                    [
                        675,
                        888
                    ],
                    [
                        659,
                        844
                    ],
                    [
                        661,
                        811
                    ],
                    [
                        663,
                        771
                    ],
                    [
                        670,
                        745
                    ],
                    [
                        720,
                        713
                    ],
                    [
                        766,
                        699
                    ],
                    [
                        814,
                        685
                    ],
                    [
                        814,
                        659
                    ],
                    [
                        811,
                        635
                    ],
                    [
                        805,
                        612
                    ],
                    [
                        771,
                        602
                    ],
                    [
                        740,
                        621
                    ],
                    [
                        719,
                        637
                    ],
                    [
                        682,
                        652
                    ],
                    [
                        623,
                        645
                    ],
                    [
                        576,
                        638
                    ],
                    [
                        538,
                        628
                    ],
                    [
                        501,
                        616
                    ],
                    [
                        433,
                        593
                    ],
                    [
                        398,
                        560
                    ],
                    [
                        394,
                        534
                    ],
                    [
                        394,
                        509
                    ],
                    [
                        382,
                        467
                    ],
                    [
                        330,
                        452
                    ],
                    [
                        307,
                        450
                    ],
                    [
                        286,
                        450
                    ],
                    [
                        290,
                        420
                    ],
                    [
                        253,
                        431
                    ],
                    [
                        227,
                        427
                    ]
                ],
                "interior": []
            }
        },
        {
            "id": 498639649,
            "classId": 1663235,
            "description": "",
            "geometryType": "polygon",
            "labelerLogin": "kyn.emre",
            "createdAt": "2020-08-08T17:40:49.280Z",
            "updatedAt": "2020-08-10T15:11:01.255Z",
            "tags": [
                {
                    "id": 97536525,
                    "tagId": 28285096,
                    "name": "Cell_8",
                    "value": null,
                    "labelerLogin": "kyn.emre",
                    "createdAt": "2020-08-08T17:40:49.280Z",
                    "updatedAt": "2020-08-08T17:40:49.280Z"
                }
            ],
            "classTitle": "Cell",
            "points": {
                "exterior": [
                    [
                        1748,
                        443
                    ],
                    [
                        1737,
                        395
                    ],
                    [
                        1728,
                        327
                    ],
                    [
                        1740,
                        268
                    ],
                    [
                        1756,
                        222
                    ],
                    [
                        1779,
                        189
                    ],
                    [
                        1807,
                        165
                    ],
                    [
                        1810,
                        137
                    ],
                    [
                        1815,
                        118
                    ],
                    [
                        1847,
                        109
                    ],
                    [
                        1862,
                        101
                    ],
                    [
                        1869,
                        76
                    ],
                    [
                        1872,
                        61
                    ],
                    [
                        1803,
                        46
                    ],
                    [
                        1688,
                        34
                    ],
                    [
                        1646,
                        83
                    ],
                    [
                        1615,
                        59
                    ],
                    [
                        1565,
                        42
                    ],
                    [
                        1506,
                        48
                    ],
                    [
                        1454,
                        82
                    ],
                    [
                        1445,
                        118
                    ],
                    [
                        1422,
                        132
                    ],
                    [
                        1396,
                        147
                    ],
                    [
                        1370,
                        157
                    ],
                    [
                        1347,
                        163
                    ],
                    [
                        1331,
                        178
                    ],
                    [
                        1347,
                        202
                    ],
                    [
                        1353,
                        222
                    ],
                    [
                        1345,
                        234
                    ],
                    [
                        1335,
                        246
                    ],
                    [
                        1356,
                        271
                    ],
                    [
                        1368,
                        292
                    ],
                    [
                        1388,
                        312
                    ],
                    [
                        1407,
                        345
                    ],
                    [
                        1383,
                        380
                    ],
                    [
                        1352,
                        415
                    ],
                    [
                        1339,
                        440
                    ],
                    [
                        1347,
                        470
                    ],
                    [
                        1368,
                        497
                    ],
                    [
                        1395,
                        502
                    ],
                    [
                        1435,
                        483
                    ],
                    [
                        1459,
                        455
                    ],
                    [
                        1489,
                        480
                    ],
                    [
                        1534,
                        478
                    ],
                    [
                        1568,
                        471
                    ],
                    [
                        1596,
                        439
                    ],
                    [
                        1623,
                        439
                    ],
                    [
                        1668,
                        451
                    ],
                    [
                        1706,
                        454
                    ],
                    [
                        1726,
                        448
                    ]
                ],
                "interior": []
            }
        },
        {
            "id": 498639650,
            "classId": 1663235,
            "description": "",
            "geometryType": "polygon",
            "labelerLogin": "kyn.emre",
            "createdAt": "2020-08-08T17:40:49.280Z",
            "updatedAt": "2020-08-10T15:11:01.255Z",
            "tags": [
                {
                    "id": 97536526,
                    "tagId": 28285099,
                    "name": "Cell_4",
                    "value": null,
                    "labelerLogin": "kyn.emre",
                    "createdAt": "2020-08-08T17:40:49.280Z",
                    "updatedAt": "2020-08-08T17:40:49.280Z"
                }
            ],
            "classTitle": "Cell",
            "points": {
                "exterior": [
                    [
                        2,
                        746
                    ],
                    [
                        35,
                        731
                    ],
                    [
                        63,
                        764
                    ],
                    [
                        91,
                        769
                    ],
                    [
                        115,
                        799
                    ],
                    [
                        166,
                        790
                    ],
                    [
                        189,
                        809
                    ],
                    [
                        215,
                        832
                    ],
                    [
                        239,
                        864
                    ],
                    [
                        225,
                        878
                    ],
                    [
                        192,
                        884
                    ],
                    [
                        200,
                        905
                    ],
                    [
                        182,
                        934
                    ],
                    [
                        163,
                        969
                    ],
                    [
                        136,
                        949
                    ],
                    [
                        120,
                        967
                    ],
                    [
                        98,
                        975
                    ],
                    [
                        52,
                        980
                    ],
                    [
                        0,
                        984
                    ]
                ],
                "interior": []
            }
        },
        {
            "id": 498639651,
            "classId": 1663235,
            "description": "",
            "geometryType": "polygon",
            "labelerLogin": "kyn.emre",
            "createdAt": "2020-08-08T17:40:49.280Z",
            "updatedAt": "2020-08-10T15:11:01.255Z",
            "tags": [
                {
                    "id": 97536527,
                    "tagId": 28285100,
                    "name": "Cell_9",
                    "value": null,
                    "labelerLogin": "kyn.emre",
                    "createdAt": "2020-08-08T17:40:49.280Z",
                    "updatedAt": "2020-08-08T17:40:49.280Z"
                }
            ],
            "classTitle": "Cell",
            "points": {
                "exterior": [
                    [
                        2567,
                        785
                    ],
                    [
                        2538,
                        782
                    ],
                    [
                        2511,
                        803
                    ],
                    [
                        2501,
                        820
                    ],
                    [
                        2475,
                        814
                    ],
                    [
                        2397,
                        807
                    ],
                    [
                        2357,
                        823
                    ],
                    [
                        2334,
                        850
                    ],
                    [
                        2334,
                        887
                    ],
                    [
                        2307,
                        914
                    ],
                    [
                        2286,
                        947
                    ],
                    [
                        2284,
                        964
                    ],
                    [
                        2260,
                        976
                    ],
                    [
                        2228,
                        980
                    ],
                    [
                        2207,
                        947
                    ],
                    [
                        2216,
                        896
                    ],
                    [
                        2232,
                        877
                    ],
                    [
                        2251,
                        850
                    ],
                    [
                        2261,
                        809
                    ],
                    [
                        2254,
                        788
                    ],
                    [
                        2234,
                        753
                    ],
                    [
                        2220,
                        739
                    ],
                    [
                        2236,
                        711
                    ],
                    [
                        2235,
                        679
                    ],
                    [
                        2231,
                        635
                    ],
                    [
                        2247,
                        601
                    ],
                    [
                        2277,
                        598
                    ],
                    [
                        2308,
                        593
                    ],
                    [
                        2335,
                        576
                    ],
                    [
                        2338,
                        546
                    ],
                    [
                        2359,
                        533
                    ],
                    [
                        2380,
                        505
                    ],
                    [
                        2397,
                        530
                    ],
                    [
                        2429,
                        582
                    ],
                    [
                        2456,
                        600
                    ],
                    [
                        2510,
                        614
                    ],
                    [
                        2567,
                        628
                    ]
                ],
                "interior": []
            }
        },
        {
            "id": 498639652,
            "classId": 1663235,
            "description": "",
            "geometryType": "polygon",
            "labelerLogin": "kyn.emre",
            "createdAt": "2020-08-08T17:40:49.280Z",
            "updatedAt": "2020-08-10T15:11:01.255Z",
            "tags": [
                {
                    "id": 97536528,
                    "tagId": 28285098,
                    "name": "Cell_3",
                    "value": null,
                    "labelerLogin": "kyn.emre",
                    "createdAt": "2020-08-08T17:40:49.280Z",
                    "updatedAt": "2020-08-08T17:40:49.280Z"
                }
            ],
            "classTitle": "Cell",
            "points": {
                "exterior": [
                    [
                        185,
                        444
                    ],
                    [
                        162,
                        438
                    ],
                    [
                        130,
                        466
                    ],
                    [
                        85,
                        513
                    ],
                    [
                        25,
                        570
                    ],
                    [
                        0,
                        608
                    ],
                    [
                        3,
                        744
                    ],
                    [
                        36,
                        724
                    ],
                    [
                        31,
                        690
                    ],
                    [
                        109,
                        667
                    ],
                    [
                        137,
                        639
                    ],
                    [
                        144,
                        599
                    ],
                    [
                        142,
                        534
                    ],
                    [
                        173,
                        472
                    ]
                ],
                "interior": []
            }
        },
        {
            "id": 498639653,
            "classId": 1663235,
            "description": "",
            "geometryType": "polygon",
            "labelerLogin": "kyn.emre",
            "createdAt": "2020-08-08T17:40:49.280Z",
            "updatedAt": "2020-08-10T15:11:01.255Z",
            "tags": [
                {
                    "id": 97536529,
                    "tagId": 28285097,
                    "name": "Cell_1",
                    "value": null,
                    "labelerLogin": "kyn.emre",
                    "createdAt": "2020-08-08T17:40:49.280Z",
                    "updatedAt": "2020-08-08T17:40:49.280Z"
                }
            ],
            "classTitle": "Cell",
            "points": {
                "exterior": [
                    [
                        106,
                        480
                    ],
                    [
                        4,
                        573
                    ],
                    [
                        2,
                        85
                    ],
                    [
                        73,
                        110
                    ],
                    [
                        121,
                        130
                    ],
                    [
                        162,
                        138
                    ],
                    [
                        204,
                        155
                    ],
                    [
                        228,
                        185
                    ],
                    [
                        239,
                        189
                    ],
                    [
                        238,
                        205
                    ],
                    [
                        228,
                        218
                    ],
                    [
                        221,
                        250
                    ],
                    [
                        211,
                        279
                    ],
                    [
                        186,
                        311
                    ],
                    [
                        155,
                        325
                    ],
                    [
                        123,
                        329
                    ],
                    [
                        102,
                        331
                    ],
                    [
                        72,
                        386
                    ],
                    [
                        59,
                        427
                    ],
                    [
                        74,
                        469
                    ]
                ],
                "interior": []
            }
        },
        {
            "id": 498971148,
            "classId": 1663235,
            "description": "",
            "geometryType": "polygon",
            "labelerLogin": "kyn.emre",
            "createdAt": "2020-08-10T15:11:01.041Z",
            "updatedAt": "2020-08-10T15:11:07.808Z",
            "tags": [
                {
                    "id": 97550058,
                    "tagId": 28298782,
                    "name": "Cell_10",
                    "value": null,
                    "labelerLogin": "kyn.emre",
                    "createdAt": "2020-08-10T15:11:07.820Z",
                    "updatedAt": "2020-08-10T15:11:07.820Z"
                }
            ],
            "classTitle": "Cell",
            "points": {
                "exterior": [
                    [
                        1984,
                        1129
                    ],
                    [
                        2037,
                        1129
                    ],
                    [
                        2071,
                        1153
                    ],
                    [
                        2076,
                        1195
                    ],
                    [
                        2051,
                        1222
                    ],
                    [
                        2010,
                        1237
                    ],
                    [
                        1963,
                        1208
                    ],
                    [
                        1947,
                        1178
                    ],
                    [
                        1955,
                        1143
                    ]
                ],
                "interior": []
            }
        }
    ]
}