{
    "description": "",
    "tags": [
        {
            "id": 85749004,
            "tagId": 28285101,
            "name": "Frame",
            "value": 8,
            "labelerLogin": "kyn.emre",
            "createdAt": "2020-08-08T17:40:49.280Z",
            "updatedAt": "2020-08-08T17:40:49.280Z"
        }
    ],
    "size": {
        "height": 1912,
        "width": 2568
    },
    "objects": [
        {
            "id": 498639600,
            "classId": 1663235,
            "description": "",
            "geometryType": "polygon",
            "labelerLogin": "kyn.emre",
            "createdAt": "2020-08-08T17:40:49.280Z",
            "updatedAt": "2020-08-08T17:40:49.280Z",
            "tags": [
                {
                    "id": 97536476,
                    "tagId": 28285093,
                    "name": "Cell_5",
                    "value": null,
                    "labelerLogin": "kyn.emre",
                    "createdAt": "2020-08-08T17:40:49.280Z",
                    "updatedAt": "2020-08-08T17:40:49.280Z"
                }
            ],
            "classTitle": "Cell",
            "points": {
                "exterior": [
                    [
                        818,
                        1698
                    ],
                    [
                        839,
                        1692
                    ],
                    [
                        869,
                        1675
                    ],
                    [
                        900,
                        1654
                    ],
                    [
                        926,
                        1637
                    ],
                    [
                        951,
                        1627
                    ],
                    [
                        974,
                        1608
                    ],
                    [
                        982,
                        1587
                    ],
                    [
                        997,
                        1579
                    ],
                    [
                        1011,
                        1562
                    ],
                    [
                        1017,
                        1533
                    ],
                    [
                        1011,
                        1526
                    ],
                    [
                        996,
                        1524
                    ],
                    [
                        985,
                        1499
                    ],
                    [
                        985,
                        1492
                    ],
                    [
                        976,
                        1488
                    ],
                    [
                        963,
                        1497
                    ],
                    [
                        937,
                        1490
                    ],
                    [
                        915,
                        1477
                    ],
                    [
                        898,
                        1469
                    ],
                    [
                        866,
                        1455
                    ],
                    [
                        863,
                        1445
                    ],
                    [
                        840,
                        1428
                    ],
                    [
                        828,
                        1418
                    ],
                    [
                        813,
                        1411
                    ],
                    [
                        805,
                        1414
                    ],
                    [
                        784,
                        1425
                    ],
                    [
                        770,
                        1439
                    ],
                    [
                        759,
                        1454
                    ],
                    [
                        735,
                        1434
                    ],
                    [
                        725,
                        1441
                    ],
                    [
                        715,
                        1464
                    ],
                    [
                        722,
                        1492
                    ],
                    [
                        712,
                        1512
                    ],
                    [
                        695,
                        1529
                    ],
                    [
                        683,
                        1533
                    ],
                    [
                        670,
                        1551
                    ],
                    [
                        668,
                        1577
                    ],
                    [
                        681,
                        1585
                    ],
                    [
                        695,
                        1592
                    ],
                    [
                        704,
                        1603
                    ],
                    [
                        705,
                        1625
                    ],
                    [
                        719,
                        1633
                    ],
                    [
                        737,
                        1627
                    ],
                    [
                        753,
                        1635
                    ],
                    [
                        767,
                        1645
                    ],
                    [
                        786,
                        1657
                    ],
                    [
                        799,
                        1670
                    ],
                    [
                        807,
                        1684
                    ]
                ],
                "interior": []
            }
        },
        {
            "id": 498639601,
            "classId": 1663235,
            "description": "",
            "geometryType": "polygon",
            "labelerLogin": "kyn.emre",
            "createdAt": "2020-08-08T17:40:49.280Z",
            "updatedAt": "2020-08-08T17:40:49.280Z",
            "tags": [
                {
                    "id": 97536477,
                    "tagId": 28285094,
                    "name": "Cell_7",
                    "value": null,
                    "labelerLogin": "kyn.emre",
                    "createdAt": "2020-08-08T17:40:49.280Z",
                    "updatedAt": "2020-08-08T17:40:49.280Z"
                }
            ],
            "classTitle": "Cell",
            "points": {
                "exterior": [
                    [
                        1547,
                        582
                    ],
                    [
                        1545,
                        609
                    ],
                    [
                        1539,
                        626
                    ],
                    [
                        1543,
                        680
                    ],
                    [
                        1574,
                        743
                    ],
                    [
                        1595,
                        759
                    ],
                    [
                        1616,
                        779
                    ],
                    [
                        1644,
                        795
                    ],
                    [
                        1668,
                        804
                    ],
                    [
                        1680,
                        805
                    ],
                    [
                        1693,
                        797
                    ],
                    [
                        1704,
                        790
                    ],
                    [
                        1725,
                        782
                    ],
                    [
                        1738,
                        793
                    ],
                    [
                        1751,
                        780
                    ],
                    [
                        1751,
                        768
                    ],
                    [
                        1744,
                        758
                    ],
                    [
                        1738,
                        743
                    ],
                    [
                        1756,
                        726
                    ],
                    [
                        1762,
                        678
                    ],
                    [
                        1760,
                        632
                    ],
                    [
                        1738,
                        593
                    ],
                    [
                        1723,
                        577
                    ],
                    [
                        1721,
                        564
                    ],
                    [
                        1693,
                        552
                    ],
                    [
                        1637,
                        559
                    ],
                    [
                        1622,
                        574
                    ],
                    [
                        1597,
                        583
                    ],
                    [
                        1574,
                        570
                    ]
                ],
                "interior": []
            }
        },
        {
            "id": 498639602,
            "classId": 1663235,
            "description": "",
            "geometryType": "polygon",
            "labelerLogin": "kyn.emre",
            "createdAt": "2020-08-08T17:40:49.280Z",
            "updatedAt": "2020-08-08T17:40:49.280Z",
            "tags": [
                {
                    "id": 97536478,
                    "tagId": 28285095,
                    "name": "Cell_2",
                    "value": null,
                    "labelerLogin": "kyn.emre",
                    "createdAt": "2020-08-08T17:40:49.280Z",
                    "updatedAt": "2020-08-08T17:40:49.280Z"
                }
            ],
            "classTitle": "Cell",
            "points": {
                "exterior": [
                    [
                        527,
                        897
                    ],
                    [
                        547,
                        896
                    ],
                    [
                        569,
                        905
                    ],
                    [
                        579,
                        895
                    ],
                    [
                        599,
                        875
                    ],
                    [
                        634,
                        862
                    ],
                    [
                        668,
                        834
                    ],
                    [
                        689,
                        787
                    ],
                    [
                        695,
                        753
                    ],
                    [
                        714,
                        724
                    ],
                    [
                        712,
                        698
                    ],
                    [
                        700,
                        676
                    ],
                    [
                        679,
                        672
                    ],
                    [
                        665,
                        664
                    ],
                    [
                        637,
                        673
                    ],
                    [
                        612,
                        671
                    ],
                    [
                        588,
                        663
                    ],
                    [
                        564,
                        661
                    ],
                    [
                        556,
                        649
                    ],
                    [
                        538,
                        644
                    ],
                    [
                        502,
                        644
                    ],
                    [
                        490,
                        648
                    ],
                    [
                        475,
                        663
                    ],
                    [
                        478,
                        687
                    ],
                    [
                        484,
                        723
                    ],
                    [
                        482,
                        769
                    ],
                    [
                        483,
                        794
                    ],
                    [
                        494,
                        815
                    ],
                    [
                        516,
                        845
                    ],
                    [
                        513,
                        881
                    ]
                ],
                "interior": []
            }
        },
        {
            "id": 498639603,
            "classId": 1663235,
            "description": "",
            "geometryType": "polygon",
            "labelerLogin": "kyn.emre",
            "createdAt": "2020-08-08T17:40:49.280Z",
            "updatedAt": "2020-08-08T17:40:49.280Z",
            "tags": [
                {
                    "id": 97536479,
                    "tagId": 28285096,
                    "name": "Cell_8",
                    "value": null,
                    "labelerLogin": "kyn.emre",
                    "createdAt": "2020-08-08T17:40:49.280Z",
                    "updatedAt": "2020-08-08T17:40:49.280Z"
                }
            ],
            "classTitle": "Cell",
            "points": {
                "exterior": [
                    [
                        1569,
                        305
                    ],
                    [
                        1623,
                        309
                    ],
                    [
                        1698,
                        302
                    ],
                    [
                        1724,
                        288
                    ],
                    [
                        1755,
                        249
                    ],
                    [
                        1782,
                        187
                    ],
                    [
                        1788,
                        131
                    ],
                    [
                        1761,
                        78
                    ],
                    [
                        1738,
                        80
                    ],
                    [
                        1710,
                        63
                    ],
                    [
                        1672,
                        45
                    ],
                    [
                        1647,
                        58
                    ],
                    [
                        1632,
                        65
                    ],
                    [
                        1592,
                        73
                    ],
                    [
                        1587,
                        100
                    ],
                    [
                        1571,
                        111
                    ],
                    [
                        1550,
                        112
                    ],
                    [
                        1515,
                        124
                    ],
                    [
                        1515,
                        171
                    ],
                    [
                        1532,
                        200
                    ],
                    [
                        1541,
                        262
                    ]
                ],
                "interior": []
            }
        },
        {
            "id": 498639604,
            "classId": 1663235,
            "description": "",
            "geometryType": "polygon",
            "labelerLogin": "kyn.emre",
            "createdAt": "2020-08-08T17:40:49.280Z",
            "updatedAt": "2020-08-08T17:40:49.280Z",
            "tags": [
                {
                    "id": 97536480,
                    "tagId": 28285097,
                    "name": "Cell_1",
                    "value": null,
                    "labelerLogin": "kyn.emre",
                    "createdAt": "2020-08-08T17:40:49.280Z",
                    "updatedAt": "2020-08-08T17:40:49.280Z"
                }
            ],
            "classTitle": "Cell",
            "points": {
                "exterior": [
                    [
                        171,
                        150
                    ],
                    [
                        140,
                        138
                    ],
                    [
                        103,
                        168
                    ],
                    [
                        67,
                        211
                    ],
                    [
                        68,
                        277
                    ],
                    [
                        105,
                        330
                    ],
                    [
                        133,
                        338
                    ],
                    [
                        170,
                        351
                    ],
                    [
                        218,
                        365
                    ],
                    [
                        264,
                        340
                    ],
                    [
                        265,
                        305
                    ],
                    [
                        265,
                        267
                    ],
                    [
                        265,
                        213
                    ],
                    [
                        248,
                        194
                    ],
                    [
                        215,
                        179
                    ],
                    [
                        190,
                        169
                    ]
                ],
                "interior": []
            }
        },
        {
            "id": 498639605,
            "classId": 1663235,
            "description": "",
            "geometryType": "polygon",
            "labelerLogin": "kyn.emre",
            "createdAt": "2020-08-08T17:40:49.280Z",
            "updatedAt": "2020-08-08T17:40:49.280Z",
            "tags": [
                {
                    "id": 97536481,
                    "tagId": 28285098,
                    "name": "Cell_3",
                    "value": null,
                    "labelerLogin": "kyn.emre",
                    "createdAt": "2020-08-08T17:40:49.280Z",
                    "updatedAt": "2020-08-08T17:40:49.280Z"
                }
            ],
            "classTitle": "Cell",
            "points": {
                "exterior": [
                    [
                        10,
                        659
                    ],
                    [
                        33,
                        648
                    ],
                    [
                        65,
                        644
                    ],
                    [
                        98,
                        646
                    ],
                    [
                        133,
                        665
                    ],
                    [
                        150,
                        667
                    ],
                    [
                        147,
                        652
                    ],
                    [
                        140,
                        623
                    ],
                    [
                        156,
                        613
                    ],
                    [
                        184,
                        596
                    ],
                    [
                        179,
                        564
                    ],
                    [
                        183,
                        546
                    ],
                    [
                        170,
                        534
                    ],
                    [
                        175,
                        520
                    ],
                    [
                        165,
                        504
                    ],
                    [
                        154,
                        489
                    ],
                    [
                        147,
                        478
                    ],
                    [
                        159,
                        464
                    ],
                    [
                        138,
                        459
                    ],
                    [
                        145,
                        438
                    ],
                    [
                        121,
                        425
                    ],
                    [
                        103,
                        425
                    ],
                    [
                        92,
                        416
                    ],
                    [
                        75,
                        413
                    ],
                    [
                        61,
                        415
                    ],
                    [
                        34,
                        417
                    ],
                    [
                        19,
                        420
                    ],
                    [
                        0,
                        431
                    ],
                    [
                        0,
                        661
                    ]
                ],
                "interior": []
            }
        },
        {
            "id": 498639606,
            "classId": 1663235,
            "description": "",
            "geometryType": "polygon",
            "labelerLogin": "kyn.emre",
            "createdAt": "2020-08-08T17:40:49.280Z",
            "updatedAt": "2020-08-08T17:40:49.280Z",
            "tags": [
                {
                    "id": 97536482,
                    "tagId": 28285099,
                    "name": "Cell_4",
                    "value": null,
                    "labelerLogin": "kyn.emre",
                    "createdAt": "2020-08-08T17:40:49.280Z",
                    "updatedAt": "2020-08-08T17:40:49.280Z"
                }
            ],
            "classTitle": "Cell",
            "points": {
                "exterior": [
                    [
                        0,
                        676
                    ],
                    [
                        26,
                        679
                    ],
                    [
                        47,
                        682
                    ],
                    [
                        66,
                        691
                    ],
                    [
                        81,
                        708
                    ],
                    [
                        105,
                        697
                    ],
                    [
                        129,
                        694
                    ],
                    [
                        140,
                        733
                    ],
                    [
                        166,
                        773
                    ],
                    [
                        147,
                        800
                    ],
                    [
                        134,
                        819
                    ],
                    [
                        134,
                        856
                    ],
                    [
                        138,
                        873
                    ],
                    [
                        113,
                        889
                    ],
                    [
                        101,
                        908
                    ],
                    [
                        82,
                        928
                    ],
                    [
                        84,
                        952
                    ],
                    [
                        35,
                        952
                    ],
                    [
                        0,
                        959
                    ]
                ],
                "interior": []
            }
        },
        {
            "id": 498639607,
            "classId": 1663235,
            "description": "",
            "geometryType": "polygon",
            "labelerLogin": "kyn.emre",
            "createdAt": "2020-08-08T17:40:49.280Z",
            "updatedAt": "2020-08-10T15:48:30.577Z",
            "tags": [
                {
                    "id": 97536483,
                    "tagId": 28285100,
                    "name": "Cell_9",
                    "value": null,
                    "labelerLogin": "kyn.emre",
                    "createdAt": "2020-08-08T17:40:49.280Z",
                    "updatedAt": "2020-08-08T17:40:49.280Z"
                }
            ],
            "classTitle": "Cell",
            "points": {
                "exterior": [
                    [
                        2568,
                        735
                    ],
                    [
                        2546,
                        738
                    ],
                    [
                        2539,
                        750
                    ],
                    [
                        2522,
                        765
                    ],
                    [
                        2505,
                        778
                    ],
                    [
                        2494,
                        790
                    ],
                    [
                        2481,
                        816
                    ],
                    [
                        2479,
                        842
                    ],
                    [
                        2490,
                        873
                    ],
                    [
                        2504,
                        893
                    ],
                    [
                        2522,
                        910
                    ],
                    [
                        2522,
                        927
                    ],
                    [
                        2541,
                        937
                    ],
                    [
                        2553,
                        943
                    ],
                    [
                        2568,
                        950
                    ]
                ],
                "interior": []
            }
        },
        {
            "id": 498639608,
            "classId": 1663235,
            "description": "",
            "geometryType": "polygon",
            "labelerLogin": "kyn.emre",
            "createdAt": "2020-08-08T17:40:49.280Z",
            "updatedAt": "2020-08-08T17:40:49.280Z",
            "tags": [
                {
                    "id": 97536484,
                    "tagId": 28285092,
                    "name": "Cell_6",
                    "value": null,
                    "labelerLogin": "kyn.emre",
                    "createdAt": "2020-08-08T17:40:49.280Z",
                    "updatedAt": "2020-08-08T17:40:49.280Z"
                }
            ],
            "classTitle": "Cell",
            "points": {
                "exterior": [
                    [
                        1641,
                        1679
                    ],
                    [
                        1671,
                        1666
                    ],
                    [
                        1689,
                        1652
                    ],
                    [
                        1705,
                        1627
                    ],
                    [
                        1715,
                        1606
                    ],
                    [
                        1718,
                        1593
                    ],
                    [
                        1719,
                        1583
                    ],
                    [
                        1729,
                        1585
                    ],
                    [
                        1726,
                        1573
                    ],
                    [
                        1716,
                        1569
                    ],
                    [
                        1714,
                        1562
                    ],
                    [
                        1712,
                        1550
                    ],
                    [
                        1719,
                        1543
                    ],
                    [
                        1719,
                        1535
                    ],
                    [
                        1710,
                        1528
                    ],
                    [
                        1699,
                        1530
                    ],
                    [
                        1684,
                        1528
                    ],
                    [
                        1674,
                        1517
                    ],
                    [
                        1659,
                        1512
                    ],
                    [
                        1650,
                        1500
                    ],
                    [
                        1644,
                        1491
                    ],
                    [
                        1626,
                        1486
                    ],
                    [
                        1616,
                        1486
                    ],
                    [
                        1589,
                        1488
                    ],
                    [
                        1561,
                        1507
                    ],
                    [
                        1532,
                        1538
                    ],
                    [
                        1533,
                        1551
                    ],
                    [
                        1524,
                        1561
                    ],
                    [
                        1515,
                        1571
                    ],
                    [
                        1513,
                        1587
                    ],
                    [
                        1520,
                        1611
                    ],
                    [
                        1529,
                        1634
                    ],
                    [
                        1547,
                        1652
                    ],
                    [
                        1566,
                        1664
                    ],
                    [
                        1598,
                        1677
                    ]
                ],
                "interior": []
            }
        }
    ]
}