{
    "description": "",
    "tags": [
        {
            "id": 85748998,
            "tagId": 28285101,
            "name": "Frame",
            "value": 15,
            "labelerLogin": "kyn.emre",
            "createdAt": "2020-08-08T17:40:49.280Z",
            "updatedAt": "2020-08-08T17:40:49.280Z"
        }
    ],
    "size": {
        "height": 1912,
        "width": 2568
    },
    "objects": [
        {
            "id": 498639618,
            "classId": 1663235,
            "description": "",
            "geometryType": "polygon",
            "labelerLogin": "kyn.emre",
            "createdAt": "2020-08-08T17:40:49.280Z",
            "updatedAt": "2020-08-08T17:40:49.280Z",
            "tags": [
                {
                    "id": 97536494,
                    "tagId": 28285092,
                    "name": "Cell_6",
                    "value": null,
                    "labelerLogin": "kyn.emre",
                    "createdAt": "2020-08-08T17:40:49.280Z",
                    "updatedAt": "2020-08-08T17:40:49.280Z"
                }
            ],
            "classTitle": "Cell",
            "points": {
                "exterior": [
                    [
                        1547,
                        1659
                    ],
                    [
                        1579,
                        1673
                    ],
                    [
                        1613,
                        1676
                    ],
                    [
                        1657,
                        1675
                    ],
                    [
                        1681,
                        1658
                    ],
                    [
                        1705,
                        1635
                    ],
                    [
                        1713,
                        1612
                    ],
                    [
                        1730,
                        1601
                    ],
                    [
                        1740,
                        1583
                    ],
                    [
                        1735,
                        1569
                    ],
                    [
                        1726,
                        1551
                    ],
                    [
                        1749,
                        1541
                    ],
                    [
                        1751,
                        1524
                    ],
                    [
                        1732,
                        1521
                    ],
                    [
                        1709,
                        1525
                    ],
                    [
                        1691,
                        1506
                    ],
                    [
                        1676,
                        1492
                    ],
                    [
                        1657,
                        1480
                    ],
                    [
                        1632,
                        1476
                    ],
                    [
                        1614,
                        1479
                    ],
                    [
                        1600,
                        1489
                    ],
                    [
                        1587,
                        1496
                    ],
                    [
                        1576,
                        1495
                    ],
                    [
                        1565,
                        1489
                    ],
                    [
                        1537,
                        1505
                    ],
                    [
                        1517,
                        1524
                    ],
                    [
                        1510,
                        1542
                    ],
                    [
                        1502,
                        1574
                    ],
                    [
                        1509,
                        1612
                    ],
                    [
                        1524,
                        1641
                    ]
                ],
                "interior": []
            }
        },
        {
            "id": 498639619,
            "classId": 1663235,
            "description": "",
            "geometryType": "polygon",
            "labelerLogin": "kyn.emre",
            "createdAt": "2020-08-08T17:40:49.280Z",
            "updatedAt": "2020-08-08T17:40:49.280Z",
            "tags": [
                {
                    "id": 97536495,
                    "tagId": 28285093,
                    "name": "Cell_5",
                    "value": null,
                    "labelerLogin": "kyn.emre",
                    "createdAt": "2020-08-08T17:40:49.280Z",
                    "updatedAt": "2020-08-08T17:40:49.280Z"
                }
            ],
            "classTitle": "Cell",
            "points": {
                "exterior": [
                    [
                        837,
                        1701
                    ],
                    [
                        861,
                        1704
                    ],
                    [
                        891,
                        1702
                    ],
                    [
                        931,
                        1686
                    ],
                    [
                        944,
                        1668
                    ],
                    [
                        963,
                        1662
                    ],
                    [
                        983,
                        1656
                    ],
                    [
                        999,
                        1633
                    ],
                    [
                        1014,
                        1603
                    ],
                    [
                        1008,
                        1582
                    ],
                    [
                        1008,
                        1560
                    ],
                    [
                        1020,
                        1536
                    ],
                    [
                        1033,
                        1501
                    ],
                    [
                        1022,
                        1477
                    ],
                    [
                        997,
                        1461
                    ],
                    [
                        985,
                        1456
                    ],
                    [
                        974,
                        1460
                    ],
                    [
                        959,
                        1450
                    ],
                    [
                        944,
                        1433
                    ],
                    [
                        920,
                        1426
                    ],
                    [
                        900,
                        1411
                    ],
                    [
                        887,
                        1391
                    ],
                    [
                        874,
                        1375
                    ],
                    [
                        872,
                        1359
                    ],
                    [
                        854,
                        1359
                    ],
                    [
                        838,
                        1377
                    ],
                    [
                        820,
                        1385
                    ],
                    [
                        794,
                        1389
                    ],
                    [
                        758,
                        1383
                    ],
                    [
                        743,
                        1398
                    ],
                    [
                        739,
                        1425
                    ],
                    [
                        722,
                        1450
                    ],
                    [
                        681,
                        1471
                    ],
                    [
                        681,
                        1506
                    ],
                    [
                        661,
                        1521
                    ],
                    [
                        668,
                        1542
                    ],
                    [
                        656,
                        1570
                    ],
                    [
                        659,
                        1592
                    ],
                    [
                        679,
                        1602
                    ],
                    [
                        693,
                        1613
                    ],
                    [
                        706,
                        1615
                    ],
                    [
                        701,
                        1636
                    ],
                    [
                        702,
                        1652
                    ],
                    [
                        718,
                        1654
                    ],
                    [
                        737,
                        1650
                    ],
                    [
                        750,
                        1653
                    ],
                    [
                        764,
                        1670
                    ],
                    [
                        789,
                        1673
                    ],
                    [
                        812,
                        1676
                    ],
                    [
                        825,
                        1694
                    ]
                ],
                "interior": []
            }
        },
        {
            "id": 498639620,
            "classId": 1663235,
            "description": "",
            "geometryType": "polygon",
            "labelerLogin": "kyn.emre",
            "createdAt": "2020-08-08T17:40:49.280Z",
            "updatedAt": "2020-08-08T17:40:49.280Z",
            "tags": [
                {
                    "id": 97536496,
                    "tagId": 28285094,
                    "name": "Cell_7",
                    "value": null,
                    "labelerLogin": "kyn.emre",
                    "createdAt": "2020-08-08T17:40:49.280Z",
                    "updatedAt": "2020-08-08T17:40:49.280Z"
                }
            ],
            "classTitle": "Cell",
            "points": {
                "exterior": [
                    [
                        1633,
                        827
                    ],
                    [
                        1663,
                        815
                    ],
                    [
                        1678,
                        824
                    ],
                    [
                        1718,
                        816
                    ],
                    [
                        1743,
                        804
                    ],
                    [
                        1744,
                        786
                    ],
                    [
                        1747,
                        772
                    ],
                    [
                        1761,
                        753
                    ],
                    [
                        1747,
                        724
                    ],
                    [
                        1741,
                        696
                    ],
                    [
                        1741,
                        649
                    ],
                    [
                        1732,
                        618
                    ],
                    [
                        1730,
                        596
                    ],
                    [
                        1736,
                        575
                    ],
                    [
                        1734,
                        556
                    ],
                    [
                        1740,
                        534
                    ],
                    [
                        1723,
                        536
                    ],
                    [
                        1713,
                        520
                    ],
                    [
                        1685,
                        526
                    ],
                    [
                        1666,
                        530
                    ],
                    [
                        1639,
                        530
                    ],
                    [
                        1619,
                        536
                    ],
                    [
                        1608,
                        555
                    ],
                    [
                        1591,
                        570
                    ],
                    [
                        1576,
                        567
                    ],
                    [
                        1549,
                        559
                    ],
                    [
                        1551,
                        578
                    ],
                    [
                        1556,
                        590
                    ],
                    [
                        1562,
                        607
                    ],
                    [
                        1566,
                        629
                    ],
                    [
                        1555,
                        639
                    ],
                    [
                        1529,
                        643
                    ],
                    [
                        1510,
                        657
                    ],
                    [
                        1507,
                        680
                    ],
                    [
                        1535,
                        700
                    ],
                    [
                        1552,
                        705
                    ],
                    [
                        1573,
                        705
                    ],
                    [
                        1579,
                        721
                    ],
                    [
                        1593,
                        738
                    ],
                    [
                        1607,
                        750
                    ],
                    [
                        1621,
                        761
                    ],
                    [
                        1620,
                        774
                    ],
                    [
                        1610,
                        779
                    ],
                    [
                        1612,
                        792
                    ],
                    [
                        1616,
                        803
                    ],
                    [
                        1623,
                        820
                    ]
                ],
                "interior": []
            }
        },
        {
            "id": 498639621,
            "classId": 1663235,
            "description": "",
            "geometryType": "polygon",
            "labelerLogin": "kyn.emre",
            "createdAt": "2020-08-08T17:40:49.280Z",
            "updatedAt": "2020-08-08T17:40:49.280Z",
            "tags": [
                {
                    "id": 97536497,
                    "tagId": 28285095,
                    "name": "Cell_2",
                    "value": null,
                    "labelerLogin": "kyn.emre",
                    "createdAt": "2020-08-08T17:40:49.280Z",
                    "updatedAt": "2020-08-08T17:40:49.280Z"
                }
            ],
            "classTitle": "Cell",
            "points": {
                "exterior": [
                    [
                        562,
                        910
                    ],
                    [
                        589,
                        895
                    ],
                    [
                        611,
                        882
                    ],
                    [
                        635,
                        861
                    ],
                    [
                        660,
                        841
                    ],
                    [
                        686,
                        821
                    ],
                    [
                        699,
                        793
                    ],
                    [
                        704,
                        768
                    ],
                    [
                        703,
                        741
                    ],
                    [
                        687,
                        722
                    ],
                    [
                        687,
                        699
                    ],
                    [
                        670,
                        675
                    ],
                    [
                        660,
                        666
                    ],
                    [
                        642,
                        657
                    ],
                    [
                        626,
                        659
                    ],
                    [
                        592,
                        655
                    ],
                    [
                        570,
                        652
                    ],
                    [
                        553,
                        657
                    ],
                    [
                        539,
                        651
                    ],
                    [
                        519,
                        651
                    ],
                    [
                        510,
                        661
                    ],
                    [
                        486,
                        679
                    ],
                    [
                        473,
                        694
                    ],
                    [
                        472,
                        713
                    ],
                    [
                        484,
                        728
                    ],
                    [
                        477,
                        739
                    ],
                    [
                        466,
                        741
                    ],
                    [
                        465,
                        759
                    ],
                    [
                        482,
                        772
                    ],
                    [
                        480,
                        794
                    ],
                    [
                        478,
                        815
                    ],
                    [
                        492,
                        837
                    ],
                    [
                        498,
                        863
                    ],
                    [
                        520,
                        880
                    ],
                    [
                        539,
                        880
                    ],
                    [
                        552,
                        899
                    ]
                ],
                "interior": []
            }
        },
        {
            "id": 498639622,
            "classId": 1663235,
            "description": "",
            "geometryType": "polygon",
            "labelerLogin": "kyn.emre",
            "createdAt": "2020-08-08T17:40:49.280Z",
            "updatedAt": "2020-08-08T17:40:49.280Z",
            "tags": [
                {
                    "id": 97536498,
                    "tagId": 28285096,
                    "name": "Cell_8",
                    "value": null,
                    "labelerLogin": "kyn.emre",
                    "createdAt": "2020-08-08T17:40:49.280Z",
                    "updatedAt": "2020-08-08T17:40:49.280Z"
                }
            ],
            "classTitle": "Cell",
            "points": {
                "exterior": [
                    [
                        1692,
                        1
                    ],
                    [
                        1677,
                        10
                    ],
                    [
                        1659,
                        20
                    ],
                    [
                        1640,
                        20
                    ],
                    [
                        1618,
                        30
                    ],
                    [
                        1620,
                        49
                    ],
                    [
                        1601,
                        64
                    ],
                    [
                        1573,
                        82
                    ],
                    [
                        1562,
                        96
                    ],
                    [
                        1538,
                        88
                    ],
                    [
                        1519,
                        103
                    ],
                    [
                        1505,
                        118
                    ],
                    [
                        1512,
                        142
                    ],
                    [
                        1521,
                        152
                    ],
                    [
                        1517,
                        160
                    ],
                    [
                        1507,
                        178
                    ],
                    [
                        1523,
                        186
                    ],
                    [
                        1535,
                        195
                    ],
                    [
                        1539,
                        207
                    ],
                    [
                        1533,
                        226
                    ],
                    [
                        1523,
                        248
                    ],
                    [
                        1527,
                        272
                    ],
                    [
                        1540,
                        283
                    ],
                    [
                        1560,
                        299
                    ],
                    [
                        1574,
                        316
                    ],
                    [
                        1597,
                        311
                    ],
                    [
                        1617,
                        324
                    ],
                    [
                        1633,
                        346
                    ],
                    [
                        1659,
                        354
                    ],
                    [
                        1670,
                        342
                    ],
                    [
                        1686,
                        314
                    ],
                    [
                        1700,
                        301
                    ],
                    [
                        1729,
                        303
                    ],
                    [
                        1750,
                        314
                    ],
                    [
                        1761,
                        299
                    ],
                    [
                        1763,
                        283
                    ],
                    [
                        1760,
                        264
                    ],
                    [
                        1759,
                        242
                    ],
                    [
                        1766,
                        219
                    ],
                    [
                        1777,
                        203
                    ],
                    [
                        1800,
                        189
                    ],
                    [
                        1818,
                        181
                    ],
                    [
                        1824,
                        171
                    ],
                    [
                        1820,
                        158
                    ],
                    [
                        1817,
                        143
                    ],
                    [
                        1808,
                        140
                    ],
                    [
                        1801,
                        119
                    ],
                    [
                        1779,
                        118
                    ],
                    [
                        1777,
                        99
                    ],
                    [
                        1773,
                        72
                    ],
                    [
                        1761,
                        56
                    ],
                    [
                        1749,
                        55
                    ],
                    [
                        1736,
                        61
                    ],
                    [
                        1724,
                        59
                    ],
                    [
                        1720,
                        41
                    ],
                    [
                        1718,
                        27
                    ],
                    [
                        1718,
                        9
                    ],
                    [
                        1707,
                        2
                    ],
                    [
                        1700,
                        1
                    ]
                ],
                "interior": []
            }
        },
        {
            "id": 498639623,
            "classId": 1663235,
            "description": "",
            "geometryType": "polygon",
            "labelerLogin": "kyn.emre",
            "createdAt": "2020-08-08T17:40:49.280Z",
            "updatedAt": "2020-08-08T17:40:49.280Z",
            "tags": [
                {
                    "id": 97536499,
                    "tagId": 28285097,
                    "name": "Cell_1",
                    "value": null,
                    "labelerLogin": "kyn.emre",
                    "createdAt": "2020-08-08T17:40:49.280Z",
                    "updatedAt": "2020-08-08T17:40:49.280Z"
                }
            ],
            "classTitle": "Cell",
            "points": {
                "exterior": [
                    [
                        160,
                        386
                    ],
                    [
                        190,
                        380
                    ],
                    [
                        224,
                        367
                    ],
                    [
                        263,
                        347
                    ],
                    [
                        272,
                        306
                    ],
                    [
                        292,
                        275
                    ],
                    [
                        279,
                        223
                    ],
                    [
                        251,
                        190
                    ],
                    [
                        229,
                        176
                    ],
                    [
                        181,
                        162
                    ],
                    [
                        117,
                        174
                    ],
                    [
                        72,
                        210
                    ],
                    [
                        46,
                        261
                    ],
                    [
                        60,
                        335
                    ],
                    [
                        92,
                        371
                    ],
                    [
                        128,
                        380
                    ]
                ],
                "interior": []
            }
        },
        {
            "id": 498639624,
            "classId": 1663235,
            "description": "",
            "geometryType": "polygon",
            "labelerLogin": "kyn.emre",
            "createdAt": "2020-08-08T17:40:49.280Z",
            "updatedAt": "2020-08-08T17:40:49.280Z",
            "tags": [
                {
                    "id": 97536500,
                    "tagId": 28285098,
                    "name": "Cell_3",
                    "value": null,
                    "labelerLogin": "kyn.emre",
                    "createdAt": "2020-08-08T17:40:49.280Z",
                    "updatedAt": "2020-08-08T17:40:49.280Z"
                }
            ],
            "classTitle": "Cell",
            "points": {
                "exterior": [
                    [
                        2,
                        418
                    ],
                    [
                        24,
                        416
                    ],
                    [
                        37,
                        402
                    ],
                    [
                        63,
                        399
                    ],
                    [
                        84,
                        399
                    ],
                    [
                        88,
                        387
                    ],
                    [
                        107,
                        397
                    ],
                    [
                        120,
                        409
                    ],
                    [
                        158,
                        409
                    ],
                    [
                        159,
                        422
                    ],
                    [
                        155,
                        441
                    ],
                    [
                        163,
                        460
                    ],
                    [
                        193,
                        455
                    ],
                    [
                        179,
                        481
                    ],
                    [
                        182,
                        505
                    ],
                    [
                        189,
                        535
                    ],
                    [
                        181,
                        574
                    ],
                    [
                        166,
                        601
                    ],
                    [
                        171,
                        620
                    ],
                    [
                        161,
                        643
                    ],
                    [
                        148,
                        677
                    ],
                    [
                        135,
                        686
                    ],
                    [
                        113,
                        662
                    ],
                    [
                        77,
                        661
                    ],
                    [
                        61,
                        663
                    ],
                    [
                        43,
                        655
                    ],
                    [
                        23,
                        650
                    ],
                    [
                        2,
                        648
                    ]
                ],
                "interior": []
            }
        },
        {
            "id": 498639625,
            "classId": 1663235,
            "description": "",
            "geometryType": "polygon",
            "labelerLogin": "kyn.emre",
            "createdAt": "2020-08-08T17:40:49.280Z",
            "updatedAt": "2020-08-08T17:40:49.280Z",
            "tags": [
                {
                    "id": 97536501,
                    "tagId": 28285099,
                    "name": "Cell_4",
                    "value": null,
                    "labelerLogin": "kyn.emre",
                    "createdAt": "2020-08-08T17:40:49.280Z",
                    "updatedAt": "2020-08-08T17:40:49.280Z"
                }
            ],
            "classTitle": "Cell",
            "points": {
                "exterior": [
                    [
                        1,
                        650
                    ],
                    [
                        29,
                        653
                    ],
                    [
                        42,
                        655
                    ],
                    [
                        59,
                        664
                    ],
                    [
                        72,
                        676
                    ],
                    [
                        86,
                        690
                    ],
                    [
                        102,
                        698
                    ],
                    [
                        126,
                        698
                    ],
                    [
                        130,
                        712
                    ],
                    [
                        136,
                        723
                    ],
                    [
                        153,
                        732
                    ],
                    [
                        161,
                        742
                    ],
                    [
                        158,
                        754
                    ],
                    [
                        164,
                        766
                    ],
                    [
                        180,
                        769
                    ],
                    [
                        173,
                        782
                    ],
                    [
                        170,
                        803
                    ],
                    [
                        153,
                        821
                    ],
                    [
                        142,
                        835
                    ],
                    [
                        150,
                        858
                    ],
                    [
                        143,
                        876
                    ],
                    [
                        119,
                        884
                    ],
                    [
                        113,
                        901
                    ],
                    [
                        107,
                        917
                    ],
                    [
                        108,
                        926
                    ],
                    [
                        79,
                        947
                    ],
                    [
                        63,
                        955
                    ],
                    [
                        50,
                        956
                    ],
                    [
                        39,
                        954
                    ],
                    [
                        23,
                        955
                    ],
                    [
                        12,
                        962
                    ],
                    [
                        5,
                        967
                    ],
                    [
                        1,
                        969
                    ]
                ],
                "interior": []
            }
        },
        {
            "id": 498639626,
            "classId": 1663235,
            "description": "",
            "geometryType": "polygon",
            "labelerLogin": "kyn.emre",
            "createdAt": "2020-08-08T17:40:49.280Z",
            "updatedAt": "2020-08-10T14:12:35.841Z",
            "tags": [
                {
                    "id": 97536502,
                    "tagId": 28285100,
                    "name": "Cell_9",
                    "value": null,
                    "labelerLogin": "kyn.emre",
                    "createdAt": "2020-08-08T17:40:49.280Z",
                    "updatedAt": "2020-08-08T17:40:49.280Z"
                }
            ],
            "classTitle": "Cell",
            "points": {
                "exterior": [
                    [
                        2550,
                        720
                    ],
                    [
                        2533,
                        725
                    ],
                    [
                        2519,
                        738
                    ],
                    [
                        2504,
                        736
                    ],
                    [
                        2492,
                        736
                    ],
                    [
                        2480,
                        738
                    ],
                    [
                        2473,
                        733
                    ],
                    [
                        2460,
                        727
                    ],
                    [
                        2459,
                        746
                    ],
                    [
                        2463,
                        770
                    ],
                    [
                        2468,
                        788
                    ],
                    [
                        2473,
                        816
                    ],
                    [
                        2483,
                        824
                    ],
                    [
                        2481,
                        839
                    ],
                    [
                        2483,
                        855
                    ],
                    [
                        2480,
                        870
                    ],
                    [
                        2495,
                        893
                    ],
                    [
                        2516,
                        915
                    ],
                    [
                        2536,
                        934
                    ],
                    [
                        2549,
                        947
                    ],
                    [
                        2568,
                        952
                    ],
                    [
                        2568,
                        719
                    ]
                ],
                "interior": []
            }
        }
    ]
}