{
    "description": "",
    "tags": [
        {
            "id": 85748994,
            "tagId": 28285101,
            "name": "Frame",
            "value": 34,
            "labelerLogin": "kyn.emre",
            "createdAt": "2020-08-08T17:40:49.280Z",
            "updatedAt": "2020-08-08T17:40:49.280Z"
        }
    ],
    "size": {
        "height": 1912,
        "width": 2568
    },
    "objects": [
        {
            "id": 498639636,
            "classId": 1663235,
            "description": "",
            "geometryType": "polygon",
            "labelerLogin": "kyn.emre",
            "createdAt": "2020-08-08T17:40:49.280Z",
            "updatedAt": "2020-08-08T17:40:49.280Z",
            "tags": [
                {
                    "id": 97536512,
                    "tagId": 28285092,
                    "name": "Cell_6",
                    "value": null,
                    "labelerLogin": "kyn.emre",
                    "createdAt": "2020-08-08T17:40:49.280Z",
                    "updatedAt": "2020-08-08T17:40:49.280Z"
                }
            ],
            "classTitle": "Cell",
            "points": {
                "exterior": [
                    [
                        1519,
                        1627
                    ],
                    [
                        1546,
                        1649
                    ],
                    [
                        1583,
                        1659
                    ],
                    [
                        1614,
                        1666
                    ],
                    [
                        1633,
                        1665
                    ],
                    [
                        1650,
                        1665
                    ],
                    [
                        1655,
                        1673
                    ],
                    [
                        1674,
                        1673
                    ],
                    [
                        1683,
                        1673
                    ],
                    [
                        1701,
                        1673
                    ],
                    [
                        1711,
                        1671
                    ],
                    [
                        1715,
                        1660
                    ],
                    [
                        1714,
                        1646
                    ],
                    [
                        1718,
                        1635
                    ],
                    [
                        1724,
                        1618
                    ],
                    [
                        1734,
                        1605
                    ],
                    [
                        1750,
                        1594
                    ],
                    [
                        1751,
                        1584
                    ],
                    [
                        1749,
                        1578
                    ],
                    [
                        1757,
                        1573
                    ],
                    [
                        1774,
                        1561
                    ],
                    [
                        1768,
                        1545
                    ],
                    [
                        1767,
                        1536
                    ],
                    [
                        1773,
                        1525
                    ],
                    [
                        1773,
                        1518
                    ],
                    [
                        1769,
                        1510
                    ],
                    [
                        1754,
                        1508
                    ],
                    [
                        1739,
                        1513
                    ],
                    [
                        1738,
                        1500
                    ],
                    [
                        1734,
                        1489
                    ],
                    [
                        1712,
                        1481
                    ],
                    [
                        1696,
                        1475
                    ],
                    [
                        1696,
                        1464
                    ],
                    [
                        1681,
                        1449
                    ],
                    [
                        1667,
                        1448
                    ],
                    [
                        1651,
                        1448
                    ],
                    [
                        1632,
                        1443
                    ],
                    [
                        1609,
                        1446
                    ],
                    [
                        1575,
                        1455
                    ],
                    [
                        1548,
                        1465
                    ],
                    [
                        1530,
                        1477
                    ],
                    [
                        1513,
                        1501
                    ],
                    [
                        1498,
                        1521
                    ],
                    [
                        1491,
                        1533
                    ],
                    [
                        1483,
                        1542
                    ],
                    [
                        1492,
                        1550
                    ],
                    [
                        1487,
                        1558
                    ],
                    [
                        1478,
                        1567
                    ],
                    [
                        1485,
                        1579
                    ],
                    [
                        1492,
                        1583
                    ],
                    [
                        1494,
                        1592
                    ],
                    [
                        1500,
                        1601
                    ],
                    [
                        1498,
                        1612
                    ],
                    [
                        1509,
                        1620
                    ]
                ],
                "interior": []
            }
        },
        {
            "id": 498639637,
            "classId": 1663235,
            "description": "",
            "geometryType": "polygon",
            "labelerLogin": "kyn.emre",
            "createdAt": "2020-08-08T17:40:49.280Z",
            "updatedAt": "2020-08-08T17:40:49.280Z",
            "tags": [
                {
                    "id": 97536513,
                    "tagId": 28285093,
                    "name": "Cell_5",
                    "value": null,
                    "labelerLogin": "kyn.emre",
                    "createdAt": "2020-08-08T17:40:49.280Z",
                    "updatedAt": "2020-08-08T17:40:49.280Z"
                }
            ],
            "classTitle": "Cell",
            "points": {
                "exterior": [
                    [
                        902,
                        1734
                    ],
                    [
                        945,
                        1724
                    ],
                    [
                        961,
                        1697
                    ],
                    [
                        966,
                        1687
                    ],
                    [
                        988,
                        1689
                    ],
                    [
                        999,
                        1680
                    ],
                    [
                        1013,
                        1674
                    ],
                    [
                        1032,
                        1676
                    ],
                    [
                        1062,
                        1664
                    ],
                    [
                        1081,
                        1654
                    ],
                    [
                        1089,
                        1625
                    ],
                    [
                        1087,
                        1612
                    ],
                    [
                        1083,
                        1593
                    ],
                    [
                        1084,
                        1584
                    ],
                    [
                        1069,
                        1569
                    ],
                    [
                        1060,
                        1558
                    ],
                    [
                        1046,
                        1549
                    ],
                    [
                        1039,
                        1543
                    ],
                    [
                        1046,
                        1526
                    ],
                    [
                        1046,
                        1509
                    ],
                    [
                        1046,
                        1493
                    ],
                    [
                        1038,
                        1485
                    ],
                    [
                        1035,
                        1473
                    ],
                    [
                        1040,
                        1459
                    ],
                    [
                        1045,
                        1432
                    ],
                    [
                        1031,
                        1423
                    ],
                    [
                        1019,
                        1415
                    ],
                    [
                        1009,
                        1411
                    ],
                    [
                        989,
                        1410
                    ],
                    [
                        983,
                        1404
                    ],
                    [
                        974,
                        1387
                    ],
                    [
                        958,
                        1384
                    ],
                    [
                        949,
                        1384
                    ],
                    [
                        933,
                        1378
                    ],
                    [
                        925,
                        1375
                    ],
                    [
                        909,
                        1363
                    ],
                    [
                        909,
                        1352
                    ],
                    [
                        895,
                        1353
                    ],
                    [
                        883,
                        1361
                    ],
                    [
                        871,
                        1361
                    ],
                    [
                        858,
                        1347
                    ],
                    [
                        844,
                        1340
                    ],
                    [
                        820,
                        1342
                    ],
                    [
                        815,
                        1363
                    ],
                    [
                        803,
                        1366
                    ],
                    [
                        775,
                        1363
                    ],
                    [
                        728,
                        1383
                    ],
                    [
                        714,
                        1403
                    ],
                    [
                        698,
                        1422
                    ],
                    [
                        680,
                        1432
                    ],
                    [
                        663,
                        1445
                    ],
                    [
                        650,
                        1461
                    ],
                    [
                        639,
                        1482
                    ],
                    [
                        639,
                        1500
                    ],
                    [
                        626,
                        1520
                    ],
                    [
                        622,
                        1539
                    ],
                    [
                        624,
                        1559
                    ],
                    [
                        616,
                        1578
                    ],
                    [
                        624,
                        1606
                    ],
                    [
                        638,
                        1618
                    ],
                    [
                        657,
                        1624
                    ],
                    [
                        659,
                        1638
                    ],
                    [
                        669,
                        1658
                    ],
                    [
                        687,
                        1657
                    ],
                    [
                        705,
                        1665
                    ],
                    [
                        729,
                        1670
                    ],
                    [
                        754,
                        1681
                    ],
                    [
                        763,
                        1686
                    ],
                    [
                        771,
                        1699
                    ],
                    [
                        784,
                        1707
                    ],
                    [
                        815,
                        1727
                    ],
                    [
                        859,
                        1731
                    ],
                    [
                        880,
                        1734
                    ]
                ],
                "interior": []
            }
        },
        {
            "id": 498639638,
            "classId": 1663235,
            "description": "",
            "geometryType": "polygon",
            "labelerLogin": "kyn.emre",
            "createdAt": "2020-08-08T17:40:49.280Z",
            "updatedAt": "2020-08-08T17:40:49.280Z",
            "tags": [
                {
                    "id": 97536514,
                    "tagId": 28285094,
                    "name": "Cell_7",
                    "value": null,
                    "labelerLogin": "kyn.emre",
                    "createdAt": "2020-08-08T17:40:49.280Z",
                    "updatedAt": "2020-08-08T17:40:49.280Z"
                }
            ],
            "classTitle": "Cell",
            "points": {
                "exterior": [
                    [
                        1797,
                        816
                    ],
                    [
                        1799,
                        798
                    ],
                    [
                        1803,
                        784
                    ],
                    [
                        1804,
                        768
                    ],
                    [
                        1793,
                        751
                    ],
                    [
                        1777,
                        732
                    ],
                    [
                        1773,
                        702
                    ],
                    [
                        1773,
                        681
                    ],
                    [
                        1783,
                        660
                    ],
                    [
                        1795,
                        650
                    ],
                    [
                        1811,
                        640
                    ],
                    [
                        1820,
                        636
                    ],
                    [
                        1821,
                        626
                    ],
                    [
                        1834,
                        618
                    ],
                    [
                        1824,
                        616
                    ],
                    [
                        1811,
                        609
                    ],
                    [
                        1781,
                        586
                    ],
                    [
                        1773,
                        571
                    ],
                    [
                        1762,
                        550
                    ],
                    [
                        1762,
                        534
                    ],
                    [
                        1761,
                        521
                    ],
                    [
                        1759,
                        505
                    ],
                    [
                        1740,
                        500
                    ],
                    [
                        1722,
                        497
                    ],
                    [
                        1711,
                        499
                    ],
                    [
                        1672,
                        512
                    ],
                    [
                        1647,
                        507
                    ],
                    [
                        1634,
                        505
                    ],
                    [
                        1619,
                        502
                    ],
                    [
                        1609,
                        514
                    ],
                    [
                        1590,
                        514
                    ],
                    [
                        1564,
                        520
                    ],
                    [
                        1553,
                        533
                    ],
                    [
                        1542,
                        542
                    ],
                    [
                        1538,
                        561
                    ],
                    [
                        1528,
                        563
                    ],
                    [
                        1516,
                        571
                    ],
                    [
                        1509,
                        584
                    ],
                    [
                        1498,
                        589
                    ],
                    [
                        1490,
                        600
                    ],
                    [
                        1492,
                        617
                    ],
                    [
                        1496,
                        641
                    ],
                    [
                        1496,
                        655
                    ],
                    [
                        1489,
                        676
                    ],
                    [
                        1495,
                        694
                    ],
                    [
                        1515,
                        699
                    ],
                    [
                        1538,
                        706
                    ],
                    [
                        1548,
                        720
                    ],
                    [
                        1564,
                        749
                    ],
                    [
                        1574,
                        780
                    ],
                    [
                        1584,
                        800
                    ],
                    [
                        1603,
                        825
                    ],
                    [
                        1617,
                        837
                    ],
                    [
                        1636,
                        845
                    ],
                    [
                        1655,
                        856
                    ],
                    [
                        1691,
                        860
                    ],
                    [
                        1704,
                        859
                    ],
                    [
                        1709,
                        838
                    ],
                    [
                        1728,
                        829
                    ],
                    [
                        1744,
                        825
                    ],
                    [
                        1772,
                        825
                    ],
                    [
                        1785,
                        824
                    ]
                ],
                "interior": []
            }
        },
        {
            "id": 498639639,
            "classId": 1663235,
            "description": "",
            "geometryType": "polygon",
            "labelerLogin": "kyn.emre",
            "createdAt": "2020-08-08T17:40:49.280Z",
            "updatedAt": "2020-08-08T17:40:49.280Z",
            "tags": [
                {
                    "id": 97536515,
                    "tagId": 28285095,
                    "name": "Cell_2",
                    "value": null,
                    "labelerLogin": "kyn.emre",
                    "createdAt": "2020-08-08T17:40:49.280Z",
                    "updatedAt": "2020-08-08T17:40:49.280Z"
                }
            ],
            "classTitle": "Cell",
            "points": {
                "exterior": [
                    [
                        541,
                        917
                    ],
                    [
                        561,
                        919
                    ],
                    [
                        568,
                        906
                    ],
                    [
                        576,
                        896
                    ],
                    [
                        595,
                        902
                    ],
                    [
                        607,
                        896
                    ],
                    [
                        630,
                        888
                    ],
                    [
                        643,
                        882
                    ],
                    [
                        643,
                        868
                    ],
                    [
                        660,
                        865
                    ],
                    [
                        678,
                        845
                    ],
                    [
                        694,
                        815
                    ],
                    [
                        707,
                        787
                    ],
                    [
                        704,
                        763
                    ],
                    [
                        722,
                        757
                    ],
                    [
                        709,
                        733
                    ],
                    [
                        718,
                        712
                    ],
                    [
                        722,
                        704
                    ],
                    [
                        696,
                        704
                    ],
                    [
                        689,
                        700
                    ],
                    [
                        673,
                        682
                    ],
                    [
                        661,
                        666
                    ],
                    [
                        655,
                        659
                    ],
                    [
                        652,
                        639
                    ],
                    [
                        638,
                        628
                    ],
                    [
                        630,
                        642
                    ],
                    [
                        610,
                        642
                    ],
                    [
                        603,
                        634
                    ],
                    [
                        595,
                        621
                    ],
                    [
                        593,
                        607
                    ],
                    [
                        577,
                        617
                    ],
                    [
                        568,
                        632
                    ],
                    [
                        554,
                        625
                    ],
                    [
                        543,
                        613
                    ],
                    [
                        535,
                        604
                    ],
                    [
                        524,
                        614
                    ],
                    [
                        517,
                        629
                    ],
                    [
                        507,
                        640
                    ],
                    [
                        489,
                        641
                    ],
                    [
                        464,
                        650
                    ],
                    [
                        456,
                        642
                    ],
                    [
                        450,
                        657
                    ],
                    [
                        449,
                        673
                    ],
                    [
                        449,
                        698
                    ],
                    [
                        447,
                        718
                    ],
                    [
                        432,
                        724
                    ],
                    [
                        427,
                        734
                    ],
                    [
                        432,
                        751
                    ],
                    [
                        435,
                        771
                    ],
                    [
                        441,
                        788
                    ],
                    [
                        452,
                        807
                    ],
                    [
                        453,
                        826
                    ],
                    [
                        465,
                        841
                    ],
                    [
                        480,
                        847
                    ],
                    [
                        492,
                        862
                    ],
                    [
                        502,
                        868
                    ],
                    [
                        507,
                        874
                    ],
                    [
                        507,
                        882
                    ],
                    [
                        503,
                        894
                    ],
                    [
                        512,
                        909
                    ],
                    [
                        527,
                        911
                    ]
                ],
                "interior": []
            }
        },
        {
            "id": 498639640,
            "classId": 1663235,
            "description": "",
            "geometryType": "polygon",
            "labelerLogin": "kyn.emre",
            "createdAt": "2020-08-08T17:40:49.280Z",
            "updatedAt": "2020-08-08T17:40:49.280Z",
            "tags": [
                {
                    "id": 97536516,
                    "tagId": 28285096,
                    "name": "Cell_8",
                    "value": null,
                    "labelerLogin": "kyn.emre",
                    "createdAt": "2020-08-08T17:40:49.280Z",
                    "updatedAt": "2020-08-08T17:40:49.280Z"
                }
            ],
            "classTitle": "Cell",
            "points": {
                "exterior": [
                    [
                        1540,
                        368
                    ],
                    [
                        1579,
                        366
                    ],
                    [
                        1603,
                        379
                    ],
                    [
                        1634,
                        389
                    ],
                    [
                        1652,
                        400
                    ],
                    [
                        1674,
                        397
                    ],
                    [
                        1707,
                        407
                    ],
                    [
                        1745,
                        408
                    ],
                    [
                        1778,
                        402
                    ],
                    [
                        1802,
                        379
                    ],
                    [
                        1816,
                        354
                    ],
                    [
                        1834,
                        315
                    ],
                    [
                        1854,
                        284
                    ],
                    [
                        1865,
                        254
                    ],
                    [
                        1860,
                        235
                    ],
                    [
                        1851,
                        227
                    ],
                    [
                        1861,
                        207
                    ],
                    [
                        1867,
                        186
                    ],
                    [
                        1868,
                        165
                    ],
                    [
                        1863,
                        149
                    ],
                    [
                        1855,
                        123
                    ],
                    [
                        1846,
                        99
                    ],
                    [
                        1838,
                        80
                    ],
                    [
                        1826,
                        55
                    ],
                    [
                        1811,
                        36
                    ],
                    [
                        1798,
                        33
                    ],
                    [
                        1773,
                        32
                    ],
                    [
                        1733,
                        32
                    ],
                    [
                        1708,
                        33
                    ],
                    [
                        1690,
                        33
                    ],
                    [
                        1676,
                        11
                    ],
                    [
                        1672,
                        2
                    ],
                    [
                        1552,
                        1
                    ],
                    [
                        1542,
                        15
                    ],
                    [
                        1520,
                        24
                    ],
                    [
                        1498,
                        43
                    ],
                    [
                        1479,
                        51
                    ],
                    [
                        1470,
                        71
                    ],
                    [
                        1459,
                        101
                    ],
                    [
                        1464,
                        134
                    ],
                    [
                        1478,
                        154
                    ],
                    [
                        1491,
                        166
                    ],
                    [
                        1472,
                        179
                    ],
                    [
                        1450,
                        212
                    ],
                    [
                        1444,
                        250
                    ],
                    [
                        1441,
                        283
                    ],
                    [
                        1469,
                        301
                    ],
                    [
                        1494,
                        325
                    ],
                    [
                        1512,
                        332
                    ],
                    [
                        1539,
                        341
                    ]
                ],
                "interior": []
            }
        },
        {
            "id": 498639641,
            "classId": 1663235,
            "description": "",
            "geometryType": "polygon",
            "labelerLogin": "kyn.emre",
            "createdAt": "2020-08-08T17:40:49.280Z",
            "updatedAt": "2020-08-08T17:40:49.280Z",
            "tags": [
                {
                    "id": 97536517,
                    "tagId": 28285097,
                    "name": "Cell_1",
                    "value": null,
                    "labelerLogin": "kyn.emre",
                    "createdAt": "2020-08-08T17:40:49.280Z",
                    "updatedAt": "2020-08-08T17:40:49.280Z"
                }
            ],
            "classTitle": "Cell",
            "points": {
                "exterior": [
                    [
                        126,
                        378
                    ],
                    [
                        173,
                        366
                    ],
                    [
                        211,
                        351
                    ],
                    [
                        231,
                        325
                    ],
                    [
                        245,
                        283
                    ],
                    [
                        250,
                        246
                    ],
                    [
                        243,
                        204
                    ],
                    [
                        223,
                        174
                    ],
                    [
                        196,
                        155
                    ],
                    [
                        159,
                        142
                    ],
                    [
                        126,
                        137
                    ],
                    [
                        64,
                        161
                    ],
                    [
                        44,
                        189
                    ],
                    [
                        31,
                        185
                    ],
                    [
                        17,
                        187
                    ],
                    [
                        8,
                        201
                    ],
                    [
                        2,
                        212
                    ],
                    [
                        0,
                        230
                    ],
                    [
                        14,
                        241
                    ],
                    [
                        13,
                        253
                    ],
                    [
                        5,
                        263
                    ],
                    [
                        16,
                        301
                    ],
                    [
                        46,
                        341
                    ],
                    [
                        83,
                        361
                    ]
                ],
                "interior": []
            }
        },
        {
            "id": 498639642,
            "classId": 1663235,
            "description": "",
            "geometryType": "polygon",
            "labelerLogin": "kyn.emre",
            "createdAt": "2020-08-08T17:40:49.280Z",
            "updatedAt": "2020-08-08T17:40:49.280Z",
            "tags": [
                {
                    "id": 97536518,
                    "tagId": 28285098,
                    "name": "Cell_3",
                    "value": null,
                    "labelerLogin": "kyn.emre",
                    "createdAt": "2020-08-08T17:40:49.280Z",
                    "updatedAt": "2020-08-08T17:40:49.280Z"
                }
            ],
            "classTitle": "Cell",
            "points": {
                "exterior": [
                    [
                        0,
                        668
                    ],
                    [
                        16,
                        668
                    ],
                    [
                        33,
                        678
                    ],
                    [
                        55,
                        676
                    ],
                    [
                        86,
                        682
                    ],
                    [
                        87,
                        694
                    ],
                    [
                        111,
                        692
                    ],
                    [
                        126,
                        694
                    ],
                    [
                        142,
                        700
                    ],
                    [
                        161,
                        705
                    ],
                    [
                        179,
                        698
                    ],
                    [
                        182,
                        679
                    ],
                    [
                        172,
                        664
                    ],
                    [
                        178,
                        648
                    ],
                    [
                        192,
                        633
                    ],
                    [
                        201,
                        628
                    ],
                    [
                        215,
                        612
                    ],
                    [
                        210,
                        596
                    ],
                    [
                        210,
                        571
                    ],
                    [
                        226,
                        551
                    ],
                    [
                        248,
                        541
                    ],
                    [
                        260,
                        532
                    ],
                    [
                        249,
                        512
                    ],
                    [
                        236,
                        490
                    ],
                    [
                        217,
                        480
                    ],
                    [
                        208,
                        479
                    ],
                    [
                        211,
                        452
                    ],
                    [
                        210,
                        434
                    ],
                    [
                        184,
                        432
                    ],
                    [
                        174,
                        414
                    ],
                    [
                        167,
                        404
                    ],
                    [
                        143,
                        407
                    ],
                    [
                        133,
                        408
                    ],
                    [
                        116,
                        406
                    ],
                    [
                        105,
                        391
                    ],
                    [
                        95,
                        382
                    ],
                    [
                        86,
                        381
                    ],
                    [
                        74,
                        385
                    ],
                    [
                        73,
                        394
                    ],
                    [
                        52,
                        402
                    ],
                    [
                        45,
                        398
                    ],
                    [
                        35,
                        393
                    ],
                    [
                        21,
                        399
                    ],
                    [
                        0,
                        402
                    ]
                ],
                "interior": []
            }
        },
        {
            "id": 498639643,
            "classId": 1663235,
            "description": "",
            "geometryType": "polygon",
            "labelerLogin": "kyn.emre",
            "createdAt": "2020-08-08T17:40:49.280Z",
            "updatedAt": "2020-08-08T17:40:49.280Z",
            "tags": [
                {
                    "id": 97536519,
                    "tagId": 28285099,
                    "name": "Cell_4",
                    "value": null,
                    "labelerLogin": "kyn.emre",
                    "createdAt": "2020-08-08T17:40:49.280Z",
                    "updatedAt": "2020-08-08T17:40:49.280Z"
                }
            ],
            "classTitle": "Cell",
            "points": {
                "exterior": [
                    [
                        1,
                        668
                    ],
                    [
                        9,
                        666
                    ],
                    [
                        23,
                        671
                    ],
                    [
                        30,
                        678
                    ],
                    [
                        50,
                        680
                    ],
                    [
                        71,
                        676
                    ],
                    [
                        83,
                        686
                    ],
                    [
                        96,
                        698
                    ],
                    [
                        122,
                        692
                    ],
                    [
                        137,
                        697
                    ],
                    [
                        159,
                        703
                    ],
                    [
                        182,
                        704
                    ],
                    [
                        207,
                        718
                    ],
                    [
                        219,
                        737
                    ],
                    [
                        224,
                        754
                    ],
                    [
                        220,
                        785
                    ],
                    [
                        207,
                        812
                    ],
                    [
                        194,
                        834
                    ],
                    [
                        180,
                        846
                    ],
                    [
                        177,
                        862
                    ],
                    [
                        165,
                        886
                    ],
                    [
                        139,
                        887
                    ],
                    [
                        121,
                        891
                    ],
                    [
                        111,
                        895
                    ],
                    [
                        109,
                        918
                    ],
                    [
                        99,
                        934
                    ],
                    [
                        76,
                        944
                    ],
                    [
                        60,
                        965
                    ],
                    [
                        49,
                        975
                    ],
                    [
                        43,
                        972
                    ],
                    [
                        16,
                        971
                    ],
                    [
                        2,
                        965
                    ]
                ],
                "interior": []
            }
        },
        {
            "id": 498639644,
            "classId": 1663235,
            "description": "",
            "geometryType": "polygon",
            "labelerLogin": "kyn.emre",
            "createdAt": "2020-08-08T17:40:49.280Z",
            "updatedAt": "2020-08-08T17:40:49.280Z",
            "tags": [
                {
                    "id": 97536520,
                    "tagId": 28285100,
                    "name": "Cell_9",
                    "value": null,
                    "labelerLogin": "kyn.emre",
                    "createdAt": "2020-08-08T17:40:49.280Z",
                    "updatedAt": "2020-08-08T17:40:49.280Z"
                }
            ],
            "classTitle": "Cell",
            "points": {
                "exterior": [
                    [
                        2565,
                        684
                    ],
                    [
                        2543,
                        686
                    ],
                    [
                        2524,
                        705
                    ],
                    [
                        2497,
                        712
                    ],
                    [
                        2485,
                        716
                    ],
                    [
                        2468,
                        716
                    ],
                    [
                        2446,
                        724
                    ],
                    [
                        2435,
                        751
                    ],
                    [
                        2445,
                        771
                    ],
                    [
                        2425,
                        781
                    ],
                    [
                        2411,
                        787
                    ],
                    [
                        2424,
                        812
                    ],
                    [
                        2443,
                        832
                    ],
                    [
                        2451,
                        856
                    ],
                    [
                        2468,
                        864
                    ],
                    [
                        2467,
                        881
                    ],
                    [
                        2486,
                        901
                    ],
                    [
                        2508,
                        910
                    ],
                    [
                        2524,
                        928
                    ],
                    [
                        2548,
                        946
                    ],
                    [
                        2566,
                        953
                    ]
                ],
                "interior": []
            }
        }
    ]
}