{
    "description": "",
    "tags": [
        {
            "id": 85748997,
            "tagId": 28285101,
            "name": "Frame",
            "value": 28,
            "labelerLogin": "kyn.emre",
            "createdAt": "2020-08-08T17:40:49.280Z",
            "updatedAt": "2020-08-08T17:40:49.280Z"
        }
    ],
    "size": {
        "height": 1912,
        "width": 2568
    },
    "objects": [
        {
            "id": 498639627,
            "classId": 1663235,
            "description": "",
            "geometryType": "polygon",
            "labelerLogin": "kyn.emre",
            "createdAt": "2020-08-08T17:40:49.280Z",
            "updatedAt": "2020-08-10T14:36:17.590Z",
            "tags": [
                {
                    "id": 97536503,
                    "tagId": 28285092,
                    "name": "Cell_6",
                    "value": null,
                    "labelerLogin": "kyn.emre",
                    "createdAt": "2020-08-08T17:40:49.280Z",
                    "updatedAt": "2020-08-08T17:40:49.280Z"
                }
            ],
            "classTitle": "Cell",
            "points": {
                "exterior": [
                    [
                        1702,
                        1685
                    ],
                    [
                        1721,
                        1668
                    ],
                    [
                        1724,
                        1637
                    ],
                    [
                        1746,
                        1609
                    ],
                    [
                        1758,
                        1581
                    ],
                    [
                        1763,
                        1548
                    ],
                    [
                        1767,
                        1514
                    ],
                    [
                        1755,
                        1490
                    ],
                    [
                        1739,
                        1478
                    ],
                    [
                        1720,
                        1491
                    ],
                    [
                        1703,
                        1485
                    ],
                    [
                        1694,
                        1463
                    ],
                    [
                        1666,
                        1450
                    ],
                    [
                        1626,
                        1445
                    ],
                    [
                        1586,
                        1452
                    ],
                    [
                        1533,
                        1485
                    ],
                    [
                        1497,
                        1517
                    ],
                    [
                        1480,
                        1557
                    ],
                    [
                        1487,
                        1601
                    ],
                    [
                        1509,
                        1624
                    ],
                    [
                        1531,
                        1646
                    ],
                    [
                        1558,
                        1672
                    ],
                    [
                        1597,
                        1679
                    ],
                    [
                        1635,
                        1678
                    ],
                    [
                        1671,
                        1688
                    ]
                ],
                "interior": []
            }
        },
        {
            "id": 498639628,
            "classId": 1663235,
            "description": "",
            "geometryType": "polygon",
            "labelerLogin": "kyn.emre",
            "createdAt": "2020-08-08T17:40:49.280Z",
            "updatedAt": "2020-08-08T17:40:49.280Z",
            "tags": [
                {
                    "id": 97536504,
                    "tagId": 28285093,
                    "name": "Cell_5",
                    "value": null,
                    "labelerLogin": "kyn.emre",
                    "createdAt": "2020-08-08T17:40:49.280Z",
                    "updatedAt": "2020-08-08T17:40:49.280Z"
                }
            ],
            "classTitle": "Cell",
            "points": {
                "exterior": [
                    [
                        1062,
                        1663
                    ],
                    [
                        1062,
                        1624
                    ],
                    [
                        1045,
                        1600
                    ],
                    [
                        1038,
                        1574
                    ],
                    [
                        1034,
                        1547
                    ],
                    [
                        1025,
                        1522
                    ],
                    [
                        1027,
                        1508
                    ],
                    [
                        1025,
                        1483
                    ],
                    [
                        1029,
                        1454
                    ],
                    [
                        1019,
                        1431
                    ],
                    [
                        1009,
                        1403
                    ],
                    [
                        1000,
                        1384
                    ],
                    [
                        972,
                        1372
                    ],
                    [
                        953,
                        1372
                    ],
                    [
                        933,
                        1378
                    ],
                    [
                        922,
                        1378
                    ],
                    [
                        907,
                        1370
                    ],
                    [
                        885,
                        1358
                    ],
                    [
                        867,
                        1358
                    ],
                    [
                        857,
                        1360
                    ],
                    [
                        846,
                        1359
                    ],
                    [
                        832,
                        1356
                    ],
                    [
                        818,
                        1359
                    ],
                    [
                        809,
                        1368
                    ],
                    [
                        789,
                        1371
                    ],
                    [
                        763,
                        1378
                    ],
                    [
                        737,
                        1380
                    ],
                    [
                        717,
                        1392
                    ],
                    [
                        703,
                        1409
                    ],
                    [
                        701,
                        1422
                    ],
                    [
                        703,
                        1435
                    ],
                    [
                        694,
                        1443
                    ],
                    [
                        681,
                        1452
                    ],
                    [
                        666,
                        1465
                    ],
                    [
                        653,
                        1478
                    ],
                    [
                        652,
                        1495
                    ],
                    [
                        632,
                        1510
                    ],
                    [
                        628,
                        1519
                    ],
                    [
                        635,
                        1532
                    ],
                    [
                        638,
                        1546
                    ],
                    [
                        623,
                        1558
                    ],
                    [
                        612,
                        1567
                    ],
                    [
                        617,
                        1588
                    ],
                    [
                        627,
                        1598
                    ],
                    [
                        645,
                        1606
                    ],
                    [
                        663,
                        1617
                    ],
                    [
                        667,
                        1636
                    ],
                    [
                        659,
                        1652
                    ],
                    [
                        675,
                        1658
                    ],
                    [
                        692,
                        1666
                    ],
                    [
                        716,
                        1683
                    ],
                    [
                        732,
                        1688
                    ],
                    [
                        763,
                        1699
                    ],
                    [
                        779,
                        1695
                    ],
                    [
                        803,
                        1704
                    ],
                    [
                        828,
                        1715
                    ],
                    [
                        850,
                        1714
                    ],
                    [
                        868,
                        1723
                    ],
                    [
                        879,
                        1736
                    ],
                    [
                        908,
                        1724
                    ],
                    [
                        929,
                        1708
                    ],
                    [
                        943,
                        1694
                    ],
                    [
                        959,
                        1680
                    ],
                    [
                        987,
                        1664
                    ],
                    [
                        1010,
                        1659
                    ],
                    [
                        1025,
                        1664
                    ],
                    [
                        1043,
                        1665
                    ]
                ],
                "interior": []
            }
        },
        {
            "id": 498639629,
            "classId": 1663235,
            "description": "",
            "geometryType": "polygon",
            "labelerLogin": "kyn.emre",
            "createdAt": "2020-08-08T17:40:49.280Z",
            "updatedAt": "2020-08-10T14:41:55.864Z",
            "tags": [
                {
                    "id": 97536505,
                    "tagId": 28285094,
                    "name": "Cell_7",
                    "value": null,
                    "labelerLogin": "kyn.emre",
                    "createdAt": "2020-08-08T17:40:49.280Z",
                    "updatedAt": "2020-08-08T17:40:49.280Z"
                }
            ],
            "classTitle": "Cell",
            "points": {
                "exterior": [
                    [
                        1793,
                        791
                    ],
                    [
                        1785,
                        809
                    ],
                    [
                        1779,
                        826
                    ],
                    [
                        1762,
                        823
                    ],
                    [
                        1729,
                        823
                    ],
                    [
                        1707,
                        828
                    ],
                    [
                        1699,
                        834
                    ],
                    [
                        1688,
                        856
                    ],
                    [
                        1668,
                        856
                    ],
                    [
                        1658,
                        846
                    ],
                    [
                        1644,
                        838
                    ],
                    [
                        1619,
                        844
                    ],
                    [
                        1606,
                        841
                    ],
                    [
                        1602,
                        823
                    ],
                    [
                        1603,
                        811
                    ],
                    [
                        1610,
                        798
                    ],
                    [
                        1616,
                        782
                    ],
                    [
                        1607,
                        763
                    ],
                    [
                        1599,
                        745
                    ],
                    [
                        1585,
                        729
                    ],
                    [
                        1562,
                        698
                    ],
                    [
                        1537,
                        699
                    ],
                    [
                        1513,
                        702
                    ],
                    [
                        1507,
                        684
                    ],
                    [
                        1507,
                        670
                    ],
                    [
                        1516,
                        654
                    ],
                    [
                        1516,
                        639
                    ],
                    [
                        1506,
                        616
                    ],
                    [
                        1506,
                        598
                    ],
                    [
                        1509,
                        579
                    ],
                    [
                        1521,
                        568
                    ],
                    [
                        1528,
                        565
                    ],
                    [
                        1540,
                        565
                    ],
                    [
                        1563,
                        561
                    ],
                    [
                        1576,
                        550
                    ],
                    [
                        1595,
                        525
                    ],
                    [
                        1603,
                        508
                    ],
                    [
                        1623,
                        498
                    ],
                    [
                        1641,
                        498
                    ],
                    [
                        1650,
                        502
                    ],
                    [
                        1663,
                        517
                    ],
                    [
                        1680,
                        530
                    ],
                    [
                        1694,
                        530
                    ],
                    [
                        1707,
                        524
                    ],
                    [
                        1717,
                        518
                    ],
                    [
                        1729,
                        510
                    ],
                    [
                        1748,
                        512
                    ],
                    [
                        1757,
                        520
                    ],
                    [
                        1784,
                        556
                    ],
                    [
                        1810,
                        605
                    ],
                    [
                        1792,
                        642
                    ],
                    [
                        1766,
                        685
                    ],
                    [
                        1769,
                        730
                    ],
                    [
                        1788,
                        757
                    ],
                    [
                        1795,
                        770
                    ]
                ],
                "interior": []
            }
        },
        {
            "id": 498639630,
            "classId": 1663235,
            "description": "",
            "geometryType": "polygon",
            "labelerLogin": "kyn.emre",
            "createdAt": "2020-08-08T17:40:49.280Z",
            "updatedAt": "2020-08-08T17:40:49.280Z",
            "tags": [
                {
                    "id": 97536506,
                    "tagId": 28285095,
                    "name": "Cell_2",
                    "value": null,
                    "labelerLogin": "kyn.emre",
                    "createdAt": "2020-08-08T17:40:49.280Z",
                    "updatedAt": "2020-08-08T17:40:49.280Z"
                }
            ],
            "classTitle": "Cell",
            "points": {
                "exterior": [
                    [
                        546,
                        916
                    ],
                    [
                        571,
                        905
                    ],
                    [
                        595,
                        900
                    ],
                    [
                        631,
                        883
                    ],
                    [
                        665,
                        865
                    ],
                    [
                        690,
                        833
                    ],
                    [
                        702,
                        811
                    ],
                    [
                        724,
                        786
                    ],
                    [
                        714,
                        773
                    ],
                    [
                        707,
                        750
                    ],
                    [
                        716,
                        734
                    ],
                    [
                        720,
                        713
                    ],
                    [
                        708,
                        706
                    ],
                    [
                        693,
                        697
                    ],
                    [
                        686,
                        683
                    ],
                    [
                        674,
                        673
                    ],
                    [
                        666,
                        666
                    ],
                    [
                        660,
                        647
                    ],
                    [
                        642,
                        640
                    ],
                    [
                        631,
                        643
                    ],
                    [
                        597,
                        637
                    ],
                    [
                        576,
                        637
                    ],
                    [
                        545,
                        637
                    ],
                    [
                        515,
                        645
                    ],
                    [
                        496,
                        655
                    ],
                    [
                        477,
                        668
                    ],
                    [
                        461,
                        691
                    ],
                    [
                        454,
                        714
                    ],
                    [
                        448,
                        725
                    ],
                    [
                        434,
                        743
                    ],
                    [
                        429,
                        764
                    ],
                    [
                        429,
                        786
                    ],
                    [
                        438,
                        788
                    ],
                    [
                        451,
                        794
                    ],
                    [
                        455,
                        806
                    ],
                    [
                        461,
                        822
                    ],
                    [
                        470,
                        837
                    ],
                    [
                        484,
                        858
                    ],
                    [
                        500,
                        871
                    ],
                    [
                        518,
                        889
                    ],
                    [
                        530,
                        902
                    ]
                ],
                "interior": []
            }
        },
        {
            "id": 498639631,
            "classId": 1663235,
            "description": "",
            "geometryType": "polygon",
            "labelerLogin": "kyn.emre",
            "createdAt": "2020-08-08T17:40:49.280Z",
            "updatedAt": "2020-08-08T17:40:49.280Z",
            "tags": [
                {
                    "id": 97536507,
                    "tagId": 28285096,
                    "name": "Cell_8",
                    "value": null,
                    "labelerLogin": "kyn.emre",
                    "createdAt": "2020-08-08T17:40:49.280Z",
                    "updatedAt": "2020-08-08T17:40:49.280Z"
                }
            ],
            "classTitle": "Cell",
            "points": {
                "exterior": [
                    [
                        1678,
                        388
                    ],
                    [
                        1699,
                        386
                    ],
                    [
                        1724,
                        378
                    ],
                    [
                        1763,
                        366
                    ],
                    [
                        1793,
                        338
                    ],
                    [
                        1820,
                        316
                    ],
                    [
                        1830,
                        290
                    ],
                    [
                        1846,
                        245
                    ],
                    [
                        1861,
                        215
                    ],
                    [
                        1871,
                        194
                    ],
                    [
                        1863,
                        172
                    ],
                    [
                        1858,
                        149
                    ],
                    [
                        1860,
                        111
                    ],
                    [
                        1849,
                        85
                    ],
                    [
                        1824,
                        43
                    ],
                    [
                        1808,
                        23
                    ],
                    [
                        1793,
                        27
                    ],
                    [
                        1767,
                        19
                    ],
                    [
                        1752,
                        10
                    ],
                    [
                        1736,
                        2
                    ],
                    [
                        1563,
                        0
                    ],
                    [
                        1548,
                        16
                    ],
                    [
                        1526,
                        26
                    ],
                    [
                        1504,
                        38
                    ],
                    [
                        1485,
                        52
                    ],
                    [
                        1472,
                        73
                    ],
                    [
                        1469,
                        92
                    ],
                    [
                        1466,
                        119
                    ],
                    [
                        1459,
                        138
                    ],
                    [
                        1467,
                        151
                    ],
                    [
                        1475,
                        166
                    ],
                    [
                        1457,
                        188
                    ],
                    [
                        1444,
                        200
                    ],
                    [
                        1443,
                        222
                    ],
                    [
                        1450,
                        257
                    ],
                    [
                        1464,
                        287
                    ],
                    [
                        1481,
                        312
                    ],
                    [
                        1506,
                        334
                    ],
                    [
                        1535,
                        352
                    ],
                    [
                        1563,
                        362
                    ],
                    [
                        1591,
                        373
                    ],
                    [
                        1624,
                        381
                    ],
                    [
                        1653,
                        390
                    ]
                ],
                "interior": []
            }
        },
        {
            "id": 498639632,
            "classId": 1663235,
            "description": "",
            "geometryType": "polygon",
            "labelerLogin": "kyn.emre",
            "createdAt": "2020-08-08T17:40:49.280Z",
            "updatedAt": "2020-08-08T17:40:49.280Z",
            "tags": [
                {
                    "id": 97536508,
                    "tagId": 28285097,
                    "name": "Cell_1",
                    "value": null,
                    "labelerLogin": "kyn.emre",
                    "createdAt": "2020-08-08T17:40:49.280Z",
                    "updatedAt": "2020-08-08T17:40:49.280Z"
                }
            ],
            "classTitle": "Cell",
            "points": {
                "exterior": [
                    [
                        133,
                        373
                    ],
                    [
                        180,
                        365
                    ],
                    [
                        217,
                        347
                    ],
                    [
                        246,
                        322
                    ],
                    [
                        270,
                        279
                    ],
                    [
                        267,
                        229
                    ],
                    [
                        254,
                        186
                    ],
                    [
                        237,
                        149
                    ],
                    [
                        218,
                        126
                    ],
                    [
                        197,
                        120
                    ],
                    [
                        163,
                        111
                    ],
                    [
                        115,
                        125
                    ],
                    [
                        85,
                        134
                    ],
                    [
                        55,
                        160
                    ],
                    [
                        33,
                        198
                    ],
                    [
                        27,
                        238
                    ],
                    [
                        27,
                        288
                    ],
                    [
                        58,
                        333
                    ],
                    [
                        100,
                        367
                    ]
                ],
                "interior": []
            }
        },
        {
            "id": 498639633,
            "classId": 1663235,
            "description": "",
            "geometryType": "polygon",
            "labelerLogin": "kyn.emre",
            "createdAt": "2020-08-08T17:40:49.280Z",
            "updatedAt": "2020-08-08T17:40:49.280Z",
            "tags": [
                {
                    "id": 97536509,
                    "tagId": 28285098,
                    "name": "Cell_3",
                    "value": null,
                    "labelerLogin": "kyn.emre",
                    "createdAt": "2020-08-08T17:40:49.280Z",
                    "updatedAt": "2020-08-08T17:40:49.280Z"
                }
            ],
            "classTitle": "Cell",
            "points": {
                "exterior": [
                    [
                        2,
                        406
                    ],
                    [
                        33,
                        398
                    ],
                    [
                        73,
                        391
                    ],
                    [
                        103,
                        376
                    ],
                    [
                        121,
                        395
                    ],
                    [
                        142,
                        410
                    ],
                    [
                        167,
                        406
                    ],
                    [
                        177,
                        420
                    ],
                    [
                        193,
                        432
                    ],
                    [
                        214,
                        438
                    ],
                    [
                        213,
                        453
                    ],
                    [
                        209,
                        475
                    ],
                    [
                        214,
                        488
                    ],
                    [
                        235,
                        498
                    ],
                    [
                        235,
                        517
                    ],
                    [
                        223,
                        536
                    ],
                    [
                        210,
                        546
                    ],
                    [
                        200,
                        554
                    ],
                    [
                        198,
                        577
                    ],
                    [
                        197,
                        602
                    ],
                    [
                        194,
                        616
                    ],
                    [
                        194,
                        632
                    ],
                    [
                        186,
                        648
                    ],
                    [
                        178,
                        657
                    ],
                    [
                        173,
                        673
                    ],
                    [
                        157,
                        680
                    ],
                    [
                        146,
                        692
                    ],
                    [
                        130,
                        687
                    ],
                    [
                        104,
                        674
                    ],
                    [
                        87,
                        665
                    ],
                    [
                        71,
                        662
                    ],
                    [
                        48,
                        662
                    ],
                    [
                        33,
                        662
                    ],
                    [
                        5,
                        665
                    ]
                ],
                "interior": []
            }
        },
        {
            "id": 498639634,
            "classId": 1663235,
            "description": "",
            "geometryType": "polygon",
            "labelerLogin": "kyn.emre",
            "createdAt": "2020-08-08T17:40:49.280Z",
            "updatedAt": "2020-08-08T17:40:49.280Z",
            "tags": [
                {
                    "id": 97536510,
                    "tagId": 28285099,
                    "name": "Cell_4",
                    "value": null,
                    "labelerLogin": "kyn.emre",
                    "createdAt": "2020-08-08T17:40:49.280Z",
                    "updatedAt": "2020-08-08T17:40:49.280Z"
                }
            ],
            "classTitle": "Cell",
            "points": {
                "exterior": [
                    [
                        2,
                        665
                    ],
                    [
                        57,
                        662
                    ],
                    [
                        93,
                        663
                    ],
                    [
                        132,
                        685
                    ],
                    [
                        149,
                        704
                    ],
                    [
                        169,
                        718
                    ],
                    [
                        188,
                        707
                    ],
                    [
                        199,
                        720
                    ],
                    [
                        203,
                        746
                    ],
                    [
                        214,
                        752
                    ],
                    [
                        216,
                        778
                    ],
                    [
                        200,
                        801
                    ],
                    [
                        196,
                        820
                    ],
                    [
                        192,
                        835
                    ],
                    [
                        191,
                        846
                    ],
                    [
                        178,
                        846
                    ],
                    [
                        178,
                        857
                    ],
                    [
                        171,
                        869
                    ],
                    [
                        143,
                        890
                    ],
                    [
                        131,
                        890
                    ],
                    [
                        102,
                        883
                    ],
                    [
                        96,
                        900
                    ],
                    [
                        97,
                        926
                    ],
                    [
                        90,
                        940
                    ],
                    [
                        77,
                        965
                    ],
                    [
                        57,
                        973
                    ],
                    [
                        42,
                        970
                    ],
                    [
                        30,
                        954
                    ],
                    [
                        13,
                        955
                    ],
                    [
                        0,
                        964
                    ]
                ],
                "interior": []
            }
        },
        {
            "id": 498639635,
            "classId": 1663235,
            "description": "",
            "geometryType": "polygon",
            "labelerLogin": "kyn.emre",
            "createdAt": "2020-08-08T17:40:49.280Z",
            "updatedAt": "2020-08-08T17:40:49.280Z",
            "tags": [
                {
                    "id": 97536511,
                    "tagId": 28285100,
                    "name": "Cell_9",
                    "value": null,
                    "labelerLogin": "kyn.emre",
                    "createdAt": "2020-08-08T17:40:49.280Z",
                    "updatedAt": "2020-08-08T17:40:49.280Z"
                }
            ],
            "classTitle": "Cell",
            "points": {
                "exterior": [
                    [
                        2567,
                        686
                    ],
                    [
                        2556,
                        692
                    ],
                    [
                        2538,
                        699
                    ],
                    [
                        2540,
                        707
                    ],
                    [
                        2535,
                        719
                    ],
                    [
                        2524,
                        723
                    ],
                    [
                        2511,
                        717
                    ],
                    [
                        2492,
                        715
                    ],
                    [
                        2468,
                        728
                    ],
                    [
                        2456,
                        750
                    ],
                    [
                        2466,
                        773
                    ],
                    [
                        2467,
                        792
                    ],
                    [
                        2463,
                        799
                    ],
                    [
                        2457,
                        813
                    ],
                    [
                        2457,
                        831
                    ],
                    [
                        2467,
                        844
                    ],
                    [
                        2471,
                        873
                    ],
                    [
                        2471,
                        898
                    ],
                    [
                        2492,
                        903
                    ],
                    [
                        2505,
                        916
                    ],
                    [
                        2514,
                        930
                    ],
                    [
                        2531,
                        946
                    ],
                    [
                        2548,
                        962
                    ],
                    [
                        2562,
                        973
                    ],
                    [
                        2567,
                        974
                    ]
                ],
                "interior": []
            }
        }
    ]
}