{
    "description": "",
    "tags": [
        {
            "id": 85749003,
            "tagId": 28285101,
            "name": "Frame",
            "value": 3,
            "labelerLogin": "kyn.emre",
            "createdAt": "2020-08-08T17:40:49.280Z",
            "updatedAt": "2020-08-08T17:40:49.280Z"
        }
    ],
    "size": {
        "height": 1912,
        "width": 2568
    },
    "objects": [
        {
            "id": 498639591,
            "classId": 1663235,
            "description": "",
            "geometryType": "polygon",
            "labelerLogin": "kyn.emre",
            "createdAt": "2020-08-08T17:40:49.280Z",
            "updatedAt": "2020-08-08T17:40:49.280Z",
            "tags": [
                {
                    "id": 97536467,
                    "tagId": 28285092,
                    "name": "Cell_6",
                    "value": null,
                    "labelerLogin": "kyn.emre",
                    "createdAt": "2020-08-08T17:40:49.280Z",
                    "updatedAt": "2020-08-08T17:40:49.280Z"
                }
            ],
            "classTitle": "Cell",
            "points": {
                "exterior": [
                    [
                        1633,
                        1683
                    ],
                    [
                        1685,
                        1662
                    ],
                    [
                        1707,
                        1625
                    ],
                    [
                        1709,
                        1573
                    ],
                    [
                        1683,
                        1524
                    ],
                    [
                        1650,
                        1494
                    ],
                    [
                        1609,
                        1490
                    ],
                    [
                        1560,
                        1501
                    ],
                    [
                        1530,
                        1538
                    ],
                    [
                        1517,
                        1574
                    ],
                    [
                        1523,
                        1612
                    ],
                    [
                        1537,
                        1640
                    ],
                    [
                        1568,
                        1664
                    ],
                    [
                        1594,
                        1679
                    ]
                ],
                "interior": []
            }
        },
        {
            "id": 498639592,
            "classId": 1663235,
            "description": "",
            "geometryType": "polygon",
            "labelerLogin": "kyn.emre",
            "createdAt": "2020-08-08T17:40:49.280Z",
            "updatedAt": "2020-08-08T17:40:49.280Z",
            "tags": [
                {
                    "id": 97536468,
                    "tagId": 28285093,
                    "name": "Cell_5",
                    "value": null,
                    "labelerLogin": "kyn.emre",
                    "createdAt": "2020-08-08T17:40:49.280Z",
                    "updatedAt": "2020-08-08T17:40:49.280Z"
                }
            ],
            "classTitle": "Cell",
            "points": {
                "exterior": [
                    [
                        752,
                        1510
                    ],
                    [
                        731,
                        1549
                    ],
                    [
                        729,
                        1593
                    ],
                    [
                        761,
                        1641
                    ],
                    [
                        794,
                        1662
                    ],
                    [
                        836,
                        1670
                    ],
                    [
                        877,
                        1662
                    ],
                    [
                        891,
                        1646
                    ],
                    [
                        905,
                        1632
                    ],
                    [
                        927,
                        1627
                    ],
                    [
                        939,
                        1617
                    ],
                    [
                        941,
                        1599
                    ],
                    [
                        946,
                        1586
                    ],
                    [
                        944,
                        1574
                    ],
                    [
                        942,
                        1561
                    ],
                    [
                        937,
                        1547
                    ],
                    [
                        930,
                        1538
                    ],
                    [
                        912,
                        1531
                    ],
                    [
                        897,
                        1522
                    ],
                    [
                        893,
                        1510
                    ],
                    [
                        881,
                        1500
                    ],
                    [
                        860,
                        1492
                    ],
                    [
                        836,
                        1485
                    ],
                    [
                        816,
                        1482
                    ],
                    [
                        783,
                        1487
                    ]
                ],
                "interior": []
            }
        },
        {
            "id": 498639593,
            "classId": 1663235,
            "description": "",
            "geometryType": "polygon",
            "labelerLogin": "kyn.emre",
            "createdAt": "2020-08-08T17:40:49.280Z",
            "updatedAt": "2020-08-08T17:40:49.280Z",
            "tags": [
                {
                    "id": 97536469,
                    "tagId": 28285094,
                    "name": "Cell_7",
                    "value": null,
                    "labelerLogin": "kyn.emre",
                    "createdAt": "2020-08-08T17:40:49.280Z",
                    "updatedAt": "2020-08-08T17:40:49.280Z"
                }
            ],
            "classTitle": "Cell",
            "points": {
                "exterior": [
                    [
                        1633,
                        760
                    ],
                    [
                        1680,
                        757
                    ],
                    [
                        1718,
                        734
                    ],
                    [
                        1733,
                        709
                    ],
                    [
                        1740,
                        678
                    ],
                    [
                        1737,
                        644
                    ],
                    [
                        1719,
                        619
                    ],
                    [
                        1698,
                        597
                    ],
                    [
                        1669,
                        587
                    ],
                    [
                        1637,
                        578
                    ],
                    [
                        1615,
                        581
                    ],
                    [
                        1590,
                        579
                    ],
                    [
                        1571,
                        576
                    ],
                    [
                        1562,
                        580
                    ],
                    [
                        1561,
                        591
                    ],
                    [
                        1561,
                        608
                    ],
                    [
                        1567,
                        626
                    ],
                    [
                        1562,
                        643
                    ],
                    [
                        1560,
                        686
                    ],
                    [
                        1580,
                        722
                    ],
                    [
                        1605,
                        744
                    ]
                ],
                "interior": []
            }
        },
        {
            "id": 498639594,
            "classId": 1663235,
            "description": "",
            "geometryType": "polygon",
            "labelerLogin": "kyn.emre",
            "createdAt": "2020-08-08T17:40:49.280Z",
            "updatedAt": "2020-08-08T17:40:49.280Z",
            "tags": [
                {
                    "id": 97536470,
                    "tagId": 28285095,
                    "name": "Cell_2",
                    "value": null,
                    "labelerLogin": "kyn.emre",
                    "createdAt": "2020-08-08T17:40:49.280Z",
                    "updatedAt": "2020-08-08T17:40:49.280Z"
                }
            ],
            "classTitle": "Cell",
            "points": {
                "exterior": [
                    [
                        658,
                        844
                    ],
                    [
                        682,
                        807
                    ],
                    [
                        690,
                        771
                    ],
                    [
                        692,
                        743
                    ],
                    [
                        676,
                        718
                    ],
                    [
                        663,
                        692
                    ],
                    [
                        649,
                        676
                    ],
                    [
                        640,
                        666
                    ],
                    [
                        613,
                        648
                    ],
                    [
                        594,
                        640
                    ],
                    [
                        573,
                        648
                    ],
                    [
                        555,
                        642
                    ],
                    [
                        546,
                        642
                    ],
                    [
                        528,
                        655
                    ],
                    [
                        519,
                        658
                    ],
                    [
                        497,
                        660
                    ],
                    [
                        486,
                        668
                    ],
                    [
                        490,
                        690
                    ],
                    [
                        496,
                        708
                    ],
                    [
                        488,
                        727
                    ],
                    [
                        484,
                        752
                    ],
                    [
                        480,
                        788
                    ],
                    [
                        496,
                        817
                    ],
                    [
                        514,
                        838
                    ],
                    [
                        535,
                        851
                    ],
                    [
                        560,
                        859
                    ],
                    [
                        593,
                        867
                    ],
                    [
                        629,
                        857
                    ]
                ],
                "interior": []
            }
        },
        {
            "id": 498639595,
            "classId": 1663235,
            "description": "",
            "geometryType": "polygon",
            "labelerLogin": "kyn.emre",
            "createdAt": "2020-08-08T17:40:49.280Z",
            "updatedAt": "2020-08-08T17:40:49.280Z",
            "tags": [
                {
                    "id": 97536471,
                    "tagId": 28285096,
                    "name": "Cell_8",
                    "value": null,
                    "labelerLogin": "kyn.emre",
                    "createdAt": "2020-08-08T17:40:49.280Z",
                    "updatedAt": "2020-08-08T17:40:49.280Z"
                }
            ],
            "classTitle": "Cell",
            "points": {
                "exterior": [
                    [
                        1587,
                        243
                    ],
                    [
                        1625,
                        260
                    ],
                    [
                        1677,
                        255
                    ],
                    [
                        1711,
                        232
                    ],
                    [
                        1736,
                        206
                    ],
                    [
                        1736,
                        168
                    ],
                    [
                        1730,
                        138
                    ],
                    [
                        1720,
                        110
                    ],
                    [
                        1692,
                        91
                    ],
                    [
                        1668,
                        78
                    ],
                    [
                        1633,
                        73
                    ],
                    [
                        1597,
                        73
                    ],
                    [
                        1589,
                        86
                    ],
                    [
                        1571,
                        105
                    ],
                    [
                        1570,
                        121
                    ],
                    [
                        1555,
                        137
                    ],
                    [
                        1545,
                        154
                    ],
                    [
                        1543,
                        175
                    ],
                    [
                        1551,
                        197
                    ],
                    [
                        1567,
                        225
                    ]
                ],
                "interior": []
            }
        },
        {
            "id": 498639596,
            "classId": 1663235,
            "description": "",
            "geometryType": "polygon",
            "labelerLogin": "kyn.emre",
            "createdAt": "2020-08-08T17:40:49.280Z",
            "updatedAt": "2020-08-08T17:40:49.280Z",
            "tags": [
                {
                    "id": 97536472,
                    "tagId": 28285097,
                    "name": "Cell_1",
                    "value": null,
                    "labelerLogin": "kyn.emre",
                    "createdAt": "2020-08-08T17:40:49.280Z",
                    "updatedAt": "2020-08-08T17:40:49.280Z"
                }
            ],
            "classTitle": "Cell",
            "points": {
                "exterior": [
                    [
                        159,
                        389
                    ],
                    [
                        185,
                        380
                    ],
                    [
                        212,
                        365
                    ],
                    [
                        232,
                        355
                    ],
                    [
                        252,
                        335
                    ],
                    [
                        262,
                        306
                    ],
                    [
                        263,
                        275
                    ],
                    [
                        250,
                        242
                    ],
                    [
                        234,
                        215
                    ],
                    [
                        211,
                        200
                    ],
                    [
                        195,
                        180
                    ],
                    [
                        171,
                        173
                    ],
                    [
                        144,
                        179
                    ],
                    [
                        115,
                        167
                    ],
                    [
                        81,
                        171
                    ],
                    [
                        71,
                        189
                    ],
                    [
                        64,
                        199
                    ],
                    [
                        64,
                        213
                    ],
                    [
                        63,
                        234
                    ],
                    [
                        58,
                        267
                    ],
                    [
                        57,
                        305
                    ],
                    [
                        79,
                        339
                    ],
                    [
                        99,
                        357
                    ],
                    [
                        135,
                        380
                    ]
                ],
                "interior": []
            }
        },
        {
            "id": 498639597,
            "classId": 1663235,
            "description": "",
            "geometryType": "polygon",
            "labelerLogin": "kyn.emre",
            "createdAt": "2020-08-08T17:40:49.280Z",
            "updatedAt": "2020-08-08T17:40:49.280Z",
            "tags": [
                {
                    "id": 97536473,
                    "tagId": 28285098,
                    "name": "Cell_3",
                    "value": null,
                    "labelerLogin": "kyn.emre",
                    "createdAt": "2020-08-08T17:40:49.280Z",
                    "updatedAt": "2020-08-08T17:40:49.280Z"
                }
            ],
            "classTitle": "Cell",
            "points": {
                "exterior": [
                    [
                        0,
                        633
                    ],
                    [
                        45,
                        637
                    ],
                    [
                        84,
                        629
                    ],
                    [
                        116,
                        613
                    ],
                    [
                        136,
                        583
                    ],
                    [
                        152,
                        559
                    ],
                    [
                        160,
                        527
                    ],
                    [
                        154,
                        484
                    ],
                    [
                        120,
                        459
                    ],
                    [
                        66,
                        449
                    ],
                    [
                        26,
                        449
                    ],
                    [
                        0,
                        463
                    ]
                ],
                "interior": []
            }
        },
        {
            "id": 498639598,
            "classId": 1663235,
            "description": "",
            "geometryType": "polygon",
            "labelerLogin": "kyn.emre",
            "createdAt": "2020-08-08T17:40:49.280Z",
            "updatedAt": "2020-08-08T17:40:49.280Z",
            "tags": [
                {
                    "id": 97536474,
                    "tagId": 28285099,
                    "name": "Cell_4",
                    "value": null,
                    "labelerLogin": "kyn.emre",
                    "createdAt": "2020-08-08T17:40:49.280Z",
                    "updatedAt": "2020-08-08T17:40:49.280Z"
                }
            ],
            "classTitle": "Cell",
            "points": {
                "exterior": [
                    [
                        11,
                        698
                    ],
                    [
                        37,
                        686
                    ],
                    [
                        61,
                        702
                    ],
                    [
                        82,
                        716
                    ],
                    [
                        109,
                        718
                    ],
                    [
                        132,
                        733
                    ],
                    [
                        145,
                        748
                    ],
                    [
                        149,
                        770
                    ],
                    [
                        147,
                        793
                    ],
                    [
                        145,
                        812
                    ],
                    [
                        136,
                        841
                    ],
                    [
                        131,
                        860
                    ],
                    [
                        120,
                        872
                    ],
                    [
                        100,
                        884
                    ],
                    [
                        97,
                        905
                    ],
                    [
                        93,
                        934
                    ],
                    [
                        85,
                        952
                    ],
                    [
                        64,
                        957
                    ],
                    [
                        47,
                        959
                    ],
                    [
                        38,
                        959
                    ],
                    [
                        18,
                        959
                    ],
                    [
                        0,
                        963
                    ],
                    [
                        0,
                        697
                    ],
                    [
                        0,
                        696
                    ]
                ],
                "interior": []
            }
        },
        {
            "id": 498639599,
            "classId": 1663235,
            "description": "",
            "geometryType": "polygon",
            "labelerLogin": "kyn.emre",
            "createdAt": "2020-08-08T17:40:49.280Z",
            "updatedAt": "2020-08-10T14:44:50.717Z",
            "tags": [
                {
                    "id": 97536475,
                    "tagId": 28285100,
                    "name": "Cell_9",
                    "value": null,
                    "labelerLogin": "kyn.emre",
                    "createdAt": "2020-08-08T17:40:49.280Z",
                    "updatedAt": "2020-08-08T17:40:49.280Z"
                }
            ],
            "classTitle": "Cell",
            "points": {
                "exterior": [
                    [
                        2567,
                        765
                    ],
                    [
                        2546,
                        777
                    ],
                    [
                        2533,
                        793
                    ],
                    [
                        2525,
                        821
                    ],
                    [
                        2527,
                        843
                    ],
                    [
                        2540,
                        872
                    ],
                    [
                        2554,
                        886
                    ],
                    [
                        2567,
                        893
                    ]
                ],
                "interior": []
            }
        }
    ]
}